300 184 0.05
-0.6000 -0.6000 -0.6000 -0.6000 -0.6000 -0.6000 -0.6000 -0.6000 -0.6000 -0.6021 -0.6083 -0.5831 -0.5408 -0.5000 -0.4610 -0.4243 -0.3905 -0.3606 -0.3354 -0.3162 -0.3041 -0.3000 -0.3000 -0.3000 -0.3000 -0.3000 -0.3000 -0.3000 -0.3000 -0.3000 -0.3000 -0.3000 -0.3000 -0.3000 -0.3000 -0.3000 -0.3000 -0.3000 -0.3000 -0.3000 -0.3000 -0.3000 -0.3000 -0.3041 -0.3000 -0.3000 -0.3000 -0.3000 -0.3000 -0.3000 -0.3000 -0.3000 -0.3000 -0.3041 -0.3162 -0.3354 -0.3606 -0.3905 -0.4243 -0.4610 -0.5000 -0.5408 -0.5831 -0.6265 -0.6708 -0.7159 -0.7433 -0.7106 -0.6801 -0.6519 -0.6103 -0.5701 -0.5315 -0.4950 -0.4610 -0.4243 -0.3905 -0.3606 -0.3354 -0.3162 -0.3041 -0.3000 -0.3000 -0.3041 -0.3041 -0.3000 -0.3000 -0.3000 -0.3000 -0.3000 -0.3000 -0.3000 -0.3000 -0.3000 -0.3000 -0.3000 -0.3000 -0.3000 -0.3000 -0.3000 -0.3000 -0.3000 -0.3000 -0.3041 -0.3162 -0.3041 -0.3000 -0.3041 -0.3041 -0.3000 -0.3000 -0.3000 -0.3041 -0.3162 -0.3354 -0.3606 -0.3905 -0.4243 -0.4610 -0.5000 -0.5408 -0.5831 -0.6000 -0.6000 -0.6000 -0.6000 -0.6021 -0.6021 -0.6000 -0.6000 -0.6021 -0.6021 -0.5657 -0.5315 -0.4950 -0.4610 -0.4301 -0.4031 -0.3808 -0.3640 -0.3536 -0.3354 -0.3162 -0.3041 -0.3000 -0.3000 -0.3041 -0.3162 -0.3354 -0.3606 -0.3905 -0.4031 -0.3808 -0.3640 -0.3536 -0.3500 -0.3500 -0.3500 -0.3500 -0.3500 -0.3500 -0.3500 -0.3500 -0.3500 -0.3500 -0.3500 -0.3500 -0.3500 -0.3500 -0.3500 -0.3500 -0.3500 -0.3536 -0.3640 -0.3808 -0.4031 -0.4272 -0.4472 -0.4717 -0.4924 -0.5148 -0.5408 -0.5701 -0.6021 -0.6364 -0.6727 -0.7071 -0.7433 -0.7810 -0.8078 -0.7616 -0.7159 -0.6708 -0.6265 -0.5831 -0.5408 -0.5000 -0.4610 -0.4243 -0.3905 -0.3606 -0.3354 -0.3162 -0.3041 -0.3000 -0.3000 -0.3000 -0.3000 -0.3000 -0.3000 -0.3041 -0.3162 -0.3354 -0.3500 -0.3500 -0.3500 -0.3500 -0.3500 -0.3500 -0.3500 -0.3500 -0.3354 -0.3162 -0.3041 -0.3000 -0.3000 -0.3000 -0.3000 -0.3000 -0.3000 -0.3000 -0.3000 -0.3041 -0.3162 -0.3354 -0.3606 -0.3905 -0.4243 -0.4610 -0.4950 -0.5315 -0.5701 -0.6000 -0.6000 -0.6000 -0.6000 -0.6000 -0.6000 -0.6000 -0.6000 -0.5701 -0.5315 -0.4950 -0.4610 -0.4243 -0.3905 -0.3606 -0.3354 -0.3162 -0.3041 -0.3000 -0.3000 -0.3000 -0.3000 -0.3000 -0.3000 -0.3000 -0.3000 -0.3000 -0.3000 -0.3000 -0.3000 -0.3000 -0.3000 -0.3000 -0.3000 -0.3000 -0.3000 -0.3000 -0.3000 -0.3000 -0.3000 -0.3000 -0.3000 -0.3000 -0.3000 -0.3000 -0.3000 -0.3000 -0.3000 -0.3000 -0.3000 -0.3041 -0.3162 -0.3354 -0.3606 -0.3905 -0.4243 -0.4610 -0.5000
-0.5500 -0.5500 -0.5500 -0.5500 -0.5500 -0.5500 -0.5500 -0.5500 -0.5500 -0.5523 -0.5590 -0.5590 -0.5148 -0.4717 -0.4301 -0.3905 -0.3536 -0.3202 -0.2915 -0.2693 -0.2550 -0.2500 -0.2500 -0.2500 -0.2500 -0.2500 -0.2500 -0.2500 -0.2500 -0.2500 -0.2500 -0.2500 -0.2500 -0.2500 -0.2500 -0.2500 -0.2500 -0.2500 -0.2500 -0.2500 -0.2500 -0.2500 -0.2500 -0.2550 -0.2500 -0.2500 -0.2500 -0.2500 -0.2500 -0.2500 -0.2500 -0.2500 -0.2500 -0.2550 -0.2693 -0.2915 -0.3202 -0.3536 -0.3905 -0.4301 -0.4717 -0.5148 -0.5590 -0.6042 -0.6500 -0.6946 -0.7071 -0.6727 -0.6403 -0.6103 -0.5831 -0.5408 -0.5000 -0.4610 -0.4243 -0.3905 -0.3536 -0.3202 -0.2915 -0.2693 -0.2550 -0.2500 -0.2500 -0.2550 -0.2550 -0.2500 -0.2500 -0.2500 -0.2500 -0.2500 -0.2500 -0.2500 -0.2500 -0.2500 -0.2500 -0.2500 -0.2500 -0.2500 -0.2500 -0.2500 -0.2500 -0.2500 -0.2500 -0.2550 -0.2693 -0.2550 -0.2500 -0.2550 -0.2550 -0.2500 -0.2500 -0.2500 -0.2550 -0.2693 -0.2915 -0.3202 -0.3536 -0.3905 -0.4301 -0.4717 -0.5148 -0.5500 -0.5500 -0.5500 -0.5500 -0.5500 -0.5523 -0.5523 -0.5500 -0.5500 -0.5523 -0.5590 -0.5315 -0.4950 -0.4610 -0.4243 -0.3905 -0.3606 -0.3354 -0.3162 -0.3041 -0.2915 -0.2693 -0.2550 -0.2500 -0.2500 -0.2550 -0.2693 -0.2915 -0.3202 -0.3536 -0.3606 -0.3354 -0.3162 -0.3041 -0.3000 -0.3000 -0.3000 -0.3000 -0.3000 -0.3000 -0.3000 -0.3000 -0.3000 -0.3000 -0.3000 -0.3000 -0.3000 -0.3000 -0.3000 -0.3000 -0.3000 -0.3041 -0.3162 -0.3354 -0.3606 -0.3808 -0.4031 -0.4272 -0.4472 -0.4717 -0.5000 -0.5315 -0.5657 -0.6021 -0.6364 -0.6727 -0.7106 -0.7500 -0.7906 -0.7433 -0.6964 -0.6500 -0.6042 -0.5590 -0.5148 -0.4717 -0.4301 -0.3905 -0.3536 -0.3202 -0.2915 -0.2693 -0.2550 -0.2500 -0.2500 -0.2500 -0.2500 -0.2500 -0.2500 -0.2550 -0.2693 -0.2915 -0.3000 -0.3000 -0.3000 -0.3000 -0.3000 -0.3000 -0.3000 -0.3000 -0.2915 -0.2693 -0.2550 -0.2500 -0.2500 -0.2500 -0.2500 -0.2500 -0.2500 -0.2500 -0.2500 -0.2550 -0.2693 -0.2915 -0.3202 -0.3536 -0.3905 -0.4243 -0.4610 -0.5000 -0.5408 -0.5500 -0.5500 -0.5500 -0.5500 -0.5500 -0.5500 -0.5500 -0.5500 -0.5408 -0.5000 -0.4610 -0.4243 -0.3905 -0.3536 -0.3202 -0.2915 -0.2693 -0.2550 -0.2500 -0.2500 -0.2500 -0.2500 -0.2500 -0.2500 -0.2500 -0.2500 -0.2500 -0.2500 -0.2500 -0.2500 -0.2500 -0.2500 -0.2500 -0.2500 -0.2500 -0.2500 -0.2500 -0.2500 -0.2500 -0.2500 -0.2500 -0.2500 -0.2500 -0.2500 -0.2500 -0.2500 -0.2500 -0.2500 -0.2500 -0.2500 -0.2550 -0.2693 -0.2915 -0.3202 -0.3536 -0.3905 -0.4301 -0.4717
-0.5000 -0.5000 -0.5000 -0.5000 -0.5000 -0.5000 -0.5000 -0.5000 -0.5000 -0.5025 -0.5099 -0.5099 -0.4924 -0.4472 -0.4031 -0.3606 -0.3202 -0.2828 -0.2500 -0.2236 -0.2062 -0.2000 -0.2000 -0.2000 -0.2000 -0.2000 -0.2000 -0.2000 -0.2000 -0.2000 -0.2000 -0.2000 -0.2000 -0.2000 -0.2000 -0.2000 -0.2000 -0.2000 -0.2000 -0.2000 -0.2000 -0.2000 -0.2000 -0.2062 -0.2000 -0.2000 -0.2000 -0.2000 -0.2000 -0.2000 -0.2000 -0.2000 -0.2000 -0.2062 -0.2236 -0.2500 -0.2828 -0.3202 -0.3606 -0.4031 -0.4472 -0.4924 -0.5385 -0.5831 -0.6265 -0.6708 -0.6727 -0.6364 -0.6021 -0.5701 -0.5408 -0.5148 -0.4717 -0.4301 -0.3905 -0.3536 -0.3202 -0.2828 -0.2500 -0.2236 -0.2062 -0.2000 -0.2000 -0.2062 -0.2062 -0.2000 -0.2000 -0.2000 -0.2000 -0.2000 -0.2000 -0.2000 -0.2000 -0.2000 -0.2000 -0.2000 -0.2000 -0.2000 -0.2000 -0.2000 -0.2000 -0.2000 -0.2000 -0.2062 -0.2236 -0.2062 -0.2000 -0.2062 -0.2062 -0.2000 -0.2000 -0.2000 -0.2062 -0.2236 -0.2500 -0.2828 -0.3202 -0.3606 -0.4031 -0.4472 -0.4924 -0.5000 -0.5000 -0.5000 -0.5000 -0.5000 -0.5025 -0.5025 -0.5000 -0.5000 -0.5025 -0.5099 -0.5000 -0.4610 -0.4243 -0.3905 -0.3536 -0.3202 -0.2915 -0.2693 -0.2550 -0.2500 -0.2236 -0.2062 -0.2000 -0.2000 -0.2062 -0.2236 -0.2500 -0.2828 -0.3202 -0.3162 -0.2915 -0.2693 -0.2550 -0.2500 -0.2500 -0.2500 -0.2500 -0.2500 -0.2500 -0.2500 -0.2500 -0.2500 -0.2500 -0.2500 -0.2500 -0.2500 -0.2500 -0.2500 -0.2500 -0.2500 -0.2550 -0.2693 -0.2915 -0.3162 -0.3354 -0.3606 -0.3808 -0.4031 -0.4301 -0.4610 -0.4950 -0.5315 -0.5657 -0.6021 -0.6403 -0.6801 -0.7211 -0.7632 -0.7280 -0.6801 -0.6325 -0.5852 -0.5385 -0.4924 -0.4472 -0.4031 -0.3606 -0.3202 -0.2828 -0.2500 -0.2236 -0.2062 -0.2000 -0.2000 -0.2000 -0.2000 -0.2000 -0.2000 -0.2062 -0.2236 -0.2500 -0.2500 -0.2500 -0.2500 -0.2500 -0.2500 -0.2500 -0.2500 -0.2500 -0.2500 -0.2236 -0.2062 -0.2000 -0.2000 -0.2000 -0.2000 -0.2000 -0.2000 -0.2000 -0.2000 -0.2062 -0.2236 -0.2500 -0.2828 -0.3202 -0.3536 -0.3905 -0.4301 -0.4717 -0.5000 -0.5000 -0.5000 -0.5000 -0.5000 -0.5000 -0.5000 -0.5000 -0.5000 -0.5000 -0.4717 -0.4301 -0.3905 -0.3536 -0.3202 -0.2828 -0.2500 -0.2236 -0.2062 -0.2000 -0.2000 -0.2000 -0.2000 -0.2000 -0.2000 -0.2000 -0.2000 -0.2000 -0.2000 -0.2000 -0.2000 -0.2000 -0.2000 -0.2000 -0.2000 -0.2000 -0.2000 -0.2000 -0.2000 -0.2000 -0.2000 -0.2000 -0.2000 -0.2000 -0.2000 -0.2000 -0.2000 -0.2000 -0.2000 -0.2000 -0.2000 -0.2062 -0.2236 -0.2500 -0.2828 -0.3202 -0.3606 -0.4031 -0.4472
-0.4500 -0.4500 -0.4500 -0.4500 -0.4500 -0.4500 -0.4500 -0.4500 -0.4500 -0.4528 -0.4610 -0.4610 -0.4528 -0.4272 -0.3808 -0.3354 -0.2915 -0.2500 -0.2121 -0.1803 -0.1581 -0.1500 -0.1500 -0.1500 -0.1500 -0.1500 -0.1500 -0.1500 -0.1500 -0.1500 -0.1500 -0.1500 -0.1500 -0.1500 -0.1500 -0.1500 -0.1500 -0.1500 -0.1500 -0.1500 -0.1500 -0.1500 -0.1500 -0.1581 -0.1500 -0.1500 -0.1500 -0.1500 -0.1500 -0.1500 -0.1500 -0.1500 -0.1500 -0.1581 -0.1803 -0.2121 -0.2500 -0.2915 -0.3354 -0.3808 -0.4272 -0.4717 -0.5148 -0.5590 -0.6042 -0.6500 -0.6403 -0.6021 -0.5657 -0.5315 -0.5000 -0.4717 -0.4472 -0.4031 -0.3606 -0.3202 -0.2828 -0.2500 -0.2121 -0.1803 -0.1581 -0.1500 -0.1500 -0.1581 -0.1581 -0.1500 -0.1500 -0.1500 -0.1500 -0.1500 -0.1500 -0.1500 -0.1500 -0.1500 -0.1500 -0.1500 -0.1500 -0.1500 -0.1500 -0.1500 -0.1500 -0.1500 -0.1500 -0.1581 -0.1803 -0.1581 -0.1500 -0.1581 -0.1581 -0.1500 -0.1500 -0.1500 -0.1581 -0.1803 -0.2121 -0.2500 -0.2915 -0.3354 -0.3808 -0.4272 -0.4500 -0.4500 -0.4500 -0.4500 -0.4500 -0.4500 -0.4528 -0.4528 -0.4500 -0.4500 -0.4528 -0.4610 -0.4610 -0.4301 -0.3905 -0.3536 -0.3202 -0.2828 -0.2500 -0.2236 -0.2062 -0.2000 -0.1803 -0.1581 -0.1500 -0.1500 -0.1581 -0.1803 -0.2121 -0.2500 -0.2915 -0.2693 -0.2500 -0.2236 -0.2062 -0.2000 -0.2000 -0.2000 -0.2000 -0.2000 -0.2000 -0.2000 -0.2000 -0.2000 -0.2000 -0.2000 -0.2000 -0.2000 -0.2000 -0.2000 -0.2000 -0.2000 -0.2062 -0.2236 -0.2500 -0.2693 -0.2915 -0.3162 -0.3354 -0.3606 -0.3905 -0.4243 -0.4610 -0.4950 -0.5315 -0.5701 -0.6103 -0.6519 -0.6946 -0.7382 -0.7159 -0.6671 -0.6185 -0.5701 -0.5220 -0.4743 -0.4272 -0.3808 -0.3354 -0.2915 -0.2500 -0.2121 -0.1803 -0.1581 -0.1500 -0.1500 -0.1500 -0.1500 -0.1500 -0.1500 -0.1581 -0.1803 -0.2000 -0.2000 -0.2000 -0.2000 -0.2000 -0.2000 -0.2000 -0.2000 -0.2000 -0.2000 -0.1803 -0.1581 -0.1500 -0.1500 -0.1500 -0.1500 -0.1500 -0.1500 -0.1500 -0.1500 -0.1581 -0.1803 -0.2121 -0.2500 -0.2828 -0.3202 -0.3606 -0.4031 -0.4472 -0.4500 -0.4500 -0.4500 -0.4500 -0.4500 -0.4500 -0.4500 -0.4500 -0.4500 -0.4500 -0.4472 -0.4031 -0.3606 -0.3202 -0.2828 -0.2500 -0.2121 -0.1803 -0.1581 -0.1500 -0.1500 -0.1500 -0.1500 -0.1500 -0.1500 -0.1500 -0.1500 -0.1500 -0.1500 -0.1500 -0.1500 -0.1500 -0.1500 -0.1500 -0.1500 -0.1500 -0.1500 -0.1500 -0.1500 -0.1500 -0.1500 -0.1500 -0.1500 -0.1500 -0.1500 -0.1500 -0.1500 -0.1500 -0.1500 -0.1500 -0.1500 -0.1581 -0.1803 -0.2121 -0.2500 -0.2915 -0.3354 -0.3808 -0.4272
-0.4000 -0.4000 -0.4000 -0.4000 -0.4000 -0.4000 -0.4000 -0.4000 -0.4000 -0.4031 -0.4123 -0.4123 -0.4031 -0.4000 -0.3640 -0.3162 -0.2693 -0.2236 -0.1803 -0.1414 -0.1118 -0.1000 -0.1000 -0.1000 -0.1000 -0.1000 -0.1000 -0.1000 -0.1000 -0.1000 -0.1000 -0.1000 -0.1000 -0.1000 -0.1000 -0.1000 -0.1000 -0.1000 -0.1000 -0.1000 -0.1000 -0.1000 -0.1000 -0.1118 -0.1000 -0.1000 -0.1000 -0.1000 -0.1000 -0.1000 -0.1000 -0.1000 -0.1000 -0.1118 -0.1414 -0.1803 -0.2236 -0.2693 -0.3162 -0.3606 -0.4031 -0.4472 -0.4924 -0.5385 -0.5852 -0.6000 -0.6000 -0.5701 -0.5315 -0.4950 -0.4610 -0.4301 -0.4031 -0.3808 -0.3354 -0.2915 -0.2500 -0.2121 -0.1803 -0.1414 -0.1118 -0.1000 -0.1000 -0.1118 -0.1118 -0.1000 -0.1000 -0.1000 -0.1000 -0.1000 -0.1000 -0.1000 -0.1000 -0.1000 -0.1000 -0.1000 -0.1000 -0.1000 -0.1000 -0.1000 -0.1000 -0.1000 -0.1000 -0.1118 -0.1414 -0.1118 -0.1000 -0.1118 -0.1118 -0.1000 -0.1000 -0.1000 -0.1118 -0.1414 -0.1803 -0.2236 -0.2693 -0.3162 -0.3640 -0.4000 -0.4000 -0.4000 -0.4000 -0.4000 -0.4000 -0.4000 -0.4031 -0.4031 -0.4000 -0.4000 -0.4031 -0.4123 -0.4123 -0.4031 -0.3606 -0.3202 -0.2828 -0.2500 -0.2121 -0.1803 -0.1581 -0.1500 -0.1414 -0.1118 -0.1000 -0.1000 -0.1118 -0.1414 -0.1803 -0.2236 -0.2500 -0.2236 -0.2062 -0.1803 -0.1581 -0.1500 -0.1500 -0.1500 -0.1500 -0.1500 -0.1500 -0.1500 -0.1500 -0.1500 -0.1500 -0.1500 -0.1500 -0.1500 -0.1500 -0.1500 -0.1500 -0.1500 -0.1581 -0.1803 -0.2062 -0.2236 -0.2500 -0.2693 -0.2915 -0.3202 -0.3536 -0.3905 -0.4243 -0.4610 -0.5000 -0.5408 -0.5831 -0.6265 -0.6708 -0.7159 -0.6946 -0.6576 -0.6083 -0.5590 -0.5099 -0.4610 -0.4123 -0.3640 -0.3162 -0.2693 -0.2236 -0.1803 -0.1414 -0.1118 -0.1000 -0.1000 -0.1000 -0.1000 -0.1000 -0.1000 -0.1118 -0.1414 -0.1500 -0.1500 -0.1500 -0.1500 -0.1500 -0.1500 -0.1500 -0.1500 -0.1500 -0.1500 -0.1414 -0.1118 -0.1000 -0.1000 -0.1000 -0.1000 -0.1000 -0.1000 -0.1000 -0.1000 -0.1118 -0.1414 -0.1803 -0.2121 -0.2500 -0.2915 -0.3354 -0.3808 -0.4000 -0.4000 -0.4000 -0.4000 -0.4000 -0.4000 -0.4000 -0.4000 -0.4000 -0.4000 -0.4000 -0.4000 -0.3808 -0.3354 -0.2915 -0.2500 -0.2121 -0.1803 -0.1414 -0.1118 -0.1000 -0.1000 -0.1000 -0.1000 -0.1000 -0.1000 -0.1000 -0.1000 -0.1000 -0.1000 -0.1000 -0.1000 -0.1000 -0.1000 -0.1000 -0.1000 -0.1000 -0.1000 -0.1000 -0.1000 -0.1000 -0.1000 -0.1000 -0.1000 -0.1000 -0.1000 -0.1000 -0.1000 -0.1000 -0.1000 -0.1000 -0.1000 -0.1118 -0.1414 -0.1803 -0.2236 -0.2693 -0.3162 -0.3640 -0.4123
-0.3500 -0.3500 -0.3500 -0.3500 -0.3500 -0.3500 -0.3500 -0.3500 -0.3500 -0.3536 -0.3640 -0.3640 -0.3536 -0.3500 -0.3500 -0.3041 -0.2550 -0.2062 -0.1581 -0.1118 -0.0707 -0.0500 -0.0500 -0.0500 -0.0500 -0.0500 -0.0500 -0.0500 -0.0500 -0.0500 -0.0500 -0.0500 -0.0500 -0.0500 -0.0500 -0.0500 -0.0500 -0.0500 -0.0500 -0.0500 -0.0500 -0.0500 -0.0500 -0.0707 -0.0500 -0.0500 -0.0500 -0.0500 -0.0500 -0.0500 -0.0500 -0.0500 -0.0500 -0.0707 -0.1118 -0.1581 -0.2062 -0.2500 -0.2915 -0.3354 -0.3808 -0.4272 -0.4743 -0.5220 -0.5500 -0.5500 -0.5500 -0.5408 -0.5000 -0.4610 -0.4243 -0.3905 -0.3606 -0.3354 -0.3162 -0.2693 -0.2236 -0.1803 -0.1414 -0.1118 -0.0707 -0.0500 -0.0500 -0.0707 -0.0707 -0.0500 -0.0500 -0.0500 -0.0500 -0.0500 -0.0500 -0.0500 -0.0500 -0.0500 -0.0500 -0.0500 -0.0500 -0.0500 -0.0500 -0.0500 -0.0500 -0.0500 -0.0500 -0.0707 -0.1118 -0.0707 -0.0500 -0.0707 -0.0707 -0.0500 -0.0500 -0.0500 -0.0707 -0.1118 -0.1581 -0.2062 -0.2550 -0.3041 -0.3500 -0.3500 -0.3500 -0.3500 -0.3500 -0.3500 -0.3500 -0.3500 -0.3536 -0.3536 -0.3500 -0.3500 -0.3536 -0.3640 -0.3640 -0.3536 -0.3354 -0.2915 -0.2500 -0.2121 -0.1803 -0.1414 -0.1118 -0.1000 -0.1000 -0.0707 -0.0500 -0.0500 -0.0707 -0.1118 -0.1581 -0.2000 -0.2000 -0.1803 -0.1581 -0.1414 -0.1118 -0.1000 -0.1000 -0.1000 -0.1000 -0.1000 -0.1000 -0.1000 -0.1000 -0.1000 -0.1000 -0.1000 -0.1000 -0.1000 -0.1000 -0.1000 -0.1000 -0.1000 -0.1118 -0.1414 -0.1581 -0.1803 -0.2062 -0.2236 -0.2500 -0.2828 -0.3202 -0.3536 -0.3905 -0.4301 -0.4717 -0.5148 -0.5590 -0.6042 -0.6500 -0.6801 -0.6519 -0.6265 -0.6021 -0.5523 -0.5025 -0.4528 -0.4031 -0.3536 -0.3041 -0.2550 -0.2062 -0.1581 -0.1118 -0.0707 -0.0500 -0.0500 -0.0500 -0.0500 -0.0500 -0.0500 -0.0707 -0.1000 -0.1000 -0.1000 -0.1000 -0.1000 -0.1000 -0.1000 -0.1000 -0.1000 -0.1000 -0.1000 -0.1000 -0.0707 -0.0500 -0.0500 -0.0500 -0.0500 -0.0500 -0.0500 -0.0500 -0.0500 -0.0707 -0.1118 -0.1414 -0.1803 -0.2236 -0.2693 -0.3162 -0.3500 -0.3500 -0.3500 -0.3500 -0.3500 -0.3500 -0.3500 -0.3500 -0.3500 -0.3500 -0.3500 -0.3500 -0.3500 -0.3500 -0.3162 -0.2693 -0.2236 -0.1803 -0.1414 -0.1118 -0.0707 -0.0500 -0.0500 -0.0500 -0.0500 -0.0500 -0.0500 -0.0500 -0.0500 -0.0500 -0.0500 -0.0500 -0.0500 -0.0500 -0.0500 -0.0500 -0.0500 -0.0500 -0.0500 -0.0500 -0.0500 -0.0500 -0.0500 -0.0500 -0.0500 -0.0500 -0.0500 -0.0500 -0.0500 -0.0500 -0.0500 -0.0500 -0.0500 -0.0707 -0.1118 -0.1581 -0.2062 -0.2550 -0.3041 -0.3536 -0.4031
-0.3000 -0.3000 -0.3000 -0.3000 -0.3000 -0.3000 -0.3000 -0.3000 -0.3000 -0.3041 -0.3162 -0.3162 -0.3041 -0.3000 -0.3000 -0.3000 -0.2500 -0.2000 -0.1500 -0.1000 -0.0500 0.0500 0.0500 0.0500 0.0500 0.0500 0.0500 0.0500 0.0500 0.0500 0.0500 0.0500 0.0500 0.0500 0.0500 0.0500 0.0500 0.0500 0.0500 0.0500 0.0500 0.0500 0.0500 -0.0500 0.0500 0.0500 0.0500 0.0500 0.0500 0.0500 0.0500 0.0500 0.0500 -0.0500 -0.1000 -0.1414 -0.1803 -0.2236 -0.2693 -0.3162 -0.3640 -0.4123 -0.4610 -0.5000 -0.5000 -0.5000 -0.5000 -0.5000 -0.4717 -0.4301 -0.3905 -0.3536 -0.3202 -0.2915 -0.2693 -0.2550 -0.2062 -0.1581 -0.1118 -0.0707 -0.0500 0.0500 0.0500 -0.0500 -0.0500 0.0500 0.0500 0.0500 0.0500 0.0500 0.0500 0.0500 0.0500 0.0500 0.0500 0.0500 0.0500 0.0500 0.0500 0.0500 0.0500 0.0500 0.0500 -0.0500 -0.0707 -0.0500 0.0500 -0.0500 -0.0500 0.0500 0.0500 0.0500 -0.0500 -0.1000 -0.1500 -0.2000 -0.2500 -0.3000 -0.3000 -0.3000 -0.3000 -0.3000 -0.3000 -0.3000 -0.3000 -0.3000 -0.3041 -0.3041 -0.3000 -0.3000 -0.3041 -0.3162 -0.3162 -0.3041 -0.3000 -0.2693 -0.2236 -0.1803 -0.1414 -0.1118 -0.0707 -0.0500 -0.0500 -0.0500 0.0500 0.0500 -0.0500 -0.1000 -0.1500 -0.1500 -0.1500 -0.1414 -0.1118 -0.1000 -0.0707 -0.0500 -0.0500 -0.0500 -0.0500 -0.0500 -0.0500 -0.0500 -0.0500 -0.0500 -0.0500 -0.0500 -0.0500 -0.0500 -0.0500 -0.0500 -0.0500 -0.0500 -0.0707 -0.1000 -0.1118 -0.1414 -0.1581 -0.1803 -0.2121 -0.2500 -0.2828 -0.3202 -0.3606 -0.4031 -0.4472 -0.4924 -0.5385 -0.5852 -0.6325 -0.6403 -0.6103 -0.5831 -0.5590 -0.5385 -0.5000 -0.4500 -0.4000 -0.3500 -0.3000 -0.2500 -0.2000 -0.1500 -0.1000 -0.0500 0.0500 0.0500 0.0500 0.0500 0.0500 0.0500 -0.0500 -0.0500 -0.0500 -0.0500 -0.0500 -0.0500 -0.0500 -0.0500 -0.0500 -0.0500 -0.0500 -0.0500 -0.0500 -0.0500 0.0500 0.0500 0.0500 0.0500 0.0500 0.0500 0.0500 0.0500 -0.0500 -0.0707 -0.1118 -0.1581 -0.2062 -0.2500 -0.2915 -0.3000 -0.3000 -0.3000 -0.3000 -0.3000 -0.3000 -0.3000 -0.3000 -0.3000 -0.3000 -0.3000 -0.3000 -0.3000 -0.3000 -0.3000 -0.2550 -0.2062 -0.1581 -0.1118 -0.0707 -0.0500 0.0500 0.0500 0.0500 0.0500 0.0500 0.0500 0.0500 0.0500 0.0500 0.0500 0.0500 0.0500 0.0500 0.0500 0.0500 0.0500 0.0500 0.0500 0.0500 0.0500 0.0500 0.0500 0.0500 0.0500 0.0500 0.0500 0.0500 0.0500 0.0500 0.0500 0.0500 0.0500 -0.0500 -0.1000 -0.1500 -0.2000 -0.2500 -0.2915 -0.3354 -0.3808
-0.2500 -0.2500 -0.2500 -0.2500 -0.2500 -0.2500 -0.2500 -0.2500 -0.2500 -0.2550 -0.2693 -0.2693 -0.2550 -0.2500 -0.2500 -0.2500 -0.2500 -0.2000 -0.1500 -0.1000 -0.0500 0.0500 0.1000 0.1000 0.1000 0.1000 0.1000 0.1000 0.1000 0.1000 0.1000 0.1000 0.1000 0.1000 0.1000 0.1000 0.1000 0.1000 0.1000 0.1000 0.1000 0.1000 0.0707 0.0500 0.0707 0.1000 0.1000 0.1000 0.1000 0.1000 0.1000 0.0500 -0.0500 -0.0500 -0.0707 -0.1118 -0.1581 -0.2062 -0.2550 -0.3041 -0.3536 -0.4031 -0.4500 -0.4500 -0.4500 -0.4500 -0.4500 -0.4500 -0.4472 -0.4031 -0.3606 -0.3202 -0.2828 -0.2500 -0.2236 -0.2062 -0.2000 -0.1500 -0.1000 -0.0500 0.0500 0.0707 0.0500 -0.0500 -0.0707 -0.0500 -0.0500 -0.0500 -0.0500 -0.0500 -0.0500 -0.0500 0.0500 0.1000 0.1000 0.1000 0.1000 0.1000 0.1000 0.1000 0.1000 0.0707 0.0500 0.0500 -0.0500 -0.0707 -0.0500 -0.0707 -0.0707 -0.0500 0.0500 0.0500 -0.0500 -0.1000 -0.1500 -0.2000 -0.2500 -0.2550 -0.2500 -0.2500 -0.2500 -0.2500 -0.2500 -0.2500 -0.2500 -0.2500 -0.2550 -0.2550 -0.2500 -0.2500 -0.2550 -0.2693 -0.2693 -0.2550 -0.2500 -0.2500 -0.2062 -0.1581 -0.1118 -0.0707 -0.0500 0.0500 0.0500 0.0500 0.0707 0.0500 -0.0500 -0.1000 -0.1118 -0.1000 -0.1000 -0.1000 -0.0707 -0.0500 -0.0500 0.0500 0.0500 0.0500 0.0500 0.0500 0.0500 0.0500 0.0500 0.0500 0.0500 0.0500 0.0500 0.0500 0.0500 0.0500 0.0500 0.0500 -0.0500 -0.0500 -0.0707 -0.1000 -0.1118 -0.1414 -0.1803 -0.2121 -0.2500 -0.2915 -0.3354 -0.3808 -0.4272 -0.4743 -0.5220 -0.5701 -0.6185 -0.6021 -0.5701 -0.5408 -0.5148 -0.4924 -0.4743 -0.4528 -0.4031 -0.3536 -0.3041 -0.2550 -0.2062 -0.1581 -0.1118 -0.0707 -0.0500 0.0500 0.0707 0.1000 0.1000 0.0707 0.0500 0.0500 0.0500 0.0500 0.0500 0.0500 0.0500 0.0500 0.0500 0.0500 0.0500 0.0500 0.0500 0.0500 0.0707 0.1000 0.1000 0.1000 0.1000 0.1000 0.1000 0.0707 0.0500 -0.0500 -0.1000 -0.1414 -0.1803 -0.2236 -0.2500 -0.2500 -0.2500 -0.2500 -0.2500 -0.2500 -0.2500 -0.2500 -0.2500 -0.2500 -0.2500 -0.2500 -0.2500 -0.2500 -0.2500 -0.2500 -0.2500 -0.2000 -0.1500 -0.1000 -0.0500 0.0500 0.0707 0.1000 0.1000 0.1000 0.1000 0.1000 0.1000 0.1000 0.1000 0.1000 0.1000 0.1000 0.1000 0.1000 0.1000 0.1000 0.1000 0.1000 0.1000 0.1000 0.1000 0.1000 0.1000 0.1000 0.1000 0.1000 0.1000 0.1000 0.1000 0.1000 0.0707 0.0500 -0.0500 -0.1000 -0.1414 -0.1803 -0.2236 -0.2693 -0.3162 -0.3606
-0.2000 -0.2000 -0.2000 -0.2000 -0.2000 -0.2000 -0.2000 -0.2000 -0.2000 -0.2062 -0.2236 -0.2236 -0.2062 -0.2000 -0.2000 -0.2000 -0.2000 -0.2000 -0.1500 -0.1000 -0.0500 0.0500 0.1000 0.1500 0.1500 0.1500 0.1500 0.1500 0.1500 0.1500 0.1500 0.1500 0.1500 0.1500 0.1500 0.1500 0.1500 0.1500 0.1500 0.1500 0.1500 0.1414 0.1118 0.1000 0.1118 0.1414 0.1500 0.1500 0.1500 0.1500 0.1118 0.0707 0.0500 0.0500 -0.0500 -0.1000 -0.1500 -0.2000 -0.2500 -0.3000 -0.3500 -0.4000 -0.4000 -0.4000 -0.4000 -0.4000 -0.4000 -0.4000 -0.4000 -0.3808 -0.3354 -0.2915 -0.2500 -0.2121 -0.1803 -0.1581 -0.1500 -0.1500 -0.1000 -0.0500 0.0500 0.0500 -0.0500 0.0500 -0.0500 -0.0500 0.0500 0.0500 0.0500 0.0500 0.0500 0.0500 0.0707 0.1118 0.1500 0.1500 0.1500 0.1500 0.1500 0.1500 0.1000 0.0500 -0.0500 -0.0500 -0.0707 -0.1118 -0.1000 -0.1118 -0.1118 -0.0707 -0.0500 -0.0500 -0.0707 -0.1118 -0.1581 -0.2062 -0.2236 -0.2062 -0.2000 -0.2000 -0.2000 -0.2000 -0.2000 -0.2000 -0.2000 -0.2000 -0.2062 -0.2062 -0.2000 -0.2000 -0.2062 -0.2236 -0.2236 -0.2062 -0.2000 -0.2062 -0.1803 -0.1414 -0.1000 -0.0500 0.0500 0.0707 0.1000 0.0707 0.0500 -0.0500 -0.0707 -0.1000 -0.0707 -0.0500 -0.0500 -0.0500 -0.0500 0.0500 0.0500 0.0707 0.1000 0.1000 0.1000 0.1000 0.1000 0.1000 0.1000 0.1000 0.1000 0.1000 0.1000 0.1000 0.1000 0.1000 0.1000 0.0707 0.0500 0.0500 -0.0500 -0.0500 -0.0707 -0.1118 -0.1414 -0.1803 -0.2236 -0.2693 -0.3162 -0.3640 -0.4123 -0.4610 -0.5099 -0.5590 -0.6021 -0.5657 -0.5315 -0.5000 -0.4717 -0.4472 -0.4272 -0.4123 -0.3905 -0.3536 -0.3162 -0.2693 -0.2236 -0.1803 -0.1414 -0.1118 -0.0707 -0.0500 0.0500 0.1000 0.1414 0.1118 0.1000 0.1000 0.1000 0.1000 0.1000 0.1000 0.1000 0.1000 0.1000 0.1000 0.1000 0.1000 0.1000 0.1000 0.1118 0.1414 0.1500 0.1500 0.1500 0.1500 0.1414 0.1000 0.0500 -0.0500 -0.0707 -0.1118 -0.1581 -0.2000 -0.2000 -0.2000 -0.2000 -0.2000 -0.2000 -0.2000 -0.2000 -0.2000 -0.2000 -0.2000 -0.2000 -0.2000 -0.2000 -0.2000 -0.2000 -0.2000 -0.2000 -0.2000 -0.1500 -0.1000 -0.0500 0.0500 0.1000 0.1414 0.1500 0.1500 0.1500 0.1500 0.1500 0.1500 0.1500 0.1500 0.1500 0.1500 0.1500 0.1500 0.1500 0.1500 0.1500 0.1500 0.1500 0.1500 0.1500 0.1500 0.1500 0.1500 0.1500 0.1500 0.1500 0.1500 0.1500 0.1000 0.0500 -0.0500 -0.0500 -0.0707 -0.1118 -0.1581 -0.2062 -0.2500 -0.2915 -0.3354
-0.1500 -0.1500 -0.1500 -0.1500 -0.1500 -0.1500 -0.1500 -0.1500 -0.1500 -0.1581 -0.1803 -0.1803 -0.1581 -0.1500 -0.1500 -0.1500 -0.1500 -0.1500 -0.1500 -0.1000 -0.0500 0.0500 0.1000 0.1500 0.2000 0.2000 0.2000 0.2000 0.2000 0.2000 0.2000 0.2000 0.2000 0.2000 0.2000 0.2000 0.2000 0.2000 0.2000 0.2000 0.2000 0.1803 0.1581 0.1500 0.1414 0.1118 0.1000 0.1118 0.1414 0.1803 0.1414 0.1118 0.1000 0.0500 -0.0500 -0.1000 -0.1500 -0.2000 -0.2500 -0.3000 -0.3500 -0.3500 -0.3500 -0.3500 -0.3500 -0.3500 -0.3500 -0.3500 -0.3500 -0.3500 -0.3162 -0.2693 -0.2236 -0.1803 -0.1414 -0.1118 -0.1000 -0.1118 -0.1000 -0.0500 0.0500 0.0707 0.0500 0.0707 0.0500 0.0500 0.0707 0.1000 0.1000 0.1000 0.1000 0.1000 0.1118 0.1414 0.1803 0.2000 0.2000 0.2000 0.2000 0.1500 0.1000 0.0500 -0.0500 -0.1000 -0.1000 -0.1118 -0.1118 -0.1000 -0.0707 -0.0500 -0.0500 -0.0707 -0.1118 -0.1414 -0.1803 -0.2000 -0.1803 -0.1581 -0.1500 -0.1500 -0.1500 -0.1500 -0.1500 -0.1500 -0.1500 -0.1500 -0.1581 -0.1581 -0.1500 -0.1500 -0.1581 -0.1803 -0.1803 -0.1581 -0.1500 -0.1581 -0.1581 -0.1118 -0.0707 -0.0500 0.0500 0.1000 0.0707 0.0500 -0.0500 -0.0707 -0.0707 -0.0500 -0.0500 0.0500 0.0500 0.0500 0.0500 0.0707 0.1000 0.1118 0.1414 0.1500 0.1500 0.1500 0.1500 0.1118 0.0707 0.0500 0.0500 0.0500 0.0500 0.0500 0.0500 0.0500 0.0500 0.0500 0.0500 0.0500 -0.0500 0.0500 -0.0500 -0.0707 -0.1118 -0.1581 -0.2062 -0.2550 -0.3041 -0.3536 -0.4031 -0.4528 -0.5025 -0.5523 -0.5701 -0.5315 -0.4950 -0.4610 -0.4301 -0.4031 -0.3808 -0.3640 -0.3536 -0.3202 -0.2828 -0.2500 -0.2236 -0.2062 -0.1803 -0.1414 -0.1000 -0.0500 0.0500 0.1000 0.1500 0.1581 0.1500 0.1500 0.1500 0.1500 0.1500 0.1500 0.1500 0.1500 0.1500 0.1500 0.1500 0.1500 0.1500 0.1500 0.1581 0.1803 0.2000 0.2000 0.2000 0.2000 0.1581 0.1118 0.0707 0.0500 -0.0500 -0.1000 -0.1500 -0.1500 -0.1500 -0.1500 -0.1500 -0.1500 -0.1500 -0.1500 -0.1500 -0.1500 -0.1500 -0.1500 -0.1500 -0.1500 -0.1500 -0.1500 -0.1500 -0.1500 -0.1500 -0.1500 -0.1500 -0.1000 -0.0500 0.0500 0.1000 0.1500 0.2000 0.2000 0.2000 0.2000 0.2000 0.2000 0.2000 0.2000 0.2000 0.2000 0.2000 0.2000 0.2000 0.2000 0.2000 0.2000 0.2000 0.2000 0.2000 0.2000 0.2000 0.2000 0.2000 0.2000 0.2000 0.2000 0.1581 0.1118 0.0707 0.0500 0.0500 -0.0500 -0.1000 -0.1414 -0.1803 -0.2236 -0.2693 -0.3000
-0.1000 -0.1000 -0.1000 -0.1000 -0.1000 -0.1000 -0.1000 -0.1000 -0.1000 -0.1118 -0.1414 -0.1414 -0.1118 -0.1000 -0.1000 -0.1000 -0.1000 -0.1000 -0.1000 -0.1000 -0.0500 0.0500 0.1000 0.1500 0.2000 0.2500 0.2500 0.2500 0.2500 0.2500 0.2500 0.2500 0.2500 0.2500 0.2500 0.2500 0.2500 0.2500 0.2500 0.2500 0.2500 0.2236 0.2062 0.1581 0.1118 0.0707 0.0500 0.0707 0.1118 0.1581 0.1803 0.1500 0.1000 0.0500 -0.0500 -0.1000 -0.1500 -0.2000 -0.2500 -0.3000 -0.3000 -0.3000 -0.3000 -0.3000 -0.3000 -0.3000 -0.3000 -0.3000 -0.3000 -0.3000 -0.3000 -0.2550 -0.2062 -0.1581 -0.1118 -0.0707 -0.0500 -0.0707 -0.1000 -0.0500 0.0500 0.1000 0.1000 0.1118 0.1000 0.1000 0.1118 0.1414 0.1500 0.1118 0.0707 0.0500 0.0707 0.1118 0.1581 0.2062 0.2500 0.2500 0.2000 0.1500 0.1000 0.0500 -0.0500 -0.0707 -0.0500 -0.0707 -0.0707 -0.0500 -0.0500 0.0500 0.0500 -0.0500 -0.1000 -0.1500 -0.1500 -0.1500 -0.1414 -0.1118 -0.1000 -0.1000 -0.1000 -0.1000 -0.1000 -0.1000 -0.1000 -0.1000 -0.1118 -0.1118 -0.1000 -0.1000 -0.1118 -0.1414 -0.1414 -0.1118 -0.1000 -0.1118 -0.1414 -0.1000 -0.0500 0.0500 0.0707 0.0707 0.0500 -0.0500 -0.0707 -0.0707 -0.0500 0.0500 0.0500 0.0707 0.1000 0.1000 0.1000 0.1118 0.1414 0.1581 0.1803 0.2000 0.2000 0.2000 0.1500 0.1000 0.0500 -0.0500 -0.0500 -0.0500 -0.0500 -0.0500 -0.0500 -0.0500 -0.0500 -0.0500 -0.0500 -0.0500 -0.0500 0.0500 0.0500 -0.0500 -0.1000 -0.1500 -0.2000 -0.2500 -0.3000 -0.3500 -0.4000 -0.4500 -0.5000 -0.5500 -0.5408 -0.5000 -0.4610 -0.4243 -0.3905 -0.3606 -0.3354 -0.3162 -0.3041 -0.2915 -0.2500 -0.2121 -0.1803 -0.1581 -0.1500 -0.1500 -0.1000 -0.0500 0.0500 0.1000 0.1500 0.2000 0.2000 0.2000 0.2000 0.2000 0.2000 0.2000 0.2000 0.2000 0.2000 0.2000 0.2000 0.2000 0.2000 0.2000 0.2062 0.2236 0.2500 0.2500 0.2500 0.2236 0.1803 0.1414 0.1000 0.0500 -0.0500 -0.1000 -0.1000 -0.1000 -0.1000 -0.1000 -0.1000 -0.1000 -0.1000 -0.1000 -0.1000 -0.1000 -0.1000 -0.1000 -0.1000 -0.1000 -0.1000 -0.1000 -0.1000 -0.1000 -0.1000 -0.1000 -0.1000 -0.1000 -0.0500 0.0500 0.1000 0.1500 0.2000 0.2500 0.2500 0.2500 0.2500 0.2500 0.2500 0.2500 0.2500 0.2500 0.2500 0.2500 0.2500 0.2500 0.2500 0.2500 0.2500 0.2500 0.2500 0.2500 0.2500 0.2500 0.2500 0.2500 0.2500 0.2236 0.1803 0.1414 0.1118 0.1000 0.0500 -0.0500 -0.0707 -0.1118 -0.1581 -0.2062 -0.2500 -0.2500
-0.0500 -0.0500 -0.0500 -0.0500 -0.0500 -0.0500 -0.0500 -0.0500 -0.0500 -0.0707 -0.1118 -0.1118 -0.0707 -0.0500 -0.0500 -0.0500 -0.0500 -0.0500 -0.0500 -0.0500 -0.0500 0.0500 0.1000 0.1500 0.2000 0.2500 0.3000 0.3000 0.3000 0.3000 0.3000 0.3000 0.3000 0.3000 0.3000 0.3000 0.3000 0.3000 0.3000 0.3000 0.2915 0.2500 0.2000 0.1500 0.1000 0.0500 -0.0500 0.0500 0.1000 0.1500 0.2000 0.1500 0.1000 0.0500 -0.0500 -0.1000 -0.1500 -0.2000 -0.2500 -0.2500 -0.2500 -0.2500 -0.2500 -0.2500 -0.2500 -0.2500 -0.2500 -0.2500 -0.2500 -0.2500 -0.2500 -0.2500 -0.2000 -0.1500 -0.1000 -0.0500 0.0500 -0.0500 -0.1000 -0.0500 0.0500 0.1000 0.1500 0.1581 0.1500 0.1500 0.1581 0.1803 0.1500 0.1000 0.0500 -0.0500 0.0500 0.1000 0.1500 0.2000 0.2500 0.2550 0.2062 0.1581 0.1118 0.0707 0.0500 -0.0500 0.0500 -0.0500 -0.0500 0.0500 0.0500 0.0707 0.0500 -0.0500 -0.1000 -0.1118 -0.1000 -0.1000 -0.1000 -0.0707 -0.0500 -0.0500 -0.0500 -0.0500 -0.0500 -0.0500 -0.0500 -0.0500 -0.0707 -0.0707 -0.0500 -0.0500 -0.0707 -0.1118 -0.1000 -0.0707 -0.0500 -0.0707 -0.1000 -0.0707 -0.0500 0.0500 0.1000 0.0500 -0.0500 -0.0707 -0.0707 -0.0500 0.0500 0.0707 0.1000 0.1118 0.1414 0.1500 0.1500 0.1581 0.1803 0.2062 0.2236 0.2500 0.2500 0.2000 0.1500 0.1000 0.0500 -0.0500 -0.1000 -0.1000 -0.1000 -0.1000 -0.1000 -0.1000 -0.1000 -0.1000 -0.1000 -0.0500 0.0500 0.0500 0.0500 -0.0500 -0.1000 -0.1500 -0.2000 -0.2500 -0.3000 -0.3500 -0.4000 -0.4500 -0.5000 -0.5500 -0.5148 -0.4717 -0.4301 -0.3905 -0.3536 -0.3202 -0.2915 -0.2693 -0.2550 -0.2500 -0.2236 -0.1803 -0.1414 -0.1118 -0.1000 -0.1118 -0.1000 -0.0500 0.0500 0.1000 0.1500 0.2000 0.2500 0.2500 0.2500 0.2500 0.2500 0.2500 0.2500 0.2500 0.2500 0.2500 0.2500 0.2500 0.2500 0.2500 0.2550 0.2693 0.2915 0.3000 0.2915 0.2500 0.2000 0.1500 0.1000 0.0500 -0.0500 -0.0500 -0.0500 -0.0500 -0.0500 -0.0500 -0.0500 -0.0500 -0.0500 -0.0500 -0.0500 -0.0500 -0.0500 -0.0500 -0.0500 -0.0500 -0.0500 -0.0500 -0.0500 -0.0500 -0.0500 -0.0500 -0.0500 -0.0500 -0.0500 0.0500 0.1000 0.1500 0.2000 0.2500 0.3000 0.3000 0.3000 0.3000 0.3000 0.3000 0.3000 0.3000 0.3000 0.3000 0.3000 0.3000 0.3000 0.3000 0.3000 0.3000 0.3000 0.3000 0.3000 0.3000 0.3000 0.3000 0.2915 0.2500 0.2121 0.1803 0.1581 0.1118 0.0707 0.0500 -0.0500 -0.1000 -0.1500 -0.2000 -0.2000 -0.2000
0.0500 0.0500 0.0500 0.0500 0.0500 0.0500 0.0500 0.0500 0.0500 -0.0500 -0.1000 -0.1000 -0.0500 0.0500 0.0500 0.0500 0.0500 0.0500 0.0500 0.0500 0.0500 0.0707 0.1118 0.1581 0.2062 0.2550 0.3041 0.3500 0.3500 0.3500 0.3500 0.3500 0.3500 0.3500 0.3500 0.3500 0.3500 0.3500 0.3500 0.3500 0.3041 0.2550 0.2062 0.1581 0.1118 0.0707 0.0500 0.0707 0.1118 0.1581 0.2000 0.1500 0.1000 0.0500 -0.0500 -0.1000 -0.1500 -0.1803 -0.2000 -0.2000 -0.2000 -0.2000 -0.2000 -0.2000 -0.2000 -0.2000 -0.2000 -0.2000 -0.2000 -0.2000 -0.2000 -0.2000 -0.2000 -0.1581 -0.1118 -0.0707 -0.0500 -0.0707 -0.1000 -0.0500 0.0500 0.1000 0.1500 0.2000 0.1803 0.1581 0.1500 0.1581 0.1581 0.1118 0.0707 0.0500 0.0707 0.1118 0.1581 0.2062 0.2550 0.2693 0.2236 0.1803 0.1414 0.1118 0.0707 0.0500 0.0707 0.0500 0.0500 0.0707 0.1000 0.1000 0.0500 -0.0500 -0.1000 -0.0707 -0.0500 -0.0500 -0.0500 -0.0500 0.0500 0.0500 0.0500 0.0500 0.0500 0.0500 0.0500 0.0500 -0.0500 -0.0500 0.0500 0.0500 -0.0500 -0.0707 -0.0500 -0.0500 0.0500 -0.0500 -0.0500 -0.0500 0.0500 0.0707 0.1000 0.0500 -0.0500 -0.0500 -0.0500 0.0500 0.0707 0.1118 0.1414 0.1581 0.1803 0.2000 0.2000 0.2062 0.2236 0.2500 0.2693 0.2915 0.2500 0.2000 0.1500 0.1000 0.0500 -0.0500 -0.1000 -0.1500 -0.1500 -0.1500 -0.1500 -0.1500 -0.1500 -0.1500 -0.1118 -0.0707 -0.0500 -0.0500 0.0500 -0.0500 -0.1000 -0.1500 -0.2000 -0.2500 -0.3000 -0.3500 -0.4000 -0.4472 -0.4924 -0.5385 -0.4924 -0.4472 -0.4031 -0.3606 -0.3202 -0.2828 -0.2500 -0.2236 -0.2062 -0.2000 -0.2000 -0.1581 -0.1118 -0.0707 -0.0500 -0.0707 -0.0707 -0.0500 0.0500 0.1000 0.1500 0.2000 0.2500 0.3000 0.3000 0.3000 0.3000 0.3000 0.3000 0.3000 0.3000 0.3000 0.3000 0.3000 0.3000 0.3000 0.3041 0.3162 0.3354 0.3500 0.3041 0.2550 0.2062 0.1581 0.1118 0.0707 0.0500 0.0500 0.0500 0.0500 0.0500 0.0500 0.0500 0.0500 0.0500 0.0500 0.0500 0.0500 0.0500 0.0500 0.0500 0.0500 0.0500 0.0500 0.0500 0.0500 0.0500 0.0500 0.0500 0.0500 0.0500 0.0707 0.1118 0.1581 0.2062 0.2550 0.3041 0.3500 0.3500 0.3500 0.3500 0.3500 0.3500 0.3500 0.3500 0.3500 0.3500 0.3500 0.3500 0.3500 0.3500 0.3500 0.3500 0.3500 0.3500 0.3500 0.3500 0.3500 0.3202 0.2828 0.2500 0.2236 0.1803 0.1414 0.1000 0.0500 -0.0500 -0.1000 -0.1500 -0.1500 -0.1500 -0.1500
0.1000 0.1000 0.1000 0.1000 0.1000 0.1000 0.1000 0.0500 -0.0500 -0.0707 -0.0707 -0.0500 -0.0500 0.0500 0.1000 0.1000 0.1000 0.1000 0.1000 0.1000 0.1000 0.1118 0.1414 0.1803 0.2236 0.2693 0.3162 0.3640 0.4000 0.4000 0.4000 0.4000 0.4000 0.4000 0.4000 0.4000 0.4000 0.4000 0.4000 0.3640 0.3162 0.2693 0.2236 0.1803 0.1414 0.1118 0.1000 0.1118 0.1414 0.1803 0.2000 0.1500 0.1000 0.0500 -0.0500 -0.1000 -0.1118 -0.1414 -0.1500 -0.1500 -0.1500 -0.1500 -0.1500 -0.1500 -0.1500 -0.1500 -0.1500 -0.1500 -0.1500 -0.1500 -0.1500 -0.1500 -0.1500 -0.1500 -0.1414 -0.1118 -0.1000 -0.1000 -0.1000 -0.0500 0.0500 0.1000 0.1500 0.1803 0.1414 0.1118 0.1000 0.1118 0.1414 0.1118 0.1000 0.1000 0.1118 0.1414 0.1803 0.2236 0.2693 0.2915 0.2500 0.2062 0.1581 0.1118 0.0707 0.0500 0.0500 0.0500 0.0707 0.1118 0.1414 0.1000 0.0500 -0.0500 -0.1000 -0.0500 0.0500 0.0500 0.0500 0.0500 0.0707 0.1000 0.1000 0.1000 0.1000 0.1000 0.1000 0.0707 0.0500 0.0500 -0.0500 -0.0500 -0.0500 -0.0500 0.0500 0.0500 0.0707 0.0500 0.0500 0.0500 0.0707 0.1118 0.1118 0.0707 0.0500 0.0500 0.0500 0.0707 0.1118 0.1414 0.1803 0.2062 0.2236 0.2500 0.2500 0.2550 0.2693 0.2915 0.3162 0.3000 0.2500 0.2000 0.1500 0.1000 0.0500 -0.0500 -0.1000 -0.1500 -0.2000 -0.2000 -0.2000 -0.2000 -0.2000 -0.1803 -0.1414 -0.1118 -0.1000 -0.0707 -0.0500 -0.0707 -0.1118 -0.1581 -0.2062 -0.2500 -0.2915 -0.3354 -0.3808 -0.4272 -0.4743 -0.5220 -0.4743 -0.4272 -0.3808 -0.3354 -0.2915 -0.2500 -0.2121 -0.1803 -0.1581 -0.1500 -0.1500 -0.1414 -0.1000 -0.0500 0.0500 -0.0500 -0.0500 0.0500 0.0707 0.1118 0.1581 0.2062 0.2550 0.3041 0.3500 0.3500 0.3500 0.3500 0.3500 0.3500 0.3500 0.3500 0.3500 0.3500 0.3500 0.3500 0.3536 0.3640 0.3808 0.3640 0.3162 0.2693 0.2236 0.1803 0.1414 0.1118 0.1000 0.1000 0.1000 0.1000 0.1000 0.1000 0.1000 0.1000 0.1000 0.1000 0.1000 0.1000 0.1000 0.1000 0.1000 0.1000 0.1000 0.1000 0.1000 0.1000 0.1000 0.1000 0.1000 0.1000 0.1000 0.1118 0.1414 0.1803 0.2236 0.2693 0.3162 0.3640 0.4000 0.4000 0.4000 0.4000 0.4000 0.4000 0.4000 0.4000 0.4000 0.4000 0.4000 0.4000 0.4000 0.4000 0.4000 0.4000 0.4000 0.4000 0.4000 0.3905 0.3536 0.3202 0.2915 0.2500 0.2000 0.1500 0.1000 0.0500 -0.0500 -0.1000 -0.1000 -0.1000 -0.1000 -0.1000
0.1500 0.1500 0.1500 0.1500 0.1500 0.1500 0.1118 0.0707 0.0500 -0.0500 -0.0500 0.0500 0.0500 0.0707 0.1118 0.1500 0.1500 0.1500 0.1500 0.1500 0.1500 0.1581 0.1803 0.2121 0.2500 0.2915 0.3354 0.3808 0.4272 0.4500 0.4500 0.4500 0.4500 0.4500 0.4472 0.4272 0.4123 0.4031 0.4000 0.3808 0.3354 0.2915 0.2500 0.2121 0.1803 0.1581 0.1500 0.1581 0.1803 0.2121 0.2000 0.1500 0.1000 0.0500 -0.0500 -0.0500 -0.0707 -0.1000 -0.1000 -0.1000 -0.1000 -0.1000 -0.1000 -0.1000 -0.1000 -0.1000 -0.1000 -0.1000 -0.1000 -0.1000 -0.1000 -0.1000 -0.1000 -0.1000 -0.1000 -0.1000 -0.0707 -0.0500 -0.0707 -0.0500 0.0500 0.1000 0.1500 0.1581 0.1118 0.0707 0.0500 0.0707 0.1118 0.0707 0.0500 0.0707 0.1118 0.1581 0.2062 0.2500 0.2915 0.3000 0.2500 0.2000 0.1500 0.1000 0.0500 -0.0500 -0.0500 -0.0500 0.0500 0.1000 0.1118 0.1000 0.0500 -0.0500 -0.1000 -0.0500 0.0500 0.1000 0.1000 0.1000 0.1118 0.1414 0.1500 0.1500 0.1500 0.1500 0.1000 0.0500 -0.0500 -0.0500 -0.0500 0.0500 0.0500 0.0500 0.0707 0.1000 0.1118 0.1000 0.1000 0.1000 0.1118 0.1414 0.1414 0.1118 0.1000 0.1000 0.1000 0.1118 0.1414 0.1803 0.2121 0.2500 0.2693 0.2915 0.3000 0.3041 0.3162 0.3354 0.3500 0.3000 0.2500 0.2000 0.1500 0.1000 0.0500 -0.0500 -0.1000 -0.1500 -0.2000 -0.2500 -0.2500 -0.2500 -0.2236 -0.1803 -0.1414 -0.1118 -0.1000 -0.1000 -0.1000 -0.1000 -0.1118 -0.1414 -0.1803 -0.2236 -0.2693 -0.3162 -0.3640 -0.4123 -0.4610 -0.5099 -0.4610 -0.4123 -0.3640 -0.3162 -0.2693 -0.2236 -0.1803 -0.1414 -0.1118 -0.1000 -0.1000 -0.1000 -0.0707 -0.0500 0.0500 0.0500 0.0500 0.0707 0.1118 0.1414 0.1803 0.2236 0.2693 0.3162 0.3640 0.4000 0.4000 0.4000 0.4000 0.4000 0.4000 0.4000 0.4000 0.4000 0.4000 0.4000 0.4031 0.4123 0.4272 0.3808 0.3354 0.2915 0.2500 0.2121 0.1803 0.1581 0.1500 0.1500 0.1500 0.1500 0.1500 0.1500 0.1500 0.1500 0.1500 0.1500 0.1500 0.1500 0.1500 0.1500 0.1500 0.1500 0.1500 0.1500 0.1500 0.1500 0.1500 0.1500 0.1500 0.1500 0.1500 0.1581 0.1803 0.2121 0.2500 0.2915 0.3354 0.3808 0.4272 0.4500 0.4500 0.4500 0.4500 0.4500 0.4500 0.4500 0.4500 0.4500 0.4500 0.4500 0.4500 0.4500 0.4500 0.4500 0.4500 0.4500 0.4500 0.4243 0.3905 0.3500 0.3000 0.2500 0.2000 0.1500 0.1000 0.0500 -0.0500 -0.0500 -0.0500 -0.0500 -0.0500 -0.0500
0.2000 0.2000 0.2000 0.2000 0.2000 0.1803 0.1414 0.1118 0.0707 0.0500 0.0500 0.0707 0.1000 0.1118 0.1414 0.1803 0.2000 0.2000 0.2000 0.2000 0.2000 0.2062 0.2236 0.2500 0.2828 0.3202 0.3606 0.4031 0.4472 0.4924 0.5000 0.4950 0.4610 0.4301 0.4031 0.3808 0.3640 0.3536 0.3500 0.3500 0.3536 0.3202 0.2828 0.2500 0.2236 0.2062 0.2000 0.2062 0.2236 0.2500 0.2062 0.1581 0.1118 0.0707 0.0500 0.0500 -0.0500 -0.0500 -0.0500 -0.0500 -0.0500 -0.0500 -0.0500 -0.0500 -0.0500 -0.0500 -0.0500 -0.0500 -0.0500 -0.0500 -0.0500 -0.0500 -0.0500 -0.0500 -0.0500 -0.0500 -0.0500 0.0500 -0.0500 0.0500 0.0707 0.1118 0.1581 0.1500 0.1000 0.0500 -0.0500 0.0500 0.1000 0.0500 -0.0500 0.0500 0.1000 0.1500 0.2000 0.2500 0.3000 0.3041 0.2550 0.2062 0.1581 0.1118 0.0707 0.0500 -0.0500 0.0500 0.0707 0.1118 0.0707 0.0500 0.0500 -0.0500 -0.0707 -0.0500 0.0500 0.1000 0.1500 0.1500 0.1581 0.1803 0.2000 0.2000 0.2000 0.1581 0.1118 0.0707 0.0500 0.0500 0.0500 0.0707 0.1000 0.1000 0.1118 0.1414 0.1581 0.1500 0.1500 0.1500 0.1581 0.1803 0.1803 0.1581 0.1500 0.1500 0.1500 0.1581 0.1803 0.2121 0.2500 0.2828 0.3162 0.3354 0.3500 0.3536 0.3640 0.3808 0.3500 0.3000 0.2500 0.2000 0.1500 0.1000 0.0500 -0.0500 -0.1000 -0.1500 -0.2000 -0.2500 -0.3000 -0.2550 -0.2062 -0.1581 -0.1118 -0.0707 -0.0500 -0.0500 -0.0500 -0.0500 -0.0707 -0.1118 -0.1581 -0.2062 -0.2550 -0.3041 -0.3536 -0.4031 -0.4528 -0.5025 -0.4528 -0.4031 -0.3536 -0.3041 -0.2550 -0.2062 -0.1581 -0.1118 -0.0707 -0.0500 -0.0500 -0.0500 -0.0500 0.0500 0.0707 0.1000 0.1000 0.1118 0.1414 0.1803 0.2121 0.2500 0.2915 0.3354 0.3808 0.4272 0.4500 0.4500 0.4500 0.4500 0.4500 0.4500 0.4500 0.4500 0.4500 0.4500 0.4528 0.4610 0.4472 0.4031 0.3606 0.3202 0.2828 0.2500 0.2236 0.2062 0.2000 0.2000 0.2000 0.2000 0.2000 0.2000 0.2000 0.2000 0.2000 0.2000 0.2000 0.2000 0.2000 0.2000 0.2000 0.2000 0.2000 0.2000 0.2000 0.2000 0.2000 0.2000 0.2000 0.2000 0.2000 0.2062 0.2236 0.2500 0.2828 0.3202 0.3606 0.4031 0.4472 0.4924 0.5000 0.5000 0.5000 0.5000 0.5000 0.5000 0.5000 0.5000 0.5000 0.5000 0.5000 0.5000 0.5000 0.5000 0.5000 0.5000 0.4950 0.4528 0.4031 0.3536 0.3041 0.2550 0.2062 0.1581 0.1118 0.0707 0.0500 0.0500 0.0500 0.0500 0.0500 0.0500
0.2500 0.2500 0.2500 0.2500 0.2500 0.2121 0.1803 0.1414 0.1118 0.1000 0.1000 0.1118 0.1414 0.1581 0.1803 0.2121 0.2500 0.2500 0.2500 0.2500 0.2500 0.2550 0.2693 0.2915 0.3202 0.3536 0.3905 0.4301 0.4717 0.5148 0.5000 0.4610 0.4243 0.3905 0.3606 0.3354 0.3162 0.3041 0.3000 0.3000 0.3041 0.3162 0.3162 0.2915 0.2693 0.2550 0.2500 0.2550 0.2693 0.2550 0.2236 0.1803 0.1414 0.1118 0.1000 0.0707 0.0500 0.0500 0.0500 0.0500 0.0500 0.0500 0.0500 0.0500 0.0500 0.0500 0.0500 0.0500 0.0500 0.0500 0.0500 0.0500 0.0500 0.0500 0.0500 0.0500 0.0500 0.0707 0.0500 0.0707 0.1118 0.1414 0.1803 0.1581 0.1118 0.0707 0.0500 0.0707 0.1118 0.0707 0.0500 0.0707 0.1118 0.1581 0.2062 0.2550 0.3041 0.3162 0.2693 0.2236 0.1803 0.1414 0.1118 0.0707 0.0500 0.0707 0.1118 0.1000 0.0500 -0.0500 -0.0500 -0.0500 -0.0500 0.0500 0.0707 0.1118 0.1581 0.2000 0.2062 0.2236 0.2500 0.2500 0.2236 0.1803 0.1414 0.1118 0.1000 0.1000 0.1000 0.1118 0.1414 0.1500 0.1581 0.1803 0.2062 0.2000 0.2000 0.2000 0.2062 0.2236 0.2236 0.2062 0.2000 0.2000 0.2000 0.2062 0.2236 0.2500 0.2828 0.3202 0.3536 0.3808 0.4000 0.4031 0.4123 0.4000 0.3500 0.3000 0.2500 0.2000 0.1500 0.1000 0.0500 -0.0500 -0.1000 -0.1500 -0.2000 -0.2500 -0.3000 -0.2500 -0.2000 -0.1500 -0.1000 -0.0500 0.0500 0.0500 0.0500 0.0500 -0.0500 -0.1000 -0.1500 -0.2000 -0.2500 -0.3000 -0.3500 -0.4000 -0.4500 -0.5000 -0.4500 -0.4000 -0.3500 -0.3000 -0.2500 -0.2000 -0.1500 -0.1000 -0.0500 0.0500 0.0500 0.0500 0.0500 0.0707 0.1118 0.1414 0.1500 0.1581 0.1803 0.2121 0.2500 0.2828 0.3202 0.3606 0.4031 0.4472 0.4924 0.5000 0.5000 0.5000 0.5000 0.5000 0.5000 0.5000 0.5000 0.5000 0.5025 0.5099 0.4717 0.4301 0.3905 0.3536 0.3202 0.2915 0.2693 0.2550 0.2500 0.2500 0.2500 0.2500 0.2500 0.2500 0.2500 0.2500 0.2500 0.2500 0.2500 0.2500 0.2500 0.2500 0.2500 0.2500 0.2500 0.2500 0.2500 0.2500 0.2500 0.2500 0.2500 0.2500 0.2500 0.2550 0.2693 0.2915 0.3202 0.3536 0.3905 0.4301 0.4717 0.5148 0.5500 0.5500 0.5500 0.5500 0.5500 0.5500 0.5500 0.5500 0.5500 0.5500 0.5500 0.5500 0.5500 0.5500 0.5500 0.5500 0.5099 0.4610 0.4123 0.3640 0.3162 0.2693 0.2236 0.1803 0.1414 0.1118 0.1000 0.1000 0.1000 0.1000 0.1000 0.1000
0.3000 0.3000 0.3000 0.3000 0.2828 0.2500 0.2121 0.1803 0.1581 0.1500 0.1500 0.1581 0.1803 0.2062 0.2236 0.2500 0.2828 0.3000 0.3000 0.3000 0.3000 0.3041 0.3162 0.3354 0.3606 0.3905 0.4243 0.4610 0.5000 0.5148 0.4717 0.4301 0.3905 0.3536 0.3202 0.2915 0.2693 0.2550 0.2500 0.2500 0.2550 0.2693 0.2693 0.2550 0.2500 0.2550 0.2693 0.2500 0.2236 0.2062 0.2000 0.2062 0.1803 0.1581 0.1414 0.1118 0.1000 0.1000 0.1000 0.1000 0.1000 0.1000 0.1000 0.1000 0.1000 0.0707 0.0500 0.0500 0.0707 0.1000 0.1000 0.1000 0.1000 0.1000 0.1000 0.1000 0.1000 0.1118 0.1000 0.1118 0.1414 0.1803 0.2121 0.1803 0.1414 0.1118 0.1000 0.1118 0.1414 0.1118 0.1000 0.1118 0.1414 0.1803 0.2236 0.2693 0.3162 0.3354 0.2915 0.2500 0.2121 0.1803 0.1414 0.1118 0.1000 0.1118 0.1414 0.1118 0.0707 0.0500 0.0500 0.0500 0.0500 0.0707 0.1118 0.1414 0.1803 0.2236 0.2550 0.2693 0.2915 0.2915 0.2500 0.2121 0.1803 0.1581 0.1500 0.1500 0.1500 0.1581 0.1803 0.2000 0.2062 0.2236 0.2500 0.2500 0.2500 0.2500 0.2550 0.2693 0.2693 0.2550 0.2500 0.2500 0.2500 0.2550 0.2693 0.2915 0.3202 0.3536 0.3905 0.4243 0.4472 0.4528 0.4500 0.4000 0.3500 0.3000 0.2500 0.2000 0.1500 0.1000 0.0500 -0.0500 -0.1000 -0.1500 -0.2000 -0.2500 -0.2500 -0.2500 -0.2000 -0.1500 -0.1000 -0.0500 0.0500 0.1000 0.1000 0.0500 -0.0500 -0.1000 -0.1500 -0.2000 -0.2500 -0.3000 -0.3500 -0.4000 -0.4500 -0.4500 -0.4500 -0.4000 -0.3500 -0.3000 -0.2500 -0.2000 -0.1500 -0.1000 -0.0500 0.0500 0.1000 0.1000 0.1000 0.1118 0.1414 0.1803 0.2000 0.2062 0.2236 0.2500 0.2828 0.3202 0.3536 0.3905 0.4301 0.4717 0.5148 0.5500 0.5500 0.5500 0.5500 0.5500 0.5500 0.5500 0.5500 0.5500 0.5523 0.5408 0.5000 0.4610 0.4243 0.3905 0.3606 0.3354 0.3162 0.3041 0.3000 0.3000 0.3000 0.3000 0.3000 0.3000 0.3000 0.3000 0.3000 0.3000 0.3000 0.3000 0.3000 0.3000 0.3000 0.3000 0.3000 0.3000 0.3000 0.3000 0.3000 0.3000 0.3000 0.3000 0.3000 0.3041 0.3162 0.3354 0.3606 0.3905 0.4243 0.4610 0.5000 0.5408 0.5831 0.6000 0.6000 0.6000 0.6000 0.6000 0.6000 0.6000 0.6000 0.6000 0.6000 0.6000 0.6000 0.6000 0.6000 0.5701 0.5220 0.4743 0.4272 0.3808 0.3354 0.2915 0.2500 0.2121 0.1803 0.1581 0.1500 0.1500 0.1500 0.1500 0.1500 0.1500
0.3500 0.3500 0.3500 0.3500 0.3202 0.2828 0.2500 0.2236 0.2062 0.2000 0.2000 0.2062 0.2236 0.2500 0.2693 0.2915 0.3202 0.3500 0.3500 0.3500 0.3500 0.3536 0.3640 0.3808 0.4031 0.4301 0.4610 0.4950 0.5315 0.4924 0.4472 0.4031 0.3606 0.3202 0.2828 0.2500 0.2236 0.2062 0.2000 0.2000 0.2062 0.2236 0.2236 0.2062 0.2000 0.2062 0.2236 0.2062 0.1803 0.1581 0.1500 0.1581 0.1803 0.2062 0.1803 0.1581 0.1500 0.1500 0.1500 0.1500 0.1500 0.1500 0.1500 0.1500 0.1000 0.0500 -0.0500 -0.0500 0.0500 0.1000 0.1500 0.1500 0.1500 0.1500 0.1500 0.1500 0.1500 0.1581 0.1500 0.1581 0.1803 0.2121 0.2500 0.2121 0.1803 0.1581 0.1500 0.1581 0.1803 0.1581 0.1500 0.1581 0.1803 0.2121 0.2500 0.2915 0.3354 0.3606 0.3202 0.2828 0.2500 0.2121 0.1803 0.1581 0.1500 0.1581 0.1803 0.1414 0.1118 0.1000 0.1000 0.1000 0.1000 0.1118 0.1414 0.1803 0.2121 0.2500 0.2915 0.3162 0.3354 0.3202 0.2828 0.2500 0.2236 0.2062 0.2000 0.2000 0.2000 0.2062 0.2236 0.2500 0.2550 0.2693 0.2915 0.3000 0.3000 0.3000 0.3041 0.3162 0.3162 0.3041 0.3000 0.3000 0.3000 0.3041 0.3162 0.3354 0.3606 0.3905 0.4243 0.4610 0.4924 0.5000 0.4500 0.4000 0.3500 0.3000 0.2500 0.2000 0.1500 0.1000 0.0500 -0.0500 -0.1000 -0.1500 -0.2000 -0.2000 -0.2000 -0.2000 -0.1803 -0.1500 -0.1000 -0.0500 0.0500 0.1000 0.0707 0.0500 -0.0500 -0.1000 -0.1500 -0.2000 -0.2500 -0.3000 -0.3500 -0.4000 -0.4000 -0.4000 -0.4000 -0.4000 -0.3500 -0.3000 -0.2500 -0.2000 -0.1500 -0.1000 -0.0500 0.0500 0.1000 0.1500 0.1500 0.1581 0.1803 0.2121 0.2500 0.2550 0.2693 0.2915 0.3202 0.3536 0.3905 0.4243 0.4610 0.5000 0.5408 0.5831 0.6000 0.6000 0.6000 0.6000 0.6000 0.6000 0.6000 0.6000 0.6021 0.5701 0.5315 0.4950 0.4610 0.4301 0.4031 0.3808 0.3640 0.3536 0.3500 0.3500 0.3500 0.3500 0.3500 0.3500 0.3500 0.3500 0.3500 0.3500 0.3500 0.3500 0.3500 0.3500 0.3500 0.3500 0.3500 0.3500 0.3500 0.3500 0.3500 0.3500 0.3500 0.3500 0.3500 0.3536 0.3640 0.3808 0.4031 0.4301 0.4610 0.4950 0.5315 0.5701 0.6103 0.6500 0.6500 0.6500 0.6500 0.6500 0.6500 0.6500 0.6500 0.6500 0.6500 0.6500 0.6500 0.6500 0.6325 0.5852 0.5385 0.4924 0.4472 0.4031 0.3606 0.3202 0.2828 0.2500 0.2236 0.2062 0.2000 0.2000 0.2000 0.2000 0.2000 0.2000
0.4000 0.4000 0.4000 0.3905 0.3536 0.3202 0.2915 0.2693 0.2550 0.2500 0.2500 0.2550 0.2693 0.2915 0.3162 0.3354 0.3606 0.3905 0.4000 0.4000 0.4000 0.4031 0.4123 0.4272 0.4472 0.4717 0.5000 0.5315 0.5220 0.4743 0.4272 0.3808 0.3354 0.2915 0.2500 0.2121 0.1803 0.1581 0.1500 0.1500 0.1581 0.1803 0.1803 0.1581 0.1500 0.1581 0.1803 0.1581 0.1414 0.1118 0.1000 0.1118 0.1414 0.1803 0.2121 0.2062 0.2000 0.2000 0.2000 0.2000 0.2000 0.2000 0.2000 0.1581 0.1118 0.0707 0.0500 -0.0500 0.0500 0.1000 0.1500 0.2000 0.2000 0.2000 0.2000 0.2000 0.2000 0.2062 0.2000 0.2062 0.2236 0.2500 0.2828 0.2500 0.2236 0.2062 0.2000 0.2062 0.2236 0.2062 0.2000 0.2062 0.2236 0.2500 0.2828 0.3202 0.3606 0.3905 0.3536 0.3202 0.2828 0.2500 0.2236 0.2062 0.2000 0.2062 0.2121 0.1803 0.1581 0.1500 0.1500 0.1500 0.1500 0.1581 0.1803 0.2121 0.2500 0.2828 0.3202 0.3606 0.3808 0.3536 0.3202 0.2915 0.2693 0.2550 0.2500 0.2500 0.2500 0.2550 0.2693 0.2915 0.3041 0.3162 0.3354 0.3500 0.3500 0.3500 0.3536 0.3640 0.3640 0.3536 0.3500 0.3500 0.3500 0.3536 0.3640 0.3808 0.4031 0.4301 0.4610 0.4950 0.5315 0.5000 0.4500 0.4000 0.3500 0.3000 0.2500 0.2000 0.1500 0.1000 0.0500 -0.0500 -0.1000 -0.1500 -0.1500 -0.1500 -0.1500 -0.1500 -0.1414 -0.1118 -0.1000 -0.0500 0.0500 0.1000 0.0500 -0.0500 -0.0707 -0.1118 -0.1581 -0.2062 -0.2550 -0.3041 -0.3500 -0.3500 -0.3500 -0.3500 -0.3500 -0.3500 -0.3500 -0.3000 -0.2500 -0.2000 -0.1500 -0.1000 -0.0500 0.0500 0.1000 0.1500 0.2000 0.2062 0.2236 0.2500 0.2828 0.3041 0.3162 0.3354 0.3606 0.3905 0.4243 0.4610 0.4950 0.5315 0.5701 0.6103 0.6500 0.6500 0.6500 0.6500 0.6500 0.6500 0.6500 0.6500 0.6403 0.6021 0.5657 0.5315 0.5000 0.4717 0.4472 0.4272 0.4123 0.4031 0.4000 0.4000 0.4000 0.4000 0.4000 0.4000 0.4000 0.4000 0.4000 0.4000 0.4000 0.4000 0.4000 0.4000 0.4000 0.4000 0.4000 0.4000 0.4000 0.4000 0.4000 0.4000 0.4000 0.4000 0.4000 0.4031 0.4123 0.4272 0.4472 0.4717 0.5000 0.5315 0.5657 0.6021 0.6403 0.6801 0.7000 0.7000 0.7000 0.7000 0.7000 0.7000 0.7000 0.7000 0.7000 0.7000 0.7000 0.6964 0.6500 0.6042 0.5590 0.5148 0.4717 0.4301 0.3905 0.3536 0.3202 0.2915 0.2693 0.2550 0.2500 0.2500 0.2500 0.2500 0.2500 0.2500
0.4500 0.4500 0.4500 0.4243 0.3905 0.3606 0.3354 0.3162 0.3041 0.3000 0.3000 0.3041 0.3162 0.3354 0.3606 0.3808 0.4031 0.4301 0.4500 0.4500 0.4500 0.4528 0.4610 0.4743 0.4924 0.5148 0.5408 0.5590 0.5099 0.4610 0.4123 0.3640 0.3162 0.2693 0.2236 0.1803 0.1414 0.1118 0.1000 0.1000 0.1118 0.1414 0.1414 0.1118 0.1000 0.1118 0.1414 0.1118 0.1000 0.0707 0.0500 0.0707 0.1118 0.1414 0.1803 0.2236 0.2500 0.2500 0.2500 0.2500 0.2500 0.2500 0.2236 0.1803 0.1414 0.1118 0.0707 0.0500 0.0707 0.1118 0.1581 0.2062 0.2500 0.2500 0.2500 0.2500 0.2500 0.2550 0.2500 0.2550 0.2693 0.2915 0.3202 0.2915 0.2693 0.2550 0.2500 0.2550 0.2693 0.2550 0.2500 0.2550 0.2693 0.2915 0.3202 0.3536 0.3905 0.4243 0.3905 0.3536 0.3202 0.2915 0.2693 0.2550 0.2500 0.2550 0.2500 0.2236 0.2062 0.2000 0.2000 0.2000 0.2000 0.2062 0.2236 0.2500 0.2828 0.3202 0.3536 0.3905 0.4243 0.3905 0.3606 0.3354 0.3162 0.3041 0.3000 0.3000 0.3000 0.3041 0.3162 0.3354 0.3536 0.3640 0.3808 0.4000 0.4000 0.4000 0.4031 0.4123 0.4123 0.4031 0.4000 0.4000 0.4000 0.4031 0.4123 0.4272 0.4472 0.4717 0.5000 0.5315 0.5500 0.5000 0.4500 0.4000 0.3500 0.3000 0.2500 0.2000 0.1500 0.1000 0.0500 -0.0500 -0.1000 -0.1000 -0.1000 -0.1000 -0.1000 -0.1000 -0.1000 -0.0707 -0.0500 -0.0500 0.0500 0.1000 0.0500 -0.0500 -0.0707 -0.1118 -0.1581 -0.2062 -0.2550 -0.3000 -0.3000 -0.3000 -0.3000 -0.3000 -0.3000 -0.3000 -0.3000 -0.3000 -0.2500 -0.2000 -0.1500 -0.1000 -0.0500 0.0500 0.1000 0.1500 0.2000 0.2500 0.2693 0.2915 0.3202 0.3536 0.3640 0.3808 0.4031 0.4301 0.4610 0.4950 0.5315 0.5657 0.6021 0.6403 0.6801 0.7000 0.7000 0.7000 0.7000 0.7000 0.7000 0.6964 0.6727 0.6364 0.6021 0.5701 0.5408 0.5148 0.4924 0.4743 0.4610 0.4528 0.4500 0.4500 0.4500 0.4500 0.4500 0.4500 0.4500 0.4500 0.4500 0.4500 0.4500 0.4500 0.4500 0.4500 0.4500 0.4500 0.4500 0.4500 0.4500 0.4500 0.4500 0.4500 0.4500 0.4500 0.4500 0.4528 0.4610 0.4743 0.4924 0.5148 0.5408 0.5701 0.6021 0.6364 0.6500 0.6500 0.6500 0.6500 0.6500 0.6519 0.6576 0.6671 0.6801 0.6964 0.7159 0.7382 0.7500 0.7159 0.6708 0.6265 0.5831 0.5408 0.5000 0.4610 0.4243 0.3905 0.3606 0.3354 0.3162 0.3041 0.3000 0.3000 0.3000 0.3000 0.3000 0.3000
0.5000 0.5000 0.4950 0.4610 0.4301 0.4031 0.3808 0.3640 0.3536 0.3500 0.3500 0.3536 0.3640 0.3808 0.4031 0.4272 0.4472 0.4717 0.5000 0.5000 0.5000 0.5025 0.5099 0.5220 0.5385 0.5590 0.5831 0.5523 0.5025 0.4528 0.4031 0.3536 0.3041 0.2550 0.2062 0.1581 0.1118 0.0707 0.0500 0.0500 0.0707 0.1118 0.1118 0.0707 0.0500 0.0707 0.1118 0.0707 0.0500 0.0500 -0.0500 0.0500 0.0707 0.1118 0.1581 0.2062 0.2550 0.2915 0.2693 0.2550 0.2500 0.2500 0.2500 0.2121 0.1803 0.1414 0.1118 0.1000 0.1118 0.1414 0.1803 0.2236 0.2693 0.3000 0.3000 0.3000 0.3000 0.3041 0.3000 0.3041 0.3162 0.3354 0.3606 0.3354 0.3162 0.3041 0.3000 0.3041 0.3162 0.3041 0.3000 0.3041 0.3162 0.3354 0.3606 0.3905 0.4243 0.4610 0.4243 0.3905 0.3606 0.3354 0.3162 0.3041 0.3000 0.3041 0.2915 0.2693 0.2550 0.2500 0.2500 0.2500 0.2500 0.2550 0.2693 0.2915 0.3202 0.3536 0.3905 0.4243 0.4610 0.4301 0.4031 0.3808 0.3640 0.3536 0.3500 0.3500 0.3500 0.3536 0.3640 0.3808 0.4031 0.4123 0.4272 0.4472 0.4500 0.4500 0.4528 0.4610 0.4610 0.4528 0.4500 0.4500 0.4500 0.4528 0.4610 0.4743 0.4924 0.5148 0.5408 0.5701 0.5500 0.5000 0.4500 0.4000 0.3500 0.3000 0.2500 0.2000 0.1500 0.1000 0.0500 -0.0500 -0.0500 -0.0500 -0.0500 -0.0500 -0.0500 -0.0500 -0.0500 -0.0500 0.0500 0.0500 0.0707 0.1118 0.0707 0.0500 -0.0500 -0.1000 -0.1500 -0.2000 -0.2500 -0.2500 -0.2500 -0.2500 -0.2500 -0.2500 -0.2500 -0.2500 -0.2500 -0.2500 -0.2500 -0.2000 -0.1500 -0.1000 -0.0500 0.0500 0.1000 0.1500 0.2000 0.2500 0.3000 0.3354 0.3606 0.3905 0.4123 0.4272 0.4472 0.4717 0.5000 0.5315 0.5657 0.6021 0.6364 0.6500 0.6500 0.6500 0.6500 0.6500 0.6500 0.6500 0.6500 0.6500 0.6325 0.6185 0.6083 0.6021 0.5831 0.5590 0.5385 0.5220 0.5099 0.5025 0.5000 0.5000 0.5000 0.5000 0.5000 0.5000 0.5000 0.5000 0.5000 0.5000 0.5000 0.5000 0.5000 0.5000 0.5000 0.5000 0.5000 0.5000 0.5000 0.5000 0.5000 0.5000 0.5000 0.5000 0.5000 0.5025 0.5099 0.5220 0.5385 0.5590 0.5831 0.6103 0.6083 0.6021 0.6000 0.6000 0.6000 0.6000 0.6000 0.6021 0.6083 0.6185 0.6325 0.6500 0.6708 0.6946 0.7211 0.7382 0.6946 0.6519 0.6103 0.5701 0.5315 0.4950 0.4610 0.4301 0.4031 0.3808 0.3640 0.3536 0.3500 0.3500 0.3500 0.3500 0.3500 0.3500
0.5500 0.5500 0.5315 0.5000 0.4717 0.4472 0.4272 0.4123 0.4031 0.4000 0.4000 0.4031 0.4123 0.4272 0.4472 0.4717 0.4924 0.5148 0.5408 0.5500 0.5500 0.5523 0.5590 0.5701 0.5852 0.6042 0.6000 0.5500 0.5000 0.4500 0.4000 0.3500 0.3000 0.2500 0.2000 0.1500 0.1000 0.0500 -0.0500 -0.0500 0.0500 0.1000 0.1000 0.0500 -0.0500 0.0500 0.1000 0.0500 -0.0500 -0.0500 -0.0500 -0.0500 0.0500 0.1000 0.1500 0.2000 0.2500 0.2500 0.2236 0.2062 0.2000 0.2000 0.2000 0.2062 0.2000 0.1803 0.1581 0.1500 0.1581 0.1803 0.2121 0.2500 0.2915 0.3354 0.3500 0.3500 0.3500 0.3536 0.3500 0.3536 0.3640 0.3808 0.4031 0.3808 0.3640 0.3536 0.3500 0.3536 0.3640 0.3536 0.3500 0.3536 0.3640 0.3808 0.4031 0.4301 0.4610 0.4950 0.4610 0.4301 0.4031 0.3808 0.3640 0.3536 0.3500 0.3536 0.3354 0.3162 0.3041 0.3000 0.3000 0.3000 0.3000 0.3041 0.3162 0.3354 0.3606 0.3905 0.4243 0.4610 0.4950 0.4717 0.4472 0.4272 0.4123 0.4031 0.4000 0.4000 0.4000 0.4031 0.4123 0.4272 0.4472 0.4610 0.4743 0.4924 0.5000 0.5000 0.5025 0.5099 0.5099 0.5025 0.5000 0.5000 0.5000 0.5025 0.5099 0.5220 0.5385 0.5590 0.5831 0.6021 0.5523 0.5025 0.4528 0.4031 0.3536 0.3041 0.2550 0.2062 0.1581 0.1118 0.0707 0.0500 0.0500 0.0500 0.0500 0.0500 0.0500 0.0500 0.0500 0.0500 0.0707 0.1000 0.1118 0.1000 0.0500 -0.0500 -0.0707 -0.1118 -0.1581 -0.2000 -0.2000 -0.2000 -0.2000 -0.2000 -0.2000 -0.2000 -0.2000 -0.2000 -0.2000 -0.2000 -0.2000 -0.2000 -0.1500 -0.1000 -0.0500 0.0500 0.1000 0.1500 0.2000 0.2500 0.3000 0.3500 0.4000 0.4301 0.4610 0.4743 0.4924 0.5148 0.5408 0.5701 0.6000 0.6000 0.6000 0.6000 0.6000 0.6000 0.6000 0.6000 0.6000 0.6000 0.6000 0.6000 0.5852 0.5701 0.5590 0.5523 0.5500 0.5523 0.5590 0.5701 0.5590 0.5523 0.5500 0.5500 0.5500 0.5500 0.5500 0.5500 0.5500 0.5500 0.5500 0.5500 0.5500 0.5500 0.5500 0.5500 0.5500 0.5500 0.5500 0.5500 0.5500 0.5500 0.5500 0.5500 0.5500 0.5500 0.5500 0.5523 0.5590 0.5701 0.5852 0.6042 0.5852 0.5701 0.5590 0.5523 0.5500 0.5500 0.5500 0.5500 0.5500 0.5523 0.5590 0.5701 0.5852 0.6042 0.6265 0.6519 0.6801 0.7106 0.7211 0.6801 0.6403 0.6021 0.5657 0.5315 0.5000 0.4717 0.4472 0.4272 0.4123 0.4031 0.4000 0.4000 0.4000 0.4000 0.4000 0.4000
0.6000 0.6000 0.5701 0.5408 0.5148 0.4924 0.4743 0.4610 0.4528 0.4500 0.4500 0.4528 0.4610 0.4743 0.4924 0.5148 0.5385 0.5590 0.5831 0.6000 0.6000 0.6021 0.6083 0.6185 0.6325 0.6500 0.6021 0.5523 0.5025 0.4528 0.4031 0.3536 0.3041 0.2550 0.2062 0.1581 0.1118 0.0707 0.0500 0.0500 0.0707 0.1118 0.1118 0.0707 0.0500 0.0707 0.1118 0.0707 0.0500 0.0500 0.0500 0.0500 0.0707 0.1118 0.1581 0.2062 0.2500 0.2121 0.1803 0.1581 0.1500 0.1500 0.1500 0.1581 0.1500 0.1581 0.1803 0.2000 0.2062 0.2236 0.2500 0.2828 0.3202 0.3606 0.4000 0.4000 0.4000 0.4031 0.4000 0.4031 0.4123 0.4272 0.4472 0.4272 0.4123 0.4031 0.4000 0.4031 0.4123 0.4031 0.4000 0.4031 0.4123 0.4272 0.4472 0.4717 0.5000 0.5315 0.5000 0.4717 0.4472 0.4272 0.4123 0.4031 0.4000 0.4031 0.3808 0.3640 0.3536 0.3500 0.3500 0.3500 0.3500 0.3536 0.3640 0.3808 0.4031 0.4301 0.4610 0.4950 0.5315 0.5148 0.4924 0.4743 0.4610 0.4528 0.4500 0.4500 0.4500 0.4528 0.4610 0.4743 0.4924 0.5099 0.5220 0.5385 0.5500 0.5500 0.5523 0.5590 0.5590 0.5523 0.5500 0.5500 0.5500 0.5523 0.5590 0.5701 0.5852 0.6042 0.6265 0.6083 0.5590 0.5099 0.4610 0.4123 0.3640 0.3162 0.2693 0.2236 0.1803 0.1414 0.1118 0.1000 0.1000 0.1000 0.1000 0.1000 0.1000 0.1000 0.1000 0.1000 0.1118 0.1414 0.1581 0.1118 0.0707 0.0500 -0.0500 -0.1000 -0.1500 -0.1500 -0.1500 -0.1500 -0.1500 -0.1500 -0.1500 -0.1500 -0.1500 -0.1500 -0.1500 -0.1500 -0.1500 -0.1500 -0.1500 -0.1000 -0.0500 0.0500 0.1000 0.1500 0.2000 0.2500 0.3000 0.3500 0.4000 0.4500 0.5000 0.5220 0.5385 0.5500 0.5500 0.5500 0.5500 0.5500 0.5500 0.5500 0.5500 0.5500 0.5500 0.5500 0.5500 0.5500 0.5500 0.5500 0.5385 0.5220 0.5099 0.5025 0.5000 0.5025 0.5099 0.5220 0.5385 0.5590 0.5831 0.6000 0.6000 0.6000 0.6000 0.6000 0.6000 0.6000 0.6000 0.6000 0.6000 0.6000 0.5852 0.5701 0.5590 0.5523 0.5385 0.5220 0.5099 0.5025 0.5000 0.5000 0.5000 0.5000 0.5025 0.5099 0.5220 0.5385 0.5590 0.5590 0.5385 0.5220 0.5099 0.5025 0.5000 0.5000 0.5000 0.5000 0.5000 0.5025 0.5099 0.5220 0.5385 0.5590 0.5831 0.6103 0.6403 0.6708 0.6946 0.6519 0.6103 0.5701 0.5315 0.4950 0.4610 0.4301 0.4031 0.3808 0.3640 0.3536 0.3500 0.3500 0.3500 0.3500 0.3500 0.3500
0.6500 0.6403 0.6103 0.5831 0.5590 0.5385 0.5220 0.5099 0.5025 0.5000 0.5000 0.5025 0.5099 0.5220 0.5385 0.5590 0.5831 0.6042 0.6265 0.6185 0.6083 0.6021 0.6000 0.6000 0.6000 0.6000 0.6000 0.5590 0.5099 0.4610 0.4123 0.3640 0.3162 0.2693 0.2236 0.1803 0.1414 0.1118 0.1000 0.1000 0.1118 0.1414 0.1414 0.1118 0.1000 0.1118 0.1414 0.1118 0.1000 0.1000 0.1000 0.1000 0.1118 0.1414 0.1803 0.2236 0.2236 0.1803 0.1414 0.1118 0.1000 0.1000 0.1000 0.1118 0.1000 0.1118 0.1414 0.1803 0.2236 0.2693 0.2915 0.3202 0.3536 0.3905 0.4301 0.4500 0.4500 0.4528 0.4500 0.4528 0.4610 0.4743 0.4924 0.4743 0.4610 0.4528 0.4500 0.4528 0.4610 0.4528 0.4500 0.4528 0.4610 0.4743 0.4924 0.5148 0.5408 0.5701 0.5408 0.5148 0.4924 0.4743 0.4610 0.4528 0.4500 0.4472 0.4272 0.4123 0.4031 0.4000 0.4000 0.4000 0.4000 0.4031 0.4123 0.4272 0.4472 0.4717 0.5000 0.5099 0.5025 0.5000 0.5000 0.5000 0.5000 0.5000 0.5000 0.5000 0.5000 0.5000 0.5000 0.5000 0.5000 0.5000 0.5000 0.5025 0.5099 0.5220 0.5385 0.5590 0.5831 0.5852 0.5701 0.5590 0.5523 0.5500 0.5500 0.5523 0.5590 0.5701 0.5852 0.6042 0.5701 0.5220 0.4743 0.4272 0.3808 0.3354 0.2915 0.2500 0.2121 0.1803 0.1581 0.1500 0.1500 0.1500 0.1500 0.1500 0.1500 0.1500 0.1500 0.1500 0.1581 0.1803 0.1581 0.1118 0.0707 0.0500 -0.0500 -0.1000 -0.1000 -0.1000 -0.1000 -0.1000 -0.1000 -0.1000 -0.1000 -0.1000 -0.1000 -0.1000 -0.1000 -0.1000 -0.1000 -0.1000 -0.1000 -0.1000 -0.0500 0.0500 0.1000 0.1500 0.2000 0.2500 0.3000 0.3500 0.4000 0.4500 0.5000 0.5000 0.5000 0.5000 0.5000 0.5000 0.5000 0.5000 0.5000 0.5000 0.5000 0.5000 0.5000 0.5000 0.5000 0.5000 0.5000 0.5000 0.4924 0.4743 0.4610 0.4528 0.4500 0.4528 0.4610 0.4743 0.4924 0.5148 0.5385 0.5590 0.5831 0.6103 0.6403 0.6500 0.6500 0.6500 0.6403 0.6103 0.5831 0.5590 0.5385 0.5220 0.5099 0.5025 0.4924 0.4743 0.4610 0.4528 0.4500 0.4500 0.4500 0.4500 0.4528 0.4610 0.4743 0.4924 0.5148 0.5148 0.4924 0.4743 0.4610 0.4528 0.4500 0.4500 0.4500 0.4500 0.4500 0.4528 0.4610 0.4743 0.4924 0.5148 0.5408 0.5701 0.6021 0.6265 0.6519 0.6265 0.5831 0.5408 0.5000 0.4610 0.4243 0.3905 0.3606 0.3354 0.3162 0.3041 0.3000 0.3000 0.3000 0.3000 0.3000 0.3000
0.7000 0.6801 0.6519 0.6265 0.6042 0.5852 0.5701 0.5590 0.5523 0.5500 0.5500 0.5523 0.5590 0.5701 0.5852 0.6042 0.6265 0.6042 0.5852 0.5701 0.5590 0.5523 0.5500 0.5500 0.5500 0.5500 0.5500 0.5500 0.5220 0.4743 0.4272 0.3808 0.3354 0.2915 0.2500 0.2121 0.1803 0.1581 0.1500 0.1500 0.1581 0.1803 0.1803 0.1581 0.1500 0.1581 0.1803 0.1581 0.1500 0.1500 0.1500 0.1500 0.1581 0.1803 0.2121 0.2500 0.2062 0.1581 0.1118 0.0707 0.0500 0.0500 0.0500 0.0707 0.0500 0.0707 0.1118 0.1581 0.2062 0.2550 0.3041 0.3536 0.3905 0.4243 0.4610 0.5000 0.5000 0.5025 0.5000 0.5025 0.5099 0.5220 0.5385 0.5220 0.5099 0.5025 0.5000 0.5025 0.5099 0.5025 0.5000 0.5025 0.5099 0.5220 0.5385 0.5590 0.5831 0.6103 0.5831 0.5590 0.5385 0.5220 0.5099 0.5025 0.5000 0.4924 0.4743 0.4610 0.4528 0.4500 0.4500 0.4500 0.4500 0.4528 0.4610 0.4743 0.4924 0.4924 0.4743 0.4610 0.4528 0.4500 0.4500 0.4500 0.4500 0.4500 0.4500 0.4500 0.4500 0.4500 0.4500 0.4500 0.4500 0.4500 0.4500 0.4528 0.4610 0.4743 0.4924 0.5148 0.5408 0.5385 0.5220 0.5099 0.5025 0.5000 0.5000 0.5025 0.5099 0.5220 0.5385 0.5590 0.5831 0.5385 0.4924 0.4472 0.4031 0.3606 0.3202 0.2828 0.2500 0.2236 0.2062 0.2000 0.2000 0.2000 0.2000 0.2000 0.2000 0.2000 0.2000 0.2000 0.2062 0.2000 0.1500 0.1000 0.0500 -0.0500 -0.0500 -0.0500 -0.0500 -0.0500 -0.0500 -0.0500 -0.0500 -0.0500 -0.0500 -0.0500 -0.0500 -0.0500 -0.0500 -0.0500 -0.0500 -0.0500 -0.0500 -0.0500 -0.0500 0.0500 0.1000 0.1500 0.2000 0.2500 0.3000 0.3500 0.4000 0.4500 0.4500 0.4500 0.4500 0.4500 0.4500 0.4500 0.4500 0.4500 0.4500 0.4500 0.4500 0.4500 0.4500 0.4500 0.4500 0.4500 0.4500 0.4500 0.4472 0.4272 0.4123 0.4031 0.4000 0.4031 0.4123 0.4272 0.4472 0.4717 0.4924 0.5148 0.5408 0.5701 0.6021 0.6364 0.6727 0.6364 0.6021 0.5701 0.5408 0.5148 0.4924 0.4743 0.4610 0.4528 0.4472 0.4272 0.4123 0.4031 0.4000 0.4000 0.4000 0.4000 0.4031 0.4123 0.4272 0.4472 0.4717 0.4717 0.4472 0.4272 0.4123 0.4031 0.4000 0.4000 0.4000 0.4000 0.4000 0.4031 0.4123 0.4272 0.4472 0.4717 0.5000 0.5315 0.5590 0.5831 0.6103 0.6042 0.5590 0.5148 0.4717 0.4301 0.3905 0.3536 0.3202 0.2915 0.2693 0.2550 0.2500 0.2500 0.2500 0.2500 0.2500 0.2500
0.7500 0.7211 0.6946 0.6708 0.6500 0.6325 0.6185 0.6083 0.6021 0.6000 0.6000 0.6021 0.6083 0.6185 0.6325 0.6103 0.5831 0.5590 0.5385 0.5220 0.5099 0.5025 0.5000 0.5000 0.5000 0.5000 0.5000 0.5000 0.5000 0.4924 0.4472 0.4031 0.3606 0.3202 0.2828 0.2500 0.2236 0.2062 0.2000 0.2000 0.2062 0.2236 0.2236 0.2062 0.2000 0.2062 0.2236 0.2062 0.2000 0.2000 0.2000 0.2000 0.2062 0.2236 0.2500 0.2500 0.2000 0.1500 0.1000 0.0500 -0.0500 -0.0500 -0.0500 0.0500 -0.0500 0.0500 0.1000 0.1500 0.2000 0.2500 0.3000 0.3500 0.4000 0.4500 0.4950 0.5315 0.5500 0.5523 0.5500 0.5523 0.5590 0.5701 0.5852 0.5701 0.5590 0.5523 0.5500 0.5523 0.5590 0.5523 0.5500 0.5523 0.5590 0.5701 0.5852 0.6042 0.6265 0.6519 0.6265 0.6042 0.5852 0.5701 0.5590 0.5523 0.5500 0.5385 0.5220 0.5099 0.5025 0.5000 0.5000 0.5000 0.5000 0.5025 0.5099 0.5000 0.4717 0.4472 0.4272 0.4123 0.4031 0.4000 0.4000 0.4000 0.4000 0.4000 0.4000 0.4000 0.4000 0.4000 0.4000 0.4000 0.4000 0.4000 0.4000 0.4031 0.4123 0.4272 0.4472 0.4717 0.5000 0.4924 0.4743 0.4610 0.4528 0.4500 0.4500 0.4528 0.4610 0.4743 0.4924 0.5148 0.5408 0.5590 0.5148 0.4717 0.4301 0.3905 0.3536 0.3202 0.2915 0.2693 0.2550 0.2500 0.2500 0.2500 0.2500 0.2500 0.2500 0.2500 0.2500 0.2500 0.2550 0.2062 0.1581 0.1118 0.0707 0.0500 0.0500 0.0500 0.0500 0.0500 0.0500 0.0500 0.0500 0.0500 0.0500 0.0500 0.0500 0.0500 0.0500 0.0500 0.0500 0.0500 0.0500 0.0500 0.0500 0.0707 0.1118 0.1581 0.2062 0.2550 0.3041 0.3536 0.4031 0.4000 0.4000 0.4000 0.4000 0.4000 0.4000 0.4000 0.4000 0.4000 0.4000 0.4000 0.4000 0.4000 0.4000 0.4000 0.4000 0.4000 0.4000 0.4000 0.4000 0.3808 0.3640 0.3536 0.3500 0.3536 0.3640 0.3808 0.4031 0.4272 0.4472 0.4717 0.5000 0.5315 0.5657 0.6021 0.6403 0.6021 0.5657 0.5315 0.5000 0.4717 0.4472 0.4272 0.4123 0.4031 0.4000 0.3808 0.3640 0.3536 0.3500 0.3500 0.3500 0.3500 0.3536 0.3640 0.3808 0.4031 0.4301 0.4272 0.4031 0.3808 0.3640 0.3536 0.3500 0.3500 0.3500 0.3500 0.3500 0.3536 0.3640 0.3808 0.4031 0.4301 0.4610 0.4924 0.5148 0.5408 0.5701 0.5852 0.5385 0.4924 0.4472 0.4031 0.3606 0.3202 0.2828 0.2500 0.2236 0.2062 0.2000 0.2000 0.2000 0.2000 0.2000 0.2000
0.7906 0.7632 0.7382 0.7159 0.6964 0.6801 0.6671 0.6576 0.6519 0.6500 0.6500 0.6519 0.6576 0.6364 0.6021 0.5701 0.5408 0.5148 0.4924 0.4743 0.4610 0.4528 0.4500 0.4500 0.4500 0.4500 0.4500 0.4500 0.4500 0.4500 0.4472 0.4272 0.3905 0.3536 0.3202 0.2915 0.2693 0.2550 0.2500 0.2500 0.2550 0.2693 0.2693 0.2550 0.2500 0.2550 0.2693 0.2550 0.2500 0.2500 0.2500 0.2500 0.2550 0.2693 0.2915 0.2500 0.2000 0.1500 0.1000 0.0500 -0.0500 -0.0500 0.0500 0.0500 -0.0500 0.0500 0.1000 0.1500 0.2000 0.2500 0.3000 0.3500 0.4000 0.4500 0.5000 0.5500 0.6000 0.6021 0.6000 0.6021 0.6083 0.6185 0.6325 0.6185 0.6083 0.6021 0.6000 0.6021 0.6083 0.6021 0.6000 0.6021 0.6083 0.6185 0.6325 0.6500 0.6708 0.6946 0.6708 0.6500 0.6325 0.6185 0.6083 0.6021 0.6000 0.5852 0.5701 0.5590 0.5523 0.5500 0.5500 0.5500 0.5500 0.5315 0.4950 0.4610 0.4301 0.4031 0.3808 0.3640 0.3536 0.3500 0.3500 0.3500 0.3500 0.3500 0.3500 0.3500 0.3500 0.3500 0.3500 0.3500 0.3500 0.3500 0.3500 0.3536 0.3640 0.3808 0.4031 0.4301 0.4500 0.4472 0.4272 0.4123 0.4031 0.4000 0.4000 0.4031 0.4123 0.4272 0.4472 0.4717 0.5000 0.5315 0.5408 0.5000 0.4610 0.4243 0.3905 0.3606 0.3354 0.3162 0.3041 0.3000 0.3000 0.3000 0.3000 0.3000 0.3000 0.3000 0.3000 0.3000 0.2693 0.2236 0.1803 0.1414 0.1118 0.1000 0.1000 0.1000 0.1000 0.1000 0.1000 0.1000 0.1000 0.1000 0.1000 0.1000 0.1000 0.1000 0.1000 0.1000 0.1000 0.1000 0.1000 0.1000 0.1000 0.1118 0.1414 0.1803 0.2236 0.2693 0.3162 0.3640 0.3536 0.3500 0.3500 0.3500 0.3500 0.3500 0.3500 0.3500 0.3500 0.3500 0.3500 0.3500 0.3500 0.3500 0.3500 0.3500 0.3500 0.3500 0.3500 0.3500 0.3500 0.3354 0.3162 0.3041 0.3000 0.3041 0.3162 0.3354 0.3606 0.3808 0.4031 0.4301 0.4610 0.4950 0.5315 0.5701 0.6103 0.5701 0.5315 0.4950 0.4610 0.4301 0.4031 0.3808 0.3640 0.3536 0.3500 0.3354 0.3162 0.3041 0.3000 0.3000 0.3000 0.3000 0.3041 0.3162 0.3354 0.3606 0.3905 0.3808 0.3606 0.3354 0.3162 0.3041 0.3000 0.3000 0.3000 0.3000 0.3000 0.3041 0.3162 0.3354 0.3606 0.3905 0.4243 0.4472 0.4717 0.5000 0.5315 0.5657 0.5220 0.4743 0.4272 0.3808 0.3354 0.2915 0.2500 0.2121 0.1803 0.1581 0.1500 0.1500 0.1500 0.1500 0.1500 0.1500
0.8322 0.8062 0.7826 0.7616 0.7433 0.7280 0.7159 0.7071 0.7018 0.7000 0.7000 0.6801 0.6403 0.6021 0.5657 0.5315 0.5000 0.4717 0.4472 0.4272 0.4123 0.4031 0.4000 0.4000 0.4000 0.4000 0.4000 0.4000 0.4000 0.4000 0.4000 0.3808 0.3640 0.3536 0.3500 0.3354 0.3162 0.3041 0.3000 0.3000 0.3041 0.3162 0.3162 0.3041 0.3000 0.3041 0.3162 0.3041 0.3000 0.3000 0.3000 0.3000 0.3041 0.3162 0.3000 0.2500 0.2000 0.1500 0.1000 0.0500 -0.0500 0.0500 0.0707 0.0500 -0.0500 0.0500 0.1000 0.1500 0.2000 0.2500 0.3000 0.3500 0.4000 0.4500 0.5000 0.5500 0.6000 0.6500 0.6500 0.6519 0.6576 0.6671 0.6801 0.6671 0.6576 0.6519 0.6500 0.6519 0.6576 0.6519 0.6500 0.6519 0.6576 0.6671 0.6801 0.6964 0.7159 0.7382 0.7159 0.6964 0.6801 0.6671 0.6576 0.6519 0.6500 0.6325 0.6185 0.6083 0.6021 0.6000 0.6000 0.5701 0.5315 0.4950 0.4610 0.4243 0.3905 0.3606 0.3354 0.3162 0.3041 0.3000 0.3000 0.3000 0.3000 0.3000 0.3000 0.3000 0.3000 0.3000 0.3000 0.3000 0.3000 0.3000 0.3000 0.3041 0.3162 0.3354 0.3606 0.3905 0.4000 0.4000 0.3808 0.3640 0.3536 0.3500 0.3500 0.3536 0.3640 0.3808 0.4031 0.4301 0.4610 0.4950 0.5315 0.5315 0.4950 0.4610 0.4301 0.4031 0.3808 0.3640 0.3536 0.3500 0.3500 0.3500 0.3500 0.3500 0.3500 0.3500 0.3500 0.3354 0.2915 0.2500 0.2121 0.1803 0.1581 0.1500 0.1500 0.1500 0.1500 0.1500 0.1500 0.1500 0.1500 0.1500 0.1500 0.1500 0.1500 0.1500 0.1500 0.1500 0.1500 0.1500 0.1500 0.1500 0.1500 0.1581 0.1803 0.2121 0.2500 0.2915 0.3354 0.3162 0.3041 0.3000 0.3000 0.3000 0.3000 0.3000 0.3000 0.3000 0.3000 0.3000 0.3000 0.3000 0.3000 0.3000 0.3000 0.3000 0.3000 0.3000 0.3000 0.3000 0.3000 0.2915 0.2693 0.2550 0.2500 0.2550 0.2693 0.2915 0.3162 0.3354 0.3606 0.3905 0.4243 0.4610 0.5000 0.5408 0.5831 0.5408 0.5000 0.4610 0.4243 0.3905 0.3606 0.3354 0.3162 0.3041 0.3000 0.2915 0.2693 0.2550 0.2500 0.2500 0.2500 0.2500 0.2550 0.2693 0.2915 0.3202 0.3536 0.3354 0.3162 0.2915 0.2693 0.2550 0.2500 0.2500 0.2500 0.2500 0.2500 0.2550 0.2693 0.2915 0.3202 0.3536 0.3808 0.4031 0.4301 0.4610 0.4950 0.5315 0.5099 0.4610 0.4123 0.3640 0.3162 0.2693 0.2236 0.1803 0.1414 0.1118 0.1000 0.1000 0.1000 0.1000 0.1000 0.1000
0.8746 0.8500 0.8276 0.8078 0.7906 0.7762 0.7649 0.7566 0.7517 0.7382 0.6946 0.6519 0.6103 0.5701 0.5315 0.4950 0.4610 0.4301 0.4031 0.3808 0.3640 0.3536 0.3500 0.3500 0.3500 0.3500 0.3500 0.3500 0.3500 0.3500 0.3500 0.3354 0.3162 0.3041 0.3000 0.3000 0.3000 0.3000 0.3000 0.3000 0.3000 0.3000 0.3000 0.3000 0.3000 0.3000 0.3000 0.3000 0.3000 0.3000 0.3000 0.3000 0.3000 0.3000 0.3000 0.2500 0.2000 0.1500 0.1000 0.0500 -0.0500 0.0500 0.1000 0.0500 -0.0500 0.0500 0.1000 0.1500 0.2000 0.2500 0.3000 0.3500 0.4000 0.4500 0.5000 0.5500 0.6000 0.6500 0.7000 0.7018 0.7071 0.7159 0.7280 0.7159 0.7071 0.7018 0.7000 0.7018 0.7071 0.7018 0.7000 0.7018 0.7071 0.7159 0.7280 0.7433 0.7616 0.7826 0.7616 0.7433 0.7280 0.7159 0.7071 0.7018 0.6964 0.6801 0.6671 0.6576 0.6519 0.6265 0.5831 0.5408 0.5000 0.4610 0.4243 0.3905 0.3536 0.3202 0.2915 0.2693 0.2550 0.2500 0.2500 0.2500 0.2500 0.2500 0.2500 0.2500 0.2500 0.2500 0.2500 0.2500 0.2500 0.2500 0.2500 0.2550 0.2693 0.2915 0.3202 0.3500 0.3500 0.3500 0.3354 0.3162 0.3041 0.3000 0.3000 0.3041 0.3162 0.3354 0.3606 0.3905 0.4243 0.4610 0.4950 0.5315 0.5315 0.5000 0.4717 0.4472 0.4272 0.4123 0.4031 0.4000 0.4000 0.4000 0.4000 0.4000 0.4000 0.4000 0.4000 0.3606 0.3202 0.2828 0.2500 0.2236 0.2062 0.2000 0.2000 0.2000 0.2000 0.2000 0.2000 0.2000 0.2000 0.2000 0.2000 0.2000 0.2000 0.2000 0.2000 0.2000 0.2000 0.2000 0.2000 0.2000 0.2000 0.2062 0.2236 0.2500 0.2828 0.3202 0.2915 0.2693 0.2550 0.2500 0.2500 0.2500 0.2500 0.2500 0.2500 0.2500 0.2500 0.2500 0.2500 0.2500 0.2500 0.2500 0.2500 0.2500 0.2500 0.2500 0.2500 0.2500 0.2500 0.2500 0.2236 0.2062 0.2000 0.2062 0.2236 0.2500 0.2693 0.2915 0.3202 0.3536 0.3905 0.4301 0.4717 0.5148 0.5590 0.5148 0.4717 0.4301 0.3905 0.3536 0.3202 0.2915 0.2693 0.2550 0.2500 0.2500 0.2236 0.2062 0.2000 0.2000 0.2000 0.2000 0.2062 0.2236 0.2500 0.2828 0.3202 0.2915 0.2693 0.2500 0.2236 0.2062 0.2000 0.2000 0.2000 0.2000 0.2000 0.2062 0.2236 0.2500 0.2828 0.3162 0.3354 0.3606 0.3905 0.4243 0.4610 0.5000 0.5025 0.4528 0.4031 0.3536 0.3041 0.2550 0.2062 0.1581 0.1118 0.0707 0.0500 0.0500 0.0500 0.0500 0.0500 0.0500
0.9179 0.8944 0.8732 0.8544 0.8382 0.8246 0.8139 0.8062 0.7616 0.7159 0.6708 0.6265 0.5831 0.5408 0.5000 0.4610 0.4243 0.3905 0.3606 0.3354 0.3162 0.3041 0.3000 0.3000 0.3000 0.3000 0.3000 0.3000 0.3000 0.3000 0.3000 0.2915 0.2693 0.2550 0.2500 0.2500 0.2500 0.2500 0.2500 0.2500 0.2500 0.2500 0.2500 0.2500 0.2500 0.2500 0.2500 0.2500 0.2500 0.2500 0.2500 0.2500 0.2500 0.2500 0.2500 0.2500 0.2000 0.1500 0.1000 0.0500 -0.0500 0.0500 0.0707 0.0500 -0.0500 0.0500 0.1000 0.1500 0.2000 0.2500 0.3000 0.3500 0.4000 0.4500 0.5000 0.5500 0.6000 0.6500 0.6964 0.7433 0.7566 0.7649 0.7762 0.7649 0.7566 0.7517 0.7500 0.7517 0.7566 0.7517 0.7500 0.7517 0.7566 0.7649 0.7762 0.7906 0.8078 0.8276 0.8078 0.7906 0.7762 0.7649 0.7566 0.7517 0.7433 0.7280 0.7071 0.6727 0.6403 0.6042 0.5590 0.5148 0.4717 0.4301 0.3905 0.3536 0.3202 0.2828 0.2500 0.2236 0.2062 0.2000 0.2000 0.2000 0.2000 0.2000 0.2000 0.2000 0.2000 0.2000 0.2000 0.2000 0.2000 0.2000 0.2000 0.2062 0.2236 0.2500 0.2828 0.3000 0.3000 0.3000 0.2915 0.2693 0.2550 0.2500 0.2500 0.2550 0.2693 0.2915 0.3202 0.3536 0.3905 0.4243 0.4610 0.5000 0.5408 0.5408 0.5148 0.4924 0.4743 0.4610 0.4528 0.4500 0.4500 0.4500 0.4500 0.4500 0.4500 0.4500 0.4301 0.3905 0.3536 0.3202 0.2915 0.2693 0.2550 0.2500 0.2500 0.2500 0.2500 0.2500 0.2500 0.2500 0.2500 0.2500 0.2500 0.2500 0.2500 0.2500 0.2500 0.2500 0.2500 0.2500 0.2500 0.2500 0.2500 0.2550 0.2693 0.2915 0.3202 0.2828 0.2500 0.2236 0.2062 0.2000 0.2000 0.2000 0.2000 0.2000 0.2000 0.2000 0.2000 0.2000 0.2000 0.2000 0.2000 0.2000 0.2000 0.2000 0.2000 0.2000 0.2000 0.2000 0.2000 0.2000 0.1803 0.1581 0.1500 0.1581 0.1803 0.2062 0.2236 0.2500 0.2828 0.3202 0.3606 0.4031 0.4472 0.4924 0.5385 0.4924 0.4472 0.4031 0.3606 0.3202 0.2828 0.2500 0.2236 0.2062 0.2000 0.2000 0.1803 0.1581 0.1500 0.1500 0.1500 0.1500 0.1581 0.1803 0.2121 0.2500 0.2828 0.2500 0.2236 0.2062 0.1803 0.1581 0.1500 0.1500 0.1500 0.1500 0.1500 0.1581 0.1803 0.2121 0.2500 0.2693 0.2915 0.3202 0.3536 0.3905 0.4301 0.4717 0.5000 0.4500 0.4000 0.3500 0.3000 0.2500 0.2000 0.1500 0.1000 0.0500 -0.0500 -0.0500 -0.0500 -0.0500 -0.0500 -0.0500
0.9618 0.9394 0.9192 0.9014 0.8860 0.8732 0.8382 0.7906 0.7433 0.6964 0.6500 0.6042 0.5590 0.5148 0.4717 0.4301 0.3905 0.3536 0.3202 0.2915 0.2693 0.2550 0.2500 0.2500 0.2500 0.2500 0.2500 0.2500 0.2500 0.2500 0.2500 0.2500 0.2236 0.2062 0.2000 0.2000 0.2000 0.2000 0.2000 0.2000 0.2000 0.2000 0.2000 0.2000 0.2000 0.2000 0.2000 0.2000 0.2000 0.2000 0.2000 0.2000 0.2000 0.2000 0.2000 0.2000 0.2000 0.1581 0.1118 0.0707 0.0500 -0.0500 0.0500 0.0500 -0.0500 0.0500 0.1000 0.1500 0.2000 0.2500 0.3000 0.3500 0.4000 0.4472 0.4924 0.5385 0.5852 0.6325 0.6801 0.7280 0.7762 0.8139 0.8246 0.8139 0.8062 0.8016 0.8000 0.8016 0.8062 0.8016 0.8000 0.8016 0.8062 0.8139 0.8246 0.8382 0.8544 0.8732 0.8544 0.8382 0.8246 0.8139 0.8062 0.7906 0.7500 0.7106 0.6727 0.6364 0.6021 0.5701 0.5385 0.4924 0.4472 0.4031 0.3606 0.3202 0.2828 0.2500 0.2121 0.1803 0.1581 0.1500 0.1500 0.1500 0.1500 0.1500 0.1500 0.1500 0.1500 0.1500 0.1500 0.1500 0.1500 0.1500 0.1500 0.1581 0.1803 0.2121 0.2500 0.2500 0.2500 0.2500 0.2500 0.2236 0.2062 0.2000 0.2000 0.2062 0.2236 0.2500 0.2828 0.3202 0.3536 0.3905 0.4301 0.4717 0.5148 0.5590 0.5590 0.5385 0.5220 0.5099 0.5025 0.5000 0.5000 0.5000 0.5000 0.5000 0.5000 0.5000 0.4610 0.4243 0.3905 0.3606 0.3354 0.3162 0.3041 0.3000 0.3000 0.3000 0.3000 0.3000 0.3000 0.3000 0.3000 0.3000 0.3000 0.3000 0.3000 0.3000 0.3000 0.3000 0.3000 0.3000 0.3000 0.3000 0.3000 0.3041 0.3162 0.3202 0.2828 0.2500 0.2121 0.1803 0.1581 0.1500 0.1500 0.1500 0.1500 0.1500 0.1500 0.1500 0.1500 0.1500 0.1500 0.1500 0.1500 0.1500 0.1500 0.1500 0.1500 0.1500 0.1500 0.1500 0.1500 0.1500 0.1414 0.1118 0.1000 0.1118 0.1414 0.1581 0.1803 0.2121 0.2500 0.2915 0.3354 0.3808 0.4272 0.4743 0.5220 0.4743 0.4272 0.3808 0.3354 0.2915 0.2500 0.2121 0.1803 0.1581 0.1500 0.1500 0.1414 0.1118 0.1000 0.1000 0.1000 0.1000 0.1118 0.1414 0.1803 0.2236 0.2500 0.2121 0.1803 0.1581 0.1414 0.1118 0.1000 0.1000 0.1000 0.1000 0.1000 0.1118 0.1414 0.1803 0.2062 0.2236 0.2500 0.2828 0.3202 0.3606 0.4031 0.4472 0.4924 0.4500 0.4000 0.3500 0.3000 0.2500 0.2000 0.1500 0.1000 0.0500 -0.0500 -0.1000 -0.1000 -0.1000 -0.1000 -0.1000
1.0062 0.9849 0.9657 0.9487 0.9220 0.8732 0.8246 0.7762 0.7280 0.6801 0.6325 0.5852 0.5385 0.4924 0.4472 0.4031 0.3606 0.3202 0.2828 0.2500 0.2236 0.2062 0.2000 0.2000 0.2000 0.2000 0.2000 0.2000 0.2000 0.2000 0.2000 0.2000 0.1803 0.1581 0.1500 0.1500 0.1500 0.1500 0.1500 0.1500 0.1500 0.1500 0.1500 0.1500 0.1500 0.1500 0.1500 0.1500 0.1500 0.1500 0.1500 0.1500 0.1500 0.1500 0.1500 0.1500 0.1500 0.1500 0.1000 0.0500 -0.0500 -0.0707 -0.0500 0.0500 -0.0500 0.0500 0.1000 0.1500 0.2000 0.2500 0.2915 0.3354 0.3808 0.4272 0.4743 0.5220 0.5701 0.6185 0.6671 0.7159 0.7649 0.8139 0.8631 0.8631 0.8559 0.8515 0.8500 0.8515 0.8559 0.8515 0.8500 0.8515 0.8559 0.8631 0.8732 0.8860 0.9014 0.9192 0.9014 0.8860 0.8732 0.8500 0.8062 0.7632 0.7211 0.6801 0.6403 0.6021 0.5657 0.5315 0.5000 0.4717 0.4272 0.3808 0.3354 0.2915 0.2500 0.2121 0.1803 0.1414 0.1118 0.1000 0.1000 0.1000 0.1000 0.1000 0.1000 0.1000 0.1000 0.1000 0.1000 0.1000 0.1000 0.1000 0.1000 0.1118 0.1414 0.1803 0.2000 0.2000 0.2000 0.2000 0.2000 0.1803 0.1581 0.1500 0.1500 0.1581 0.1803 0.2121 0.2500 0.2828 0.3202 0.3606 0.4031 0.4472 0.4924 0.5385 0.5852 0.5852 0.5701 0.5590 0.5523 0.5500 0.5500 0.5500 0.5500 0.5500 0.5500 0.5315 0.4950 0.4610 0.4301 0.4031 0.3808 0.3640 0.3536 0.3500 0.3500 0.3500 0.3500 0.3500 0.3500 0.3500 0.3500 0.3500 0.3500 0.3500 0.3500 0.3500 0.3500 0.3500 0.3500 0.3500 0.3500 0.3500 0.3500 0.3536 0.3354 0.2915 0.2500 0.2121 0.1803 0.1414 0.1118 0.1000 0.1000 0.1000 0.1000 0.1000 0.1000 0.1000 0.1000 0.1000 0.1000 0.1000 0.1000 0.1000 0.1000 0.1000 0.1000 0.1000 0.1000 0.1000 0.1000 0.1000 0.1000 0.0707 0.0500 0.0707 0.1000 0.1118 0.1414 0.1803 0.2236 0.2693 0.3162 0.3640 0.4123 0.4610 0.5099 0.4610 0.4123 0.3640 0.3162 0.2693 0.2236 0.1803 0.1414 0.1118 0.1000 0.1000 0.1000 0.0707 0.0500 0.0500 0.0500 0.0500 0.0707 0.1118 0.1581 0.1803 0.2121 0.1803 0.1414 0.1118 0.1000 0.0707 0.0500 0.0500 0.0500 0.0500 0.0500 0.0707 0.1118 0.1414 0.1581 0.1803 0.2121 0.2500 0.2915 0.3354 0.3808 0.4272 0.4743 0.4500 0.4000 0.3500 0.3000 0.2500 0.2000 0.1500 0.1000 0.0500 -0.0500 -0.1000 -0.1500 -0.1500 -0.1500 -0.1500
1.0512 1.0308 1.0112 0.9618 0.9124 0.8631 0.8139 0.7649 0.7159 0.6671 0.6185 0.5701 0.5220 0.4743 0.4272 0.3808 0.3354 0.2915 0.2500 0.2121 0.1803 0.1581 0.1500 0.1500 0.1500 0.1500 0.1500 0.1500 0.1500 0.1500 0.1500 0.1500 0.1414 0.1118 0.1000 0.1000 0.1000 0.1000 0.1000 0.1000 0.1000 0.1000 0.1000 0.1000 0.1000 0.1000 0.1000 0.1000 0.1000 0.1000 0.1000 0.1000 0.1000 0.1000 0.1000 0.1000 0.1000 0.1000 0.1000 0.0500 -0.0500 -0.0500 -0.0500 -0.0500 -0.0500 0.0500 0.1000 0.1414 0.1803 0.2236 0.2693 0.3162 0.3640 0.4123 0.4610 0.5099 0.5590 0.6083 0.6576 0.7071 0.7566 0.8062 0.8559 0.9055 0.9055 0.9014 0.9000 0.9014 0.9055 0.9014 0.9000 0.9014 0.9055 0.9124 0.9220 0.9341 0.9487 0.9657 0.9487 0.9192 0.8732 0.8276 0.7826 0.7382 0.6946 0.6519 0.6103 0.5701 0.5315 0.4950 0.4610 0.4301 0.4031 0.3640 0.3162 0.2693 0.2236 0.1803 0.1414 0.1118 0.0707 0.0500 0.0500 0.0500 0.0500 0.0500 0.0500 0.0500 0.0500 0.0500 0.0500 0.0500 0.0500 0.0500 0.0500 0.0707 0.1118 0.1414 0.1500 0.1500 0.1500 0.1500 0.1500 0.1414 0.1118 0.1000 0.1000 0.1118 0.1414 0.1803 0.2121 0.2500 0.2915 0.3354 0.3808 0.4272 0.4743 0.5220 0.5701 0.6185 0.6185 0.6083 0.6021 0.6000 0.6000 0.6000 0.6000 0.6000 0.6000 0.5657 0.5315 0.5000 0.4717 0.4472 0.4272 0.4123 0.4031 0.4000 0.4000 0.4000 0.4000 0.4000 0.4000 0.4000 0.4000 0.4000 0.4000 0.4000 0.4000 0.4000 0.4000 0.4000 0.4000 0.4000 0.4000 0.4000 0.4000 0.3640 0.3162 0.2693 0.2236 0.1803 0.1414 0.1118 0.0707 0.0500 0.0500 0.0500 0.0500 0.0500 0.0500 0.0500 0.0500 0.0500 0.0500 0.0500 0.0500 0.0500 0.0500 0.0500 0.0500 0.0500 0.0500 0.0500 0.0500 0.0500 0.0500 0.0500 -0.0500 0.0500 0.0500 0.0707 0.1118 0.1581 0.2062 0.2550 0.3041 0.3536 0.4031 0.4528 0.5025 0.4528 0.4031 0.3536 0.3041 0.2550 0.2062 0.1581 0.1118 0.0707 0.0500 0.0500 0.0500 0.0500 -0.0500 -0.0500 -0.0500 -0.0500 0.0500 0.1000 0.1118 0.1414 0.1803 0.1581 0.1118 0.0707 0.0500 0.0500 -0.0500 -0.0500 -0.0500 -0.0500 -0.0500 0.0500 0.0707 0.1000 0.1118 0.1414 0.1803 0.2236 0.2693 0.3162 0.3640 0.4123 0.4610 0.4472 0.4000 0.3500 0.3000 0.2500 0.2000 0.1500 0.1000 0.0500 -0.0500 -0.1000 -0.1500 -0.2000 -0.2000 -0.2000
1.0966 1.0548 1.0050 0.9552 0.9055 0.8559 0.8062 0.7566 0.7071 0.6576 0.6083 0.5590 0.5099 0.4610 0.4123 0.3640 0.3162 0.2693 0.2236 0.1803 0.1414 0.1118 0.1000 0.1000 0.1000 0.1000 0.1000 0.1000 0.1000 0.1000 0.1000 0.1000 0.1000 0.0707 0.0500 0.0500 0.0500 0.0500 0.0500 0.0500 0.0500 0.0500 0.0500 0.0500 0.0500 0.0500 0.0500 0.0500 0.0500 0.0500 0.0500 0.0500 0.0500 0.0500 0.0500 0.0500 0.0500 0.0500 0.0500 0.0500 0.0500 0.0500 0.0500 0.0500 0.0500 0.0500 0.0707 0.1118 0.1581 0.2062 0.2550 0.3041 0.3536 0.4031 0.4528 0.5025 0.5523 0.6021 0.6519 0.7018 0.7517 0.8016 0.8515 0.9014 0.9513 0.9513 0.9500 0.9513 0.9552 0.9513 0.9500 0.9513 0.9552 0.9618 0.9708 0.9823 0.9962 0.9962 0.9487 0.9014 0.8544 0.8078 0.7616 0.7159 0.6708 0.6265 0.5831 0.5408 0.5000 0.4610 0.4243 0.3905 0.3606 0.3354 0.3041 0.2550 0.2062 0.1581 0.1118 0.0707 0.0500 -0.0500 -0.0500 -0.0500 -0.0500 -0.0500 -0.0500 -0.0500 -0.0500 -0.0500 -0.0500 -0.0500 -0.0500 -0.0500 -0.0500 0.0500 0.0707 0.1000 0.1000 0.1000 0.1000 0.1000 0.1000 0.1000 0.0707 0.0500 0.0500 0.0707 0.1118 0.1414 0.1803 0.2236 0.2693 0.3162 0.3640 0.4123 0.4610 0.5099 0.5590 0.6083 0.6576 0.6576 0.6519 0.6500 0.6500 0.6500 0.6500 0.6500 0.6364 0.6021 0.5701 0.5408 0.5148 0.4924 0.4743 0.4610 0.4528 0.4500 0.4500 0.4500 0.4500 0.4500 0.4500 0.4500 0.4500 0.4500 0.4500 0.4500 0.4500 0.4500 0.4500 0.4500 0.4500 0.4500 0.4500 0.4500 0.4031 0.3536 0.3041 0.2550 0.2062 0.1581 0.1118 0.0707 0.0500 -0.0500 -0.0500 -0.0500 -0.0500 -0.0500 -0.0500 -0.0500 -0.0500 -0.0500 -0.0500 -0.0500 -0.0500 -0.0500 -0.0500 -0.0500 -0.0500 -0.0500 -0.0500 -0.0500 -0.0500 -0.0500 -0.0500 -0.0500 -0.0707 -0.0500 -0.0500 0.0500 0.1000 0.1500 0.2000 0.2500 0.3000 0.3500 0.4000 0.4500 0.5000 0.4500 0.4000 0.3500 0.3000 0.2500 0.2000 0.1500 0.1000 0.0500 -0.0500 -0.0500 -0.0500 -0.0500 -0.0707 -0.1000 -0.1000 -0.0500 0.0500 0.0500 0.0707 0.1118 0.1500 0.1500 0.1000 0.0500 -0.0500 -0.0500 -0.0707 -0.1000 -0.1000 -0.1000 -0.0707 -0.0500 0.0500 0.0500 0.0707 0.1118 0.1581 0.2062 0.2550 0.3041 0.3536 0.4031 0.4301 0.4031 0.3808 0.3500 0.3000 0.2500 0.2000 0.1500 0.1000 0.0500 -0.0500 -0.1000 -0.1500 -0.2000 -0.2500 -0.2500
1.1011 1.0512 1.0012 0.9513 0.9014 0.8515 0.8016 0.7517 0.7018 0.6519 0.6021 0.5523 0.5025 0.4528 0.4031 0.3536 0.3041 0.2550 0.2062 0.1581 0.1118 0.0707 0.0500 0.0500 0.0500 0.0500 0.0500 0.0500 0.0500 0.0500 0.0500 0.0500 0.0500 0.0500 -0.0500 -0.0500 -0.0500 -0.0500 -0.0500 -0.0500 -0.0500 -0.0500 -0.0500 -0.0500 -0.0500 -0.0500 -0.0500 -0.0500 -0.0500 -0.0500 -0.0500 -0.0500 -0.0500 -0.0500 -0.0500 -0.0500 -0.0500 -0.0500 -0.0500 -0.0500 -0.0500 0.0500 0.0707 0.1000 0.0500 -0.0500 0.0500 0.1000 0.1500 0.2000 0.2500 0.3000 0.3500 0.4000 0.4500 0.5000 0.5500 0.6000 0.6500 0.7000 0.7500 0.8000 0.8500 0.9000 0.9500 1.0000 1.0000 1.0012 1.0050 1.0012 1.0000 1.0012 1.0050 1.0112 1.0198 1.0308 1.0308 0.9823 0.9341 0.8860 0.8382 0.7906 0.7433 0.6964 0.6500 0.6042 0.5590 0.5148 0.4717 0.4301 0.3905 0.3536 0.3202 0.2915 0.2693 0.2500 0.2000 0.1500 0.1000 0.0500 -0.0500 -0.0707 -0.1000 -0.0500 0.0500 0.0500 0.0500 0.0500 0.0500 0.0500 0.0500 -0.0500 -0.1000 -0.1000 -0.0707 -0.0500 0.0500 0.0500 0.0500 0.0500 0.0500 0.0500 0.0500 0.0500 0.0500 -0.0500 -0.0500 0.0500 0.0707 0.1118 0.1581 0.2062 0.2550 0.3041 0.3536 0.4031 0.4528 0.5025 0.5523 0.6021 0.6364 0.6727 0.7018 0.7000 0.7000 0.7000 0.7000 0.7000 0.6727 0.6403 0.6103 0.5831 0.5590 0.5385 0.5220 0.5099 0.5025 0.5000 0.5000 0.5000 0.5000 0.5000 0.5000 0.5000 0.5000 0.5000 0.5000 0.5000 0.5000 0.5000 0.5000 0.5000 0.5000 0.5000 0.5000 0.4500 0.4000 0.3500 0.3000 0.2500 0.2000 0.1500 0.1000 0.0500 -0.0500 -0.0707 -0.1000 -0.1000 -0.1000 -0.1000 -0.1000 -0.1000 -0.1000 -0.1000 -0.1000 -0.1000 -0.1000 -0.1000 -0.1000 -0.1000 -0.1000 -0.1000 -0.1000 -0.1000 -0.1000 -0.1000 -0.1000 -0.1000 -0.1118 -0.1000 -0.0500 0.0500 0.1000 0.1500 0.2000 0.2500 0.3000 0.3500 0.4000 0.4500 0.5000 0.4500 0.4000 0.3500 0.3000 0.2500 0.2000 0.1500 0.1000 0.0500 -0.0500 -0.1000 -0.1000 -0.1000 -0.1118 -0.1414 -0.1118 -0.0707 -0.0500 -0.0500 0.0500 0.1000 0.1000 0.1000 0.1000 0.0500 -0.0500 -0.1000 -0.1118 -0.1118 -0.0707 -0.0500 -0.0707 -0.0707 -0.0500 -0.0500 0.0500 0.1000 0.1500 0.2000 0.2500 0.3000 0.3500 0.4000 0.3905 0.3606 0.3354 0.3162 0.3000 0.2500 0.2000 0.1500 0.1000 0.0500 -0.0500 -0.1000 -0.1500 -0.2000 -0.2500 -0.3000
1.1000 1.0500 1.0000 0.9500 0.9000 0.8500 0.8000 0.7500 0.7000 0.6500 0.6000 0.5500 0.5000 0.4500 0.4000 0.3500 0.3000 0.2500 0.2000 0.1500 0.1000 0.0500 -0.0500 -0.0500 -0.0500 -0.0500 -0.0500 -0.0500 -0.0500 -0.0500 -0.0500 -0.0500 -0.0500 -0.0500 -0.0707 -0.1000 -0.1000 -0.1000 -0.1000 -0.1000 -0.1000 -0.1000 -0.1000 -0.1000 -0.1000 -0.1000 -0.1000 -0.1000 -0.1000 -0.1000 -0.1000 -0.1000 -0.1000 -0.1000 -0.1000 -0.1000 -0.1000 -0.1000 -0.1000 -0.1000 -0.0707 -0.0500 0.0500 0.1000 0.0707 0.0500 0.0707 0.1118 0.1581 0.2062 0.2550 0.3041 0.3536 0.4031 0.4528 0.5025 0.5523 0.6021 0.6519 0.7018 0.7517 0.8016 0.8515 0.9014 0.9513 1.0012 1.0500 1.0512 1.0548 1.0512 1.0500 1.0512 1.0548 1.0607 1.0689 1.0689 1.0198 0.9708 0.9220 0.8732 0.8246 0.7762 0.7280 0.6801 0.6325 0.5852 0.5385 0.4924 0.4472 0.4031 0.3606 0.3202 0.2828 0.2500 0.2236 0.2062 0.1803 0.1500 0.1000 0.0500 -0.0500 -0.1000 -0.1118 -0.0707 -0.0500 -0.0500 -0.0500 -0.0500 -0.0500 -0.0500 -0.0500 -0.0707 -0.1118 -0.1414 -0.1118 -0.0707 -0.0500 -0.0500 -0.0500 -0.0500 -0.0500 -0.0500 -0.0500 -0.0500 -0.0500 -0.0707 -0.0707 -0.0500 0.0500 0.1000 0.1500 0.2000 0.2500 0.3000 0.3500 0.4000 0.4500 0.5000 0.5315 0.5657 0.6021 0.6364 0.6727 0.7106 0.7500 0.7500 0.7500 0.7433 0.7106 0.6801 0.6519 0.6265 0.6042 0.5852 0.5701 0.5590 0.5523 0.5500 0.5500 0.5500 0.5500 0.5500 0.5500 0.5500 0.5500 0.5500 0.5500 0.5500 0.5500 0.5500 0.5500 0.5500 0.5500 0.5315 0.5000 0.4500 0.4000 0.3500 0.3000 0.2500 0.2000 0.1500 0.1000 0.0500 -0.0500 -0.1000 -0.1414 -0.1500 -0.1500 -0.1500 -0.1500 -0.1500 -0.1500 -0.1500 -0.1500 -0.1500 -0.1500 -0.1500 -0.1500 -0.1500 -0.1500 -0.1500 -0.1500 -0.1500 -0.1500 -0.1500 -0.1500 -0.1500 -0.1500 -0.1000 -0.0500 0.0500 0.1000 0.1500 0.2000 0.2500 0.3000 0.3500 0.4000 0.4500 0.5000 0.4500 0.4000 0.3500 0.3000 0.2500 0.2000 0.1500 0.1000 0.0500 -0.0500 -0.1000 -0.1500 -0.1500 -0.1581 -0.1803 -0.1414 -0.1118 -0.1000 -0.0500 0.0500 0.0500 0.0500 0.0500 0.0500 0.0500 -0.0500 -0.1000 -0.1500 -0.1000 -0.0500 0.0500 -0.0500 -0.1000 -0.0500 0.0500 0.0707 0.1118 0.1581 0.2062 0.2550 0.3041 0.3536 0.3905 0.3536 0.3202 0.2915 0.2693 0.2550 0.2500 0.2000 0.1500 0.1000 0.0500 -0.0500 -0.1000 -0.1500 -0.2000 -0.2500 -0.3000
1.1011 1.0512 1.0012 0.9513 0.9014 0.8515 0.8016 0.7517 0.7018 0.6519 0.6021 0.5523 0.5025 0.4528 0.4031 0.3536 0.3041 0.2550 0.2062 0.1581 0.1118 0.0707 0.0500 0.0500 0.0500 -0.0500 -0.1000 -0.1000 -0.1000 -0.1000 -0.1000 -0.1000 -0.1000 -0.1000 -0.1118 -0.1414 -0.1500 -0.1500 -0.1500 -0.1500 -0.1500 -0.1500 -0.1500 -0.1500 -0.1500 -0.1500 -0.1500 -0.1500 -0.1500 -0.1500 -0.1500 -0.1500 -0.1500 -0.1500 -0.1500 -0.1500 -0.1500 -0.1500 -0.1500 -0.1000 -0.0500 0.0500 0.0707 0.1118 0.1118 0.1000 0.1118 0.1414 0.1803 0.2236 0.2693 0.3162 0.3640 0.4123 0.4610 0.5099 0.5590 0.6083 0.6576 0.7071 0.7566 0.8062 0.8559 0.9055 0.9552 1.0050 1.0548 1.1011 1.1045 1.1011 1.1000 1.1011 1.1045 1.1102 1.1102 1.0607 1.0112 0.9618 0.9124 0.8631 0.8139 0.7649 0.7159 0.6671 0.6185 0.5701 0.5220 0.4743 0.4272 0.3808 0.3354 0.2915 0.2500 0.2121 0.1803 0.1581 0.1414 0.1118 0.1000 0.0500 -0.0500 -0.1000 -0.1414 -0.1118 -0.1000 -0.1000 -0.1000 -0.1000 -0.1000 -0.1000 -0.1000 -0.1118 -0.1414 -0.1803 -0.1414 -0.1118 -0.1000 -0.1000 -0.1000 -0.1000 -0.1000 -0.1000 -0.1000 -0.1000 -0.1000 -0.1118 -0.1000 -0.0500 0.0500 0.1000 0.1500 0.2000 0.2500 0.3000 0.3500 0.4000 0.4301 0.4610 0.4950 0.5315 0.5657 0.6021 0.6403 0.6801 0.7211 0.7632 0.8000 0.7810 0.7500 0.7211 0.6946 0.6708 0.6500 0.6325 0.6185 0.6083 0.6021 0.6000 0.6000 0.6000 0.6000 0.6000 0.6000 0.6000 0.6000 0.6000 0.6000 0.6000 0.6000 0.6000 0.6000 0.5701 0.5315 0.4950 0.4610 0.4301 0.4000 0.3500 0.3000 0.2500 0.2000 0.1500 0.1000 0.0500 -0.0500 -0.1000 -0.1500 -0.2000 -0.2000 -0.2000 -0.2000 -0.2000 -0.2000 -0.2000 -0.2000 -0.2000 -0.2000 -0.2000 -0.2000 -0.2000 -0.2000 -0.2000 -0.2000 -0.2000 -0.2000 -0.2000 -0.2000 -0.2000 -0.1500 -0.1000 -0.0500 0.0500 0.1000 0.1500 0.2000 0.2500 0.3000 0.3500 0.4000 0.4500 0.5000 0.4500 0.4000 0.3500 0.3000 0.2500 0.2000 0.1500 0.1000 0.0500 -0.0500 -0.1000 -0.1500 -0.2000 -0.2062 -0.2121 -0.1803 -0.1581 -0.1118 -0.0707 -0.0500 -0.0500 -0.0500 -0.0500 -0.0500 -0.0500 -0.0707 -0.1118 -0.1581 -0.1118 -0.0707 -0.0500 -0.0707 -0.1000 -0.0500 0.0500 0.1000 0.1414 0.1803 0.2236 0.2693 0.3162 0.3640 0.3606 0.3202 0.2828 0.2500 0.2236 0.2062 0.2000 0.2000 0.1500 0.1000 0.0500 -0.0500 -0.1000 -0.1500 -0.2000 -0.2500 -0.3000
1.1045 1.0548 1.0050 0.9552 0.9055 0.8559 0.8062 0.7566 0.7071 0.6576 0.6083 0.5590 0.5099 0.4610 0.4123 0.3640 0.3162 0.2693 0.2236 0.1803 0.1414 0.1118 0.1000 0.1000 0.0500 -0.0500 -0.1000 -0.1500 -0.1500 -0.1500 -0.1500 -0.1500 -0.1500 -0.1500 -0.1581 -0.1803 -0.2000 -0.2000 -0.2000 -0.2000 -0.2000 -0.2000 -0.2000 -0.2000 -0.2000 -0.2000 -0.2000 -0.2000 -0.2000 -0.2000 -0.2000 -0.2000 -0.2000 -0.2000 -0.2000 -0.2000 -0.2000 -0.2000 -0.1500 -0.1000 -0.0500 0.0500 0.1000 0.1414 0.1581 0.1500 0.1581 0.1803 0.2121 0.2500 0.2915 0.3354 0.3808 0.4272 0.4743 0.5220 0.5701 0.6185 0.6671 0.7159 0.7649 0.8139 0.8631 0.9124 0.9618 1.0112 1.0607 1.1102 1.1543 1.1511 1.1500 1.1511 1.1543 1.1543 1.1045 1.0548 1.0050 0.9552 0.9055 0.8559 0.8062 0.7566 0.7071 0.6576 0.6083 0.5590 0.5099 0.4610 0.4123 0.3640 0.3162 0.2693 0.2236 0.1803 0.1414 0.1118 0.1000 0.0707 0.0500 0.0500 -0.0500 -0.1000 -0.1500 -0.1581 -0.1500 -0.1500 -0.1500 -0.1500 -0.1500 -0.1500 -0.1500 -0.1581 -0.1803 -0.2121 -0.1803 -0.1581 -0.1500 -0.1500 -0.1500 -0.1500 -0.1500 -0.1500 -0.1500 -0.1500 -0.1500 -0.1500 -0.1000 -0.0500 0.0500 0.1000 0.1500 0.2000 0.2500 0.3000 0.3354 0.3606 0.3905 0.4243 0.4610 0.4950 0.5315 0.5701 0.6103 0.6519 0.6946 0.7382 0.7826 0.8201 0.7906 0.7632 0.7382 0.7159 0.6964 0.6801 0.6671 0.6576 0.6519 0.6500 0.6500 0.6500 0.6500 0.6500 0.6500 0.6500 0.6500 0.6500 0.6500 0.6500 0.6500 0.6265 0.5831 0.5408 0.5000 0.4610 0.4243 0.3905 0.3606 0.3354 0.3000 0.2500 0.2000 0.1500 0.1000 0.0500 -0.0500 -0.1000 -0.1500 -0.2000 -0.2500 -0.2500 -0.2500 -0.2500 -0.2500 -0.2500 -0.2500 -0.2500 -0.2500 -0.2500 -0.2500 -0.2500 -0.2500 -0.2500 -0.2500 -0.2500 -0.2500 -0.2500 -0.2500 -0.2000 -0.1500 -0.1000 -0.0500 0.0500 0.1000 0.1500 0.2000 0.2500 0.3000 0.3500 0.4000 0.4500 0.5000 0.4500 0.4000 0.3500 0.3000 0.2500 0.2000 0.1500 0.1000 0.0500 -0.0500 -0.1000 -0.1500 -0.2000 -0.2500 -0.2500 -0.2236 -0.1803 -0.1414 -0.1118 -0.1000 -0.1000 -0.1000 -0.1000 -0.1000 -0.1000 -0.1118 -0.1414 -0.1803 -0.1414 -0.1118 -0.1000 -0.1118 -0.1000 -0.0500 0.0500 0.1000 0.1500 0.2000 0.2500 0.2915 0.3354 0.3808 0.3354 0.2915 0.2500 0.2121 0.1803 0.1581 0.1500 0.1500 0.1500 0.1000 0.0500 -0.0500 -0.1000 -0.1500 -0.2000 -0.2500 -0.3000
1.1102 1.0607 1.0112 0.9618 0.9124 0.8631 0.8139 0.7649 0.7159 0.6671 0.6185 0.5701 0.5220 0.4743 0.4272 0.3808 0.3354 0.2915 0.2500 0.2121 0.1803 0.1581 0.1500 0.1000 0.0500 -0.0500 -0.1000 -0.1500 -0.2000 -0.2000 -0.2000 -0.2000 -0.2000 -0.2000 -0.2062 -0.2236 -0.2500 -0.2500 -0.2500 -0.2500 -0.2500 -0.2500 -0.2500 -0.2500 -0.2500 -0.2500 -0.2500 -0.2500 -0.2500 -0.2500 -0.2500 -0.2500 -0.2500 -0.2500 -0.2500 -0.2500 -0.2500 -0.2000 -0.1500 -0.1000 -0.0500 0.0500 0.1000 0.1500 0.2000 0.2000 0.2062 0.2236 0.2500 0.2828 0.3202 0.3606 0.4031 0.4472 0.4924 0.5385 0.5852 0.6325 0.6801 0.7280 0.7762 0.8246 0.8732 0.9220 0.9708 1.0198 1.0689 1.1180 1.1673 1.2010 1.2000 1.2010 1.2010 1.1511 1.1011 1.0512 1.0012 0.9513 0.9014 0.8515 0.8016 0.7517 0.7018 0.6519 0.6021 0.5523 0.5025 0.4528 0.4031 0.3536 0.3041 0.2550 0.2062 0.1581 0.1118 0.0707 0.0500 0.0500 -0.0500 -0.0500 -0.0707 -0.1118 -0.1581 -0.2062 -0.2000 -0.2000 -0.2000 -0.2000 -0.2000 -0.2000 -0.2000 -0.2062 -0.2236 -0.2500 -0.2236 -0.2062 -0.2000 -0.2000 -0.2000 -0.2000 -0.2000 -0.2000 -0.2000 -0.2000 -0.2000 -0.1500 -0.1000 -0.0500 0.0500 0.1000 0.1500 0.2000 0.2500 0.2693 0.2915 0.3202 0.3536 0.3905 0.4243 0.4610 0.5000 0.5408 0.5831 0.6265 0.6708 0.7159 0.7616 0.8078 0.8322 0.8062 0.7826 0.7616 0.7433 0.7280 0.7159 0.7071 0.7018 0.7000 0.7000 0.7000 0.7000 0.7000 0.7000 0.7000 0.7000 0.7000 0.7000 0.6946 0.6500 0.6042 0.5590 0.5148 0.4717 0.4301 0.3905 0.3536 0.3202 0.2915 0.2693 0.2500 0.2000 0.1500 0.1000 0.0500 -0.0500 -0.1000 -0.1500 -0.2000 -0.2500 -0.3000 -0.3000 -0.3000 -0.3000 -0.3000 -0.3000 -0.3000 -0.3000 -0.3000 -0.3000 -0.3000 -0.3000 -0.3000 -0.3000 -0.3000 -0.3000 -0.3000 -0.2500 -0.2000 -0.1500 -0.1000 -0.0500 0.0500 0.1000 0.1500 0.2000 0.2500 0.3000 0.3500 0.4000 0.4500 0.5000 0.4500 0.4000 0.3500 0.3000 0.2500 0.2000 0.1500 0.1000 0.0500 -0.0500 -0.1000 -0.1500 -0.2000 -0.2500 -0.2915 -0.2500 -0.2121 -0.1803 -0.1581 -0.1500 -0.1500 -0.1500 -0.1500 -0.1500 -0.1500 -0.1581 -0.1803 -0.2121 -0.1803 -0.1581 -0.1500 -0.1500 -0.1000 -0.0500 0.0500 0.1000 0.1500 0.2000 0.2500 0.3000 0.3500 0.3640 0.3162 0.2693 0.2236 0.1803 0.1414 0.1118 0.1000 0.1000 0.1118 0.1000 0.0500 -0.0500 -0.1000 -0.1500 -0.2000 -0.2500 -0.3000
1.1180 1.0689 1.0198 0.9708 0.9220 0.8732 0.8246 0.7762 0.7280 0.6801 0.6325 0.5852 0.5385 0.4924 0.4472 0.4031 0.3606 0.3202 0.2828 0.2500 0.2236 0.2000 0.1500 0.1000 0.0500 -0.0500 -0.1000 -0.1500 -0.2000 -0.2500 -0.2500 -0.2500 -0.2500 -0.2500 -0.2550 -0.2693 -0.2915 -0.3000 -0.3000 -0.3000 -0.3000 -0.3000 -0.3000 -0.3000 -0.3000 -0.3000 -0.3000 -0.3000 -0.3000 -0.3000 -0.3000 -0.3000 -0.3000 -0.3000 -0.3000 -0.3000 -0.2500 -0.2000 -0.1500 -0.1000 -0.0500 0.0500 0.1000 0.1500 0.2000 0.2500 0.2550 0.2693 0.2915 0.3202 0.3536 0.3905 0.4301 0.4717 0.5148 0.5590 0.6042 0.6500 0.6964 0.7433 0.7906 0.8382 0.8860 0.9341 0.9823 1.0308 1.0794 1.1281 1.1769 1.2258 1.2500 1.2500 1.2000 1.1500 1.1000 1.0500 1.0000 0.9500 0.9000 0.8500 0.8000 0.7500 0.7000 0.6500 0.6000 0.5500 0.5000 0.4500 0.4000 0.3500 0.3000 0.2500 0.2000 0.1500 0.1000 0.0500 -0.0500 -0.0500 -0.0707 -0.1000 -0.1118 -0.1414 -0.1803 -0.2236 -0.2500 -0.2500 -0.2500 -0.2500 -0.2500 -0.2500 -0.2500 -0.2550 -0.2693 -0.2915 -0.2693 -0.2550 -0.2500 -0.2500 -0.2500 -0.2500 -0.2500 -0.2500 -0.2500 -0.2500 -0.2000 -0.1500 -0.1000 -0.0500 0.0500 0.1000 0.1500 0.2000 0.2062 0.2236 0.2500 0.2828 0.3202 0.3536 0.3905 0.4301 0.4717 0.5148 0.5590 0.6042 0.6500 0.6964 0.7433 0.7906 0.8382 0.8500 0.8276 0.8078 0.7906 0.7762 0.7649 0.7566 0.7517 0.7500 0.7500 0.7500 0.7500 0.7500 0.7500 0.7500 0.7500 0.7500 0.7159 0.6708 0.6265 0.5831 0.5385 0.4924 0.4472 0.4031 0.3606 0.3202 0.2828 0.2500 0.2236 0.2062 0.1803 0.1500 0.1000 0.0500 -0.0500 -0.1000 -0.1500 -0.2000 -0.2500 -0.3000 -0.3500 -0.3500 -0.3500 -0.3500 -0.3500 -0.3500 -0.3500 -0.3500 -0.3500 -0.3500 -0.3500 -0.3500 -0.3500 -0.3500 -0.3500 -0.3000 -0.2500 -0.2000 -0.1500 -0.1000 -0.0500 0.0500 0.1000 0.1500 0.2000 0.2500 0.3000 0.3500 0.4000 0.4500 0.5000 0.4500 0.4000 0.3500 0.3000 0.2500 0.2000 0.1500 0.1000 0.0500 -0.0500 -0.1000 -0.1500 -0.2000 -0.2500 -0.3000 -0.2828 -0.2500 -0.2236 -0.2062 -0.2000 -0.2000 -0.2000 -0.2000 -0.2000 -0.2000 -0.2062 -0.2236 -0.2500 -0.2236 -0.2062 -0.2000 -0.1500 -0.1000 -0.0500 0.0500 0.1000 0.1500 0.2000 0.2500 0.3000 0.3500 0.3536 0.3041 0.2550 0.2062 0.1581 0.1118 0.0707 0.0500 0.0500 0.0707 0.1000 0.0500 -0.0500 -0.1000 -0.1500 -0.2000 -0.2500 -0.3000
1.1281 1.0794 1.0308 0.9823 0.9341 0.8860 0.8382 0.7906 0.7433 0.6964 0.6500 0.6042 0.5590 0.5148 0.4717 0.4301 0.3905 0.3536 0.3162 0.2693 0.2236 0.1803 0.1414 0.1000 0.0500 -0.0500 -0.1000 -0.1500 -0.2000 -0.2500 -0.3000 -0.3000 -0.3000 -0.3000 -0.3041 -0.3162 -0.3354 -0.3500 -0.3500 -0.3500 -0.3500 -0.3500 -0.3500 -0.3500 -0.3500 -0.3500 -0.3500 -0.3500 -0.3500 -0.3500 -0.3500 -0.3500 -0.3500 -0.3500 -0.3500 -0.3000 -0.2500 -0.2000 -0.1500 -0.1000 -0.0500 0.0500 0.1000 0.1500 0.2000 0.2500 0.2828 0.3162 0.3354 0.3606 0.3905 0.4243 0.4610 0.5000 0.5408 0.5831 0.6265 0.6708 0.7159 0.7616 0.8078 0.8544 0.9014 0.9487 0.9962 1.0440 1.0920 1.1402 1.1885 1.2369 1.2855 1.2500 1.2000 1.1500 1.1000 1.0500 1.0000 0.9500 0.9000 0.8500 0.8000 0.7500 0.7000 0.6500 0.6000 0.5500 0.5000 0.4500 0.4000 0.3500 0.3000 0.2500 0.2000 0.1500 0.1000 0.0500 -0.0500 -0.1000 -0.1118 -0.1414 -0.1581 -0.1803 -0.2121 -0.2500 -0.2915 -0.3000 -0.3000 -0.3000 -0.3000 -0.3000 -0.3000 -0.3041 -0.3162 -0.3354 -0.3162 -0.3041 -0.3000 -0.3000 -0.3000 -0.3000 -0.3000 -0.3000 -0.3000 -0.2500 -0.2000 -0.1500 -0.1000 -0.0500 0.0500 0.1000 0.1500 0.1500 0.1581 0.1803 0.2121 0.2500 0.2828 0.3202 0.3606 0.4031 0.4472 0.4924 0.5385 0.5852 0.6325 0.6801 0.7280 0.7762 0.8246 0.8732 0.8732 0.8544 0.8382 0.8246 0.8139 0.8062 0.8016 0.8000 0.8000 0.8000 0.8000 0.8000 0.8000 0.8000 0.7906 0.7433 0.6964 0.6500 0.6042 0.5590 0.5148 0.4717 0.4272 0.3808 0.3354 0.2915 0.2500 0.2121 0.1803 0.1581 0.1414 0.1118 0.1000 0.0500 -0.0500 -0.1000 -0.1500 -0.2000 -0.2500 -0.3000 -0.3500 -0.4000 -0.4000 -0.4000 -0.4000 -0.4000 -0.4000 -0.4000 -0.4000 -0.4000 -0.4000 -0.4000 -0.4000 -0.4000 -0.3500 -0.3000 -0.2500 -0.2000 -0.1500 -0.1000 -0.0500 0.0500 0.1000 0.1500 0.2000 0.2500 0.3000 0.3500 0.4000 0.4500 0.5000 0.4500 0.4000 0.3500 0.3000 0.2500 0.2000 0.1500 0.1000 0.0500 -0.0500 -0.1000 -0.1500 -0.2000 -0.2500 -0.3000 -0.3202 -0.2915 -0.2693 -0.2550 -0.2500 -0.2500 -0.2500 -0.2500 -0.2500 -0.2500 -0.2550 -0.2693 -0.2915 -0.2693 -0.2500 -0.2000 -0.1500 -0.1000 -0.0500 0.0500 0.1000 0.1500 0.2000 0.2500 0.3000 0.3500 0.3500 0.3000 0.2500 0.2000 0.1500 0.1000 0.0500 -0.0500 -0.0500 0.0500 0.1000 0.0500 -0.0500 -0.1000 -0.1500 -0.2000 -0.2500 -0.3000
1.1402 1.0920 1.0440 0.9962 0.9487 0.9014 0.8544 0.8078 0.7616 0.7159 0.6708 0.6265 0.5831 0.5408 0.5000 0.4528 0.4031 0.3536 0.3041 0.2550 0.2062 0.1581 0.1118 0.0707 0.0500 -0.0500 -0.1000 -0.1500 -0.2000 -0.2500 -0.3000 -0.3500 -0.3500 -0.3500 -0.3536 -0.3640 -0.3808 -0.4000 -0.4000 -0.4000 -0.4000 -0.4000 -0.4000 -0.4000 -0.4000 -0.4000 -0.4000 -0.4000 -0.4000 -0.4000 -0.4000 -0.4000 -0.4000 -0.4000 -0.3500 -0.3000 -0.2500 -0.2000 -0.1500 -0.1000 -0.0500 0.0500 0.1000 0.1414 0.1803 0.2121 0.2500 0.2828 0.3202 0.3606 0.4031 0.4472 0.4924 0.5315 0.5701 0.6103 0.6519 0.6946 0.7382 0.7826 0.8276 0.8732 0.9192 0.9657 1.0124 1.0595 1.1068 1.1543 1.2021 1.2500 1.2981 1.2500 1.2000 1.1500 1.1000 1.0500 1.0000 0.9500 0.9000 0.8500 0.8000 0.7500 0.7000 0.6500 0.6000 0.5500 0.5000 0.4500 0.4000 0.3500 0.3000 0.2500 0.2000 0.1500 0.1000 0.0500 -0.0500 -0.1000 -0.1500 -0.1803 -0.2062 -0.2236 -0.2500 -0.2828 -0.3202 -0.3500 -0.3500 -0.3500 -0.3500 -0.3500 -0.3500 -0.3536 -0.3640 -0.3808 -0.3640 -0.3536 -0.3500 -0.3500 -0.3500 -0.3500 -0.3500 -0.3500 -0.3000 -0.2500 -0.2000 -0.1500 -0.1000 -0.0500 0.0500 0.1000 0.1000 0.1000 0.1118 0.1414 0.1803 0.2121 0.2500 0.2915 0.3354 0.3808 0.4272 0.4743 0.5220 0.5701 0.6185 0.6671 0.7159 0.7649 0.8139 0.8631 0.9124 0.9014 0.8860 0.8732 0.8631 0.8559 0.8515 0.8500 0.8500 0.8500 0.8500 0.8500 0.8500 0.8246 0.7762 0.7280 0.6801 0.6325 0.5852 0.5385 0.4924 0.4472 0.4031 0.3606 0.3162 0.2693 0.2236 0.1803 0.1414 0.1118 0.1000 0.0707 0.0500 0.0500 -0.0500 -0.1000 -0.1500 -0.2000 -0.2500 -0.3000 -0.3500 -0.4000 -0.4500 -0.4500 -0.4500 -0.4500 -0.4500 -0.4500 -0.4500 -0.4500 -0.4500 -0.4500 -0.4500 -0.4000 -0.3500 -0.3000 -0.2500 -0.2000 -0.1500 -0.1000 -0.0500 0.0500 0.1000 0.1500 0.2000 0.2500 0.3000 0.3500 0.4000 0.4500 0.5000 0.4500 0.4000 0.3500 0.3000 0.2500 0.2000 0.1500 0.1000 0.0500 -0.0500 -0.1000 -0.1500 -0.2000 -0.2500 -0.3000 -0.3500 -0.3354 -0.3162 -0.3041 -0.3000 -0.3000 -0.3000 -0.3000 -0.3000 -0.3000 -0.3041 -0.3162 -0.3354 -0.3000 -0.2500 -0.2000 -0.1500 -0.1000 -0.0500 0.0500 0.1000 0.1500 0.2000 0.2500 0.3000 0.3500 0.3354 0.2915 0.2500 0.2000 0.1500 0.1000 0.0500 -0.0500 -0.0500 0.0500 0.0500 0.0500 -0.0500 -0.1000 -0.1500 -0.2000 -0.2500 -0.3000
1.1543 1.1068 1.0595 1.0124 0.9657 0.9192 0.8732 0.8276 0.7826 0.7382 0.6946 0.6500 0.6000 0.5500 0.5000 0.4500 0.4000 0.3500 0.3000 0.2500 0.2000 0.1500 0.1000 0.0500 -0.0500 -0.0707 -0.1118 -0.1581 -0.2062 -0.2550 -0.3041 -0.3536 -0.4000 -0.4000 -0.4031 -0.4123 -0.4272 -0.4472 -0.4500 -0.4500 -0.4500 -0.4500 -0.4500 -0.4500 -0.4500 -0.4500 -0.4500 -0.4500 -0.4500 -0.4500 -0.4500 -0.4500 -0.4500 -0.4000 -0.3500 -0.3000 -0.2500 -0.2000 -0.1500 -0.1000 -0.0500 0.0500 0.0707 0.1118 0.1414 0.1803 0.2121 0.2500 0.2915 0.3354 0.3808 0.4272 0.4743 0.5220 0.5701 0.6185 0.6671 0.7159 0.7632 0.8062 0.8500 0.8944 0.9394 0.9849 1.0308 1.0770 1.1236 1.1705 1.2176 1.2649 1.3000 1.2500 1.2000 1.1500 1.1000 1.0500 1.0000 0.9500 0.9000 0.8500 0.8000 0.7500 0.7000 0.6500 0.6000 0.5500 0.5000 0.4500 0.4000 0.3500 0.3000 0.2500 0.2000 0.1500 0.1000 0.0500 -0.0500 -0.1000 -0.1500 -0.2000 -0.2500 -0.2693 -0.2915 -0.3202 -0.3536 -0.3905 -0.4000 -0.4000 -0.4000 -0.4000 -0.4000 -0.4031 -0.4123 -0.4272 -0.4123 -0.4031 -0.4000 -0.4000 -0.4000 -0.4000 -0.4000 -0.3500 -0.3000 -0.2500 -0.2000 -0.1500 -0.1000 -0.0500 0.0500 0.0500 0.0500 0.0500 0.0707 0.1118 0.1414 0.1803 0.2236 0.2693 0.3162 0.3640 0.4123 0.4610 0.5099 0.5590 0.6083 0.6576 0.7071 0.7566 0.8062 0.8559 0.9055 0.9487 0.9341 0.9220 0.9124 0.9055 0.9014 0.9000 0.9000 0.9000 0.9000 0.9000 0.8631 0.8139 0.7649 0.7159 0.6671 0.6185 0.5701 0.5220 0.4743 0.4272 0.3808 0.3354 0.2915 0.2500 0.2062 0.1581 0.1118 0.0707 0.0500 0.0500 -0.0500 -0.0500 -0.0707 -0.1118 -0.1581 -0.2062 -0.2550 -0.3041 -0.3536 -0.4031 -0.4472 -0.4924 -0.5000 -0.5000 -0.5000 -0.5000 -0.5000 -0.5000 -0.5000 -0.5000 -0.4500 -0.4000 -0.3500 -0.3000 -0.2500 -0.2000 -0.1500 -0.1000 -0.0500 0.0500 0.1000 0.1500 0.2000 0.2500 0.3000 0.3500 0.4000 0.4500 0.5000 0.4500 0.4000 0.3500 0.3000 0.2500 0.2000 0.1500 0.1000 0.0500 -0.0500 -0.1000 -0.1500 -0.2000 -0.2500 -0.3000 -0.3500 -0.3808 -0.3640 -0.3536 -0.3500 -0.3500 -0.3500 -0.3500 -0.3500 -0.3500 -0.3536 -0.3640 -0.3500 -0.3000 -0.2500 -0.2000 -0.1500 -0.1000 -0.0500 0.0500 0.1000 0.1500 0.2000 0.2500 0.3000 0.3500 0.3162 0.2693 0.2236 0.1803 0.1414 0.1000 0.0500 -0.0500 -0.0500 0.0500 -0.0500 0.0500 -0.0500 -0.1000 -0.1500 -0.2000 -0.2500 -0.3000
1.1705 1.1236 1.0770 1.0308 0.9849 0.9394 0.8944 0.8500 0.8000 0.7500 0.7000 0.6500 0.6000 0.5500 0.5000 0.4500 0.4000 0.3500 0.3000 0.2500 0.2000 0.1500 0.1000 0.0500 -0.0500 -0.1000 -0.1414 -0.1803 -0.2236 -0.2693 -0.3162 -0.3640 -0.4123 -0.4500 -0.4528 -0.4610 -0.4743 -0.4924 -0.5000 -0.5000 -0.5000 -0.5000 -0.5000 -0.5000 -0.5000 -0.5000 -0.5000 -0.5000 -0.5000 -0.5000 -0.5000 -0.5000 -0.4528 -0.4031 -0.3536 -0.3041 -0.2550 -0.2062 -0.1581 -0.1118 -0.0707 -0.0500 0.0500 0.0707 0.1118 0.1414 0.1803 0.2236 0.2693 0.3162 0.3640 0.4123 0.4610 0.5099 0.5590 0.6083 0.6576 0.7071 0.7566 0.8062 0.8559 0.9055 0.9552 1.0050 1.0512 1.0966 1.1424 1.1885 1.2349 1.2816 1.3000 1.2500 1.2000 1.1500 1.1000 1.0500 1.0000 0.9500 0.9000 0.8500 0.8000 0.7500 0.7000 0.6500 0.6000 0.5500 0.5000 0.4500 0.4000 0.3500 0.3000 0.2500 0.2000 0.1500 0.1000 0.0500 -0.0500 -0.1000 -0.1500 -0.2000 -0.2500 -0.2915 -0.3354 -0.3606 -0.3905 -0.4243 -0.4500 -0.4500 -0.4500 -0.4500 -0.4500 -0.4528 -0.4610 -0.4743 -0.4610 -0.4528 -0.4500 -0.4500 -0.4500 -0.4500 -0.4031 -0.3536 -0.3041 -0.2550 -0.2062 -0.1581 -0.1118 -0.0707 -0.0500 -0.0500 -0.0500 -0.0500 0.0500 0.0707 0.1118 0.1581 0.2062 0.2550 0.3041 0.3536 0.4031 0.4528 0.5025 0.5523 0.6021 0.6519 0.7018 0.7517 0.8016 0.8515 0.9014 0.9513 0.9823 0.9708 0.9618 0.9552 0.9513 0.9500 0.9500 0.9500 0.9500 0.9055 0.8559 0.8062 0.7566 0.7071 0.6576 0.6083 0.5590 0.5099 0.4610 0.4123 0.3640 0.3162 0.2693 0.2236 0.1803 0.1414 0.1000 0.0500 -0.0500 -0.0500 -0.0707 -0.1000 -0.1118 -0.1414 -0.1803 -0.2121 -0.2500 -0.2915 -0.3354 -0.3808 -0.4272 -0.4743 -0.5220 -0.5500 -0.5500 -0.5500 -0.5500 -0.5500 -0.5500 -0.5000 -0.4500 -0.4000 -0.3500 -0.3000 -0.2500 -0.2000 -0.1500 -0.1000 -0.0500 0.0500 0.1000 0.1500 0.2000 0.2500 0.3000 0.3500 0.4000 0.4500 0.5000 0.4500 0.4000 0.3500 0.3000 0.2500 0.2000 0.1500 0.1000 0.0500 -0.0500 -0.1000 -0.1500 -0.2000 -0.2500 -0.3000 -0.3500 -0.4000 -0.4123 -0.4031 -0.4000 -0.4000 -0.4000 -0.4000 -0.4000 -0.4000 -0.4031 -0.4000 -0.3500 -0.3000 -0.2500 -0.2000 -0.1500 -0.1000 -0.0500 0.0500 0.1000 0.1500 0.2000 0.2500 0.3000 0.3500 0.3041 0.2550 0.2062 0.1581 0.1118 0.0707 0.0500 -0.0500 -0.0707 -0.0500 -0.0707 -0.0500 -0.0707 -0.1118 -0.1581 -0.2062 -0.2550 -0.3041
1.1885 1.1424 1.0966 1.0500 1.0000 0.9500 0.9000 0.8500 0.8000 0.7500 0.7000 0.6500 0.6000 0.5500 0.5000 0.4500 0.4000 0.3500 0.3000 0.2500 0.2000 0.1500 0.1000 0.0500 -0.0500 -0.1000 -0.1500 -0.2000 -0.2500 -0.2915 -0.3354 -0.3808 -0.4272 -0.4743 -0.5025 -0.5099 -0.5220 -0.5385 -0.5500 -0.5500 -0.5500 -0.5500 -0.5500 -0.5500 -0.5500 -0.5500 -0.5500 -0.5500 -0.5500 -0.5500 -0.5500 -0.5099 -0.4610 -0.4123 -0.3640 -0.3162 -0.2693 -0.2236 -0.1803 -0.1414 -0.1118 -0.0707 -0.0500 0.0500 0.0707 0.1118 0.1581 0.2062 0.2550 0.3041 0.3536 0.4031 0.4528 0.5025 0.5523 0.6021 0.6519 0.7018 0.7517 0.8016 0.8515 0.9014 0.9513 1.0012 1.0512 1.1011 1.1511 1.2010 1.2510 1.3000 1.3000 1.2500 1.2000 1.1500 1.1000 1.0500 1.0000 0.9500 0.9000 0.8500 0.8000 0.7500 0.7000 0.6500 0.6000 0.5500 0.5000 0.4500 0.4000 0.3500 0.3000 0.2500 0.2000 0.1500 0.1000 0.0500 -0.0500 -0.1000 -0.1414 -0.1803 -0.2236 -0.2693 -0.3162 -0.3354 -0.3606 -0.3905 -0.4243 -0.4610 -0.5000 -0.5000 -0.5000 -0.5025 -0.5099 -0.5220 -0.5099 -0.5025 -0.5000 -0.5000 -0.5000 -0.4610 -0.4123 -0.3640 -0.3162 -0.2693 -0.2236 -0.1803 -0.1414 -0.1118 -0.1000 -0.1000 -0.1000 -0.0707 -0.0500 0.0500 0.1000 0.1500 0.2000 0.2500 0.3000 0.3500 0.4000 0.4500 0.5000 0.5500 0.6000 0.6500 0.7000 0.7500 0.8000 0.8500 0.9000 0.9500 1.0000 1.0198 1.0112 1.0050 1.0012 1.0000 1.0000 1.0000 0.9513 0.9014 0.8515 0.8016 0.7517 0.7018 0.6519 0.6021 0.5523 0.5025 0.4528 0.4031 0.3536 0.3041 0.2550 0.2062 0.1581 0.1118 0.0707 0.0500 -0.0500 -0.1000 -0.1118 -0.1118 -0.1000 -0.1118 -0.1414 -0.1803 -0.2236 -0.2693 -0.3162 -0.3640 -0.4123 -0.4610 -0.5099 -0.5590 -0.6000 -0.6000 -0.6000 -0.6000 -0.5500 -0.5000 -0.4500 -0.4000 -0.3500 -0.3000 -0.2500 -0.2000 -0.1500 -0.1000 -0.0500 0.0500 0.1000 0.1500 0.2000 0.2500 0.3000 0.3500 0.4000 0.4500 0.5000 0.4500 0.4000 0.3500 0.3000 0.2500 0.2000 0.1500 0.1000 0.0500 -0.0500 -0.1000 -0.1500 -0.2000 -0.2500 -0.3000 -0.3500 -0.4000 -0.4500 -0.4528 -0.4500 -0.4500 -0.4500 -0.4500 -0.4500 -0.4500 -0.4500 -0.4000 -0.3500 -0.3000 -0.2500 -0.2000 -0.1500 -0.1000 -0.0500 0.0500 0.1000 0.1500 0.2000 0.2500 0.3000 0.3500 0.3000 0.2500 0.2000 0.1500 0.1000 0.0500 -0.0500 -0.0707 -0.1118 -0.1000 -0.1118 -0.1000 -0.1118 -0.1414 -0.1803 -0.2236 -0.2693 -0.3162
1.2000 1.1500 1.1000 1.0500 1.0000 0.9500 0.9000 0.8500 0.8000 0.7500 0.7000 0.6500 0.6000 0.5500 0.5000 0.4500 0.4000 0.3500 0.3000 0.2500 0.2000 0.1500 0.1000 0.0500 -0.0500 -0.1000 -0.1500 -0.2000 -0.2500 -0.2915 -0.3354 -0.3808 -0.4272 -0.4743 -0.5220 -0.5590 -0.5701 -0.5852 -0.6000 -0.6000 -0.6000 -0.6000 -0.6000 -0.6000 -0.6000 -0.6000 -0.6000 -0.6000 -0.6000 -0.6000 -0.5701 -0.5220 -0.4743 -0.4272 -0.3808 -0.3354 -0.2915 -0.2500 -0.2121 -0.1803 -0.1414 -0.1118 -0.0707 -0.0500 0.0500 0.1000 0.1500 0.2000 0.2500 0.3000 0.3500 0.4000 0.4500 0.5000 0.5500 0.6000 0.6500 0.7000 0.7500 0.8000 0.8500 0.9000 0.9500 1.0000 1.0500 1.1000 1.1500 1.2000 1.2500 1.3000 1.3000 1.2500 1.2000 1.1500 1.1000 1.0500 1.0000 0.9500 0.9000 0.8500 0.8000 0.7500 0.7000 0.6500 0.6000 0.5500 0.5000 0.4500 0.4000 0.3500 0.3000 0.2500 0.2000 0.1500 0.1000 0.0500 -0.0500 -0.0707 -0.1118 -0.1581 -0.2062 -0.2550 -0.2693 -0.2915 -0.3202 -0.3536 -0.3905 -0.4301 -0.4717 -0.5148 -0.5500 -0.5523 -0.5590 -0.5701 -0.5590 -0.5523 -0.5500 -0.5500 -0.5220 -0.4743 -0.4272 -0.3808 -0.3354 -0.2915 -0.2500 -0.2121 -0.1803 -0.1581 -0.1500 -0.1500 -0.1414 -0.1000 -0.0500 0.0500 0.1000 0.1500 0.2000 0.2500 0.3000 0.3500 0.4000 0.4500 0.5000 0.5500 0.6000 0.6500 0.7000 0.7500 0.8000 0.8500 0.9000 0.9500 1.0000 1.0500 1.0607 1.0548 1.0512 1.0500 1.0500 1.0000 0.9500 0.9000 0.8500 0.8000 0.7500 0.7000 0.6500 0.6000 0.5500 0.5000 0.4500 0.4000 0.3500 0.3000 0.2500 0.2000 0.1500 0.1000 0.0500 -0.0500 -0.0707 -0.1118 -0.1118 -0.0707 -0.0500 -0.0707 -0.1118 -0.1581 -0.2062 -0.2550 -0.3041 -0.3536 -0.4031 -0.4528 -0.5025 -0.5523 -0.6021 -0.6500 -0.6500 -0.6000 -0.5500 -0.5000 -0.4500 -0.4000 -0.3500 -0.3000 -0.2500 -0.2000 -0.1500 -0.1000 -0.0500 0.0500 0.1000 0.1500 0.2000 0.2500 0.3000 0.3500 0.4000 0.4500 0.5000 0.4500 0.4000 0.3500 0.3000 0.2500 0.2000 0.1500 0.1000 0.0500 -0.0500 -0.1000 -0.1500 -0.2000 -0.2500 -0.3000 -0.3500 -0.4000 -0.4500 -0.5000 -0.5000 -0.5000 -0.5000 -0.5000 -0.5000 -0.5000 -0.4500 -0.4000 -0.3500 -0.3000 -0.2500 -0.2000 -0.1500 -0.1000 -0.0500 0.0500 0.1000 0.1500 0.2000 0.2500 0.3000 0.3500 0.3000 0.2500 0.2000 0.1500 0.1000 0.0500 -0.0500 -0.0707 -0.1118 -0.1500 -0.1581 -0.1500 -0.1581 -0.1803 -0.2121 -0.2500 -0.2915 -0.3354
1.2000 1.1500 1.1000 1.0500 1.0000 0.9500 0.9000 0.8500 0.8000 0.7500 0.7000 0.6500 0.6000 0.5500 0.5000 0.4500 0.4000 0.3500 0.3000 0.2500 0.2000 0.1500 0.1000 0.0500 -0.0500 -0.1000 -0.1414 -0.1803 -0.2236 -0.2693 -0.3162 -0.3640 -0.4123 -0.4610 -0.5099 -0.5590 -0.6083 -0.6325 -0.6500 -0.6500 -0.6500 -0.6500 -0.6500 -0.6500 -0.6500 -0.6500 -0.6500 -0.6500 -0.6500 -0.6325 -0.5852 -0.5385 -0.4924 -0.4472 -0.4031 -0.3606 -0.3202 -0.2828 -0.2500 -0.2121 -0.1803 -0.1414 -0.1000 -0.0500 0.0500 0.1000 0.1500 0.2000 0.2500 0.3000 0.3500 0.4000 0.4500 0.5000 0.5500 0.6000 0.6500 0.7000 0.7500 0.8000 0.8500 0.9000 0.9500 1.0000 1.0500 1.1000 1.1500 1.2000 1.2500 1.3000 1.3010 1.2510 1.2010 1.1511 1.1011 1.0512 1.0012 0.9513 0.9014 0.8515 0.8016 0.7517 0.7018 0.6519 0.6021 0.5523 0.5025 0.4528 0.4031 0.3536 0.3041 0.2550 0.2062 0.1581 0.1118 0.0707 0.0500 -0.0500 -0.1000 -0.1500 -0.2000 -0.2062 -0.2236 -0.2500 -0.2828 -0.3202 -0.3606 -0.4031 -0.4472 -0.4924 -0.5385 -0.5852 -0.6083 -0.6185 -0.6083 -0.6021 -0.6000 -0.5852 -0.5385 -0.4924 -0.4472 -0.4031 -0.3606 -0.3202 -0.2828 -0.2500 -0.2236 -0.2062 -0.2000 -0.2000 -0.1500 -0.1000 -0.0500 0.0500 0.1000 0.1500 0.2000 0.2500 0.3000 0.3500 0.4000 0.4500 0.5000 0.5500 0.6000 0.6500 0.7000 0.7500 0.8000 0.8500 0.9000 0.9500 1.0000 1.0500 1.1000 1.1045 1.1011 1.1000 1.0500 1.0000 0.9500 0.9000 0.8500 0.8000 0.7500 0.7000 0.6500 0.6000 0.5500 0.5000 0.4500 0.4000 0.3500 0.3000 0.2500 0.2000 0.1500 0.1000 0.0500 -0.0500 -0.1000 -0.1414 -0.1000 -0.0500 0.0500 -0.0500 -0.1000 -0.1500 -0.2000 -0.2500 -0.3000 -0.3500 -0.4000 -0.4500 -0.5000 -0.5500 -0.6000 -0.6500 -0.6500 -0.6000 -0.5500 -0.5000 -0.4500 -0.4000 -0.3500 -0.3000 -0.2500 -0.2000 -0.1500 -0.1000 -0.0500 0.0500 0.1000 0.1500 0.2000 0.2500 0.3000 0.3500 0.4000 0.4500 0.5000 0.4500 0.4000 0.3500 0.3000 0.2500 0.2000 0.1500 0.1000 0.0500 -0.0500 -0.1000 -0.1500 -0.2000 -0.2500 -0.3000 -0.3500 -0.4000 -0.4500 -0.5000 -0.5000 -0.5000 -0.5000 -0.5000 -0.5000 -0.5000 -0.4500 -0.4000 -0.3500 -0.3000 -0.2500 -0.2000 -0.1500 -0.1000 -0.0500 0.0500 0.1000 0.1500 0.2000 0.2500 0.3000 0.3500 0.3041 0.2550 0.2062 0.1581 0.1118 0.0707 0.0500 -0.0500 -0.1000 -0.1414 -0.1118 -0.1000 -0.1118 -0.1414 -0.1803 -0.2236 -0.2693 -0.3162
1.2000 1.1500 1.1000 1.0500 1.0000 0.9500 0.9000 0.8500 0.8000 0.7500 0.7000 0.6500 0.6000 0.5500 0.5000 0.4500 0.4000 0.3500 0.3000 0.2500 0.2000 0.1500 0.1000 0.0500 -0.0500 -0.0707 -0.1118 -0.1581 -0.2062 -0.2550 -0.3041 -0.3536 -0.4031 -0.4528 -0.5025 -0.5523 -0.6021 -0.6519 -0.6964 -0.7000 -0.7000 -0.7000 -0.7000 -0.7000 -0.7000 -0.7000 -0.7000 -0.7000 -0.6964 -0.6500 -0.6042 -0.5590 -0.5148 -0.4717 -0.4301 -0.3905 -0.3536 -0.3202 -0.2828 -0.2500 -0.2000 -0.1500 -0.1000 -0.0500 0.0500 0.1000 0.1500 0.2000 0.2500 0.3000 0.3500 0.4000 0.4500 0.5000 0.5500 0.6000 0.6500 0.7000 0.7500 0.8000 0.8500 0.9000 0.9500 1.0000 1.0500 1.1000 1.1500 1.2000 1.2500 1.3000 1.3038 1.2540 1.2042 1.1543 1.1045 1.0548 1.0050 0.9552 0.9055 0.8559 0.8062 0.7566 0.7071 0.6576 0.6083 0.5590 0.5099 0.4610 0.4123 0.3640 0.3162 0.2693 0.2236 0.1803 0.1414 0.1000 0.0500 -0.0500 -0.1000 -0.1500 -0.1500 -0.1581 -0.1803 -0.2121 -0.2500 -0.2915 -0.3354 -0.3808 -0.4272 -0.4743 -0.5220 -0.5701 -0.6185 -0.6671 -0.6576 -0.6519 -0.6325 -0.5852 -0.5385 -0.4924 -0.4472 -0.4031 -0.3606 -0.3202 -0.2828 -0.2500 -0.2121 -0.1803 -0.1581 -0.1500 -0.1414 -0.1000 -0.0500 0.0500 0.1000 0.1500 0.2000 0.2500 0.3000 0.3500 0.4000 0.4500 0.5000 0.5500 0.6000 0.6500 0.7000 0.7500 0.8000 0.8500 0.9000 0.9500 1.0000 1.0500 1.1000 1.1500 1.1500 1.1000 1.0500 1.0000 0.9500 0.9000 0.8500 0.8000 0.7500 0.7000 0.6500 0.6000 0.5500 0.5000 0.4500 0.4000 0.3500 0.3000 0.2500 0.2000 0.1500 0.1000 0.0500 -0.0500 -0.1000 -0.1500 -0.1118 -0.0707 -0.0500 -0.0707 -0.1118 -0.1581 -0.2062 -0.2550 -0.3041 -0.3536 -0.4031 -0.4528 -0.5025 -0.5523 -0.6021 -0.6519 -0.6500 -0.6000 -0.5500 -0.5000 -0.4500 -0.4000 -0.3500 -0.3000 -0.2500 -0.2000 -0.1500 -0.1000 -0.0500 0.0500 0.1000 0.1500 0.2000 0.2500 0.3000 0.3500 0.4000 0.4500 0.5000 0.4500 0.4000 0.3500 0.3000 0.2500 0.2000 0.1500 0.1000 0.0500 -0.0500 -0.1000 -0.1500 -0.2000 -0.2500 -0.3000 -0.3500 -0.4000 -0.4500 -0.4528 -0.4500 -0.4500 -0.4500 -0.4500 -0.4500 -0.4500 -0.4500 -0.4000 -0.3500 -0.3000 -0.2500 -0.2000 -0.1500 -0.1000 -0.0500 0.0500 0.1000 0.1500 0.2000 0.2500 0.3000 0.3500 0.3162 0.2693 0.2236 0.1803 0.1414 0.1000 0.0500 -0.0500 -0.1000 -0.1118 -0.0707 -0.0500 -0.0707 -0.1118 -0.1581 -0.2062 -0.2550 -0.3041
1.2010 1.1511 1.1011 1.0512 1.0012 0.9513 0.9014 0.8515 0.8016 0.7517 0.7018 0.6519 0.6021 0.5523 0.5025 0.4528 0.4031 0.3536 0.3041 0.2550 0.2062 0.1581 0.1118 0.0707 0.0500 -0.0500 -0.1000 -0.1500 -0.2000 -0.2500 -0.3000 -0.3500 -0.4000 -0.4500 -0.5000 -0.5500 -0.6000 -0.6500 -0.7000 -0.7500 -0.7500 -0.7500 -0.7500 -0.7500 -0.7500 -0.7500 -0.7500 -0.7280 -0.6801 -0.6325 -0.5852 -0.5385 -0.4924 -0.4472 -0.4031 -0.3606 -0.3202 -0.2828 -0.2500 -0.2236 -0.2000 -0.1500 -0.1000 -0.0500 0.0500 0.1000 0.1500 0.2000 0.2500 0.3000 0.3500 0.4000 0.4500 0.5000 0.5500 0.6000 0.6500 0.7000 0.7500 0.8000 0.8500 0.9000 0.9500 1.0000 1.0500 1.1000 1.1500 1.2000 1.2500 1.3000 1.3086 1.2590 1.2093 1.1597 1.1102 1.0607 1.0112 0.9618 0.9124 0.8631 0.8139 0.7649 0.7159 0.6671 0.6185 0.5701 0.5220 0.4743 0.4272 0.3808 0.3354 0.2915 0.2500 0.2000 0.1500 0.1000 0.0500 -0.0500 -0.1000 -0.1000 -0.1000 -0.1118 -0.1414 -0.1803 -0.2236 -0.2693 -0.3162 -0.3640 -0.4123 -0.4610 -0.5099 -0.5590 -0.6083 -0.6576 -0.7071 -0.6671 -0.6185 -0.5701 -0.5220 -0.4743 -0.4272 -0.3808 -0.3354 -0.2915 -0.2500 -0.2121 -0.1803 -0.1414 -0.1118 -0.1000 -0.1118 -0.0707 -0.0500 0.0500 0.1000 0.1500 0.2000 0.2500 0.3000 0.3500 0.4000 0.4500 0.5000 0.5500 0.6000 0.6500 0.7000 0.7500 0.8000 0.8500 0.9000 0.9500 1.0000 1.0500 1.1000 1.1500 1.1500 1.1000 1.0500 1.0000 0.9500 0.9000 0.8500 0.8000 0.7500 0.7000 0.6500 0.6000 0.5500 0.5000 0.4500 0.4000 0.3500 0.3000 0.2500 0.2000 0.1500 0.1000 0.0500 -0.0500 -0.1000 -0.1414 -0.1000 -0.0500 0.0500 -0.0500 -0.1000 -0.1500 -0.2000 -0.2500 -0.3000 -0.3500 -0.4000 -0.4500 -0.5000 -0.5500 -0.6000 -0.6500 -0.6500 -0.6000 -0.5500 -0.5000 -0.4500 -0.4000 -0.3500 -0.3000 -0.2500 -0.2000 -0.1500 -0.1000 -0.0500 0.0500 0.1000 0.1500 0.2000 0.2500 0.3000 0.3500 0.4000 0.4500 0.5000 0.4500 0.4000 0.3500 0.3000 0.2500 0.2000 0.1500 0.1000 0.0500 -0.0500 -0.1000 -0.1500 -0.2000 -0.2500 -0.3000 -0.3500 -0.4000 -0.4031 -0.4031 -0.4000 -0.4000 -0.4000 -0.4000 -0.4000 -0.4000 -0.4000 -0.4000 -0.3500 -0.3000 -0.2500 -0.2000 -0.1500 -0.1000 -0.0500 0.0500 0.1000 0.1500 0.2000 0.2500 0.3000 0.3500 0.3354 0.2915 0.2500 0.2000 0.1500 0.1000 0.0500 -0.0500 -0.1000 -0.1000 -0.0500 0.0500 -0.0500 -0.1000 -0.1500 -0.2000 -0.2500 -0.3000
1.2042 1.1543 1.1045 1.0548 1.0050 0.9552 0.9055 0.8559 0.8062 0.7566 0.7071 0.6576 0.6083 0.5590 0.5099 0.4610 0.4123 0.3640 0.3162 0.2693 0.2236 0.1803 0.1414 0.1000 0.0500 -0.0500 -0.1000 -0.1500 -0.2000 -0.2500 -0.3000 -0.3500 -0.4000 -0.4500 -0.5000 -0.5500 -0.6000 -0.6500 -0.7000 -0.7500 -0.8000 -0.8000 -0.8000 -0.8000 -0.8000 -0.8000 -0.7649 -0.7159 -0.6671 -0.6185 -0.5701 -0.5220 -0.4743 -0.4272 -0.3808 -0.3354 -0.2915 -0.2500 -0.2121 -0.1803 -0.1581 -0.1500 -0.1000 -0.0500 0.0500 0.1000 0.1500 0.2000 0.2500 0.3000 0.3500 0.4000 0.4500 0.5000 0.5500 0.6000 0.6500 0.7000 0.7500 0.8000 0.8500 0.9000 0.9500 1.0000 1.0500 1.1000 1.1500 1.2000 1.2500 1.3000 1.3153 1.2659 1.2166 1.1673 1.1180 1.0689 1.0198 0.9708 0.9220 0.8732 0.8246 0.7762 0.7280 0.6801 0.6325 0.5852 0.5385 0.4924 0.4472 0.4000 0.3500 0.3000 0.2500 0.2000 0.1500 0.1000 0.0500 -0.0500 -0.0500 -0.0500 -0.0500 -0.0707 -0.1118 -0.1581 -0.2062 -0.2550 -0.3041 -0.3536 -0.4031 -0.4528 -0.5025 -0.5523 -0.6021 -0.6519 -0.7018 -0.6576 -0.6083 -0.5590 -0.5099 -0.4610 -0.4123 -0.3640 -0.3162 -0.2693 -0.2236 -0.1803 -0.1414 -0.1118 -0.0707 -0.0500 -0.0707 -0.0500 0.0500 0.0707 0.1118 0.1581 0.2062 0.2550 0.3041 0.3536 0.4031 0.4528 0.5025 0.5523 0.6021 0.6519 0.7018 0.7517 0.8016 0.8515 0.9014 0.9513 1.0012 1.0512 1.1011 1.1511 1.1500 1.1000 1.0500 1.0000 0.9500 0.9000 0.8500 0.8000 0.7500 0.7000 0.6500 0.6000 0.5500 0.5000 0.4500 0.4000 0.3500 0.3000 0.2500 0.2000 0.1500 0.1000 0.0500 -0.0500 -0.0707 -0.1118 -0.0707 -0.0500 0.0500 -0.0500 -0.1000 -0.1500 -0.2000 -0.2500 -0.3000 -0.3500 -0.4000 -0.4500 -0.5000 -0.5500 -0.6000 -0.6500 -0.6500 -0.6000 -0.5500 -0.5000 -0.4500 -0.4000 -0.3500 -0.3000 -0.2500 -0.2000 -0.1500 -0.1000 -0.0500 0.0500 0.1000 0.1500 0.2000 0.2500 0.3000 0.3500 0.4000 0.4472 0.4924 0.4500 0.4000 0.3500 0.3000 0.2500 0.2000 0.1500 0.1000 0.0500 -0.0500 -0.1000 -0.1500 -0.2000 -0.2500 -0.3000 -0.3500 -0.3500 -0.3536 -0.3536 -0.3500 -0.3500 -0.3500 -0.3500 -0.3500 -0.3500 -0.3500 -0.3536 -0.3500 -0.3000 -0.2500 -0.2000 -0.1500 -0.1000 -0.0500 0.0500 0.1000 0.1500 0.2000 0.2500 0.3000 0.3500 0.3500 0.3000 0.2500 0.2000 0.1500 0.1000 0.0500 -0.0500 -0.0707 -0.1000 -0.0707 -0.0500 -0.0707 -0.1118 -0.1581 -0.2062 -0.2550 -0.3041
1.2093 1.1597 1.1102 1.0607 1.0112 0.9618 0.9124 0.8631 0.8139 0.7649 0.7159 0.6671 0.6185 0.5701 0.5220 0.4743 0.4272 0.3808 0.3354 0.2915 0.2500 0.2000 0.1500 0.1000 0.0500 -0.0500 -0.1000 -0.1500 -0.2000 -0.2500 -0.3000 -0.3500 -0.4000 -0.4500 -0.5000 -0.5500 -0.6000 -0.6500 -0.7000 -0.7500 -0.8000 -0.8500 -0.8500 -0.8500 -0.8500 -0.8062 -0.7566 -0.7071 -0.6576 -0.6083 -0.5590 -0.5099 -0.4610 -0.4123 -0.3640 -0.3162 -0.2693 -0.2236 -0.1803 -0.1414 -0.1118 -0.1000 -0.1000 -0.0500 0.0500 0.1000 0.1500 0.2000 0.2500 0.3000 0.3500 0.4000 0.4500 0.5000 0.5500 0.6000 0.6500 0.7000 0.7500 0.8000 0.8500 0.9000 0.9500 1.0000 1.0500 1.1000 1.1500 1.2000 1.2500 1.3000 1.3238 1.2748 1.2258 1.1769 1.1281 1.0794 1.0308 0.9823 0.9341 0.8860 0.8382 0.7906 0.7433 0.6964 0.6500 0.6021 0.5523 0.5025 0.4528 0.4031 0.3536 0.3041 0.2550 0.2062 0.1581 0.1118 0.0707 0.0500 0.0500 0.0500 0.0500 -0.0500 -0.1000 -0.1500 -0.2000 -0.2500 -0.3000 -0.3500 -0.4000 -0.4500 -0.5000 -0.5500 -0.6000 -0.6500 -0.7000 -0.6519 -0.6021 -0.5523 -0.5025 -0.4528 -0.4031 -0.3536 -0.3041 -0.2550 -0.2062 -0.1581 -0.1118 -0.0707 -0.0500 0.0500 -0.0500 -0.0500 0.0500 0.1000 0.1414 0.1803 0.2236 0.2693 0.3162 0.3640 0.4123 0.4610 0.5099 0.5590 0.6083 0.6576 0.7071 0.7566 0.8062 0.8559 0.9055 0.9552 1.0050 1.0548 1.1045 1.1543 1.1511 1.1011 1.0512 1.0012 0.9513 0.9014 0.8515 0.8016 0.7517 0.7018 0.6519 0.6021 0.5523 0.5025 0.4528 0.4031 0.3536 0.3041 0.2550 0.2062 0.1581 0.1118 0.0707 0.0500 -0.0500 -0.1000 -0.0500 0.0500 0.0500 -0.0500 -0.1000 -0.1500 -0.2000 -0.2500 -0.3000 -0.3500 -0.4000 -0.4500 -0.5000 -0.5500 -0.6000 -0.6500 -0.6500 -0.6000 -0.5500 -0.5000 -0.4500 -0.4000 -0.3500 -0.3000 -0.2500 -0.2000 -0.1500 -0.1000 -0.0500 0.0500 0.1000 0.1500 0.2000 0.2500 0.2915 0.3354 0.3808 0.4272 0.4717 0.4500 0.4000 0.3500 0.3000 0.2500 0.2000 0.1500 0.1000 0.0500 -0.0500 -0.1000 -0.1500 -0.2000 -0.2500 -0.3000 -0.3000 -0.3000 -0.3041 -0.3041 -0.3000 -0.3000 -0.3000 -0.3000 -0.3000 -0.3000 -0.3000 -0.3041 -0.3162 -0.3000 -0.2500 -0.2000 -0.1500 -0.1000 -0.0500 0.0500 0.1000 0.1500 0.2000 0.2500 0.3000 0.3500 0.3536 0.3041 0.2550 0.2062 0.1581 0.1118 0.0707 0.0500 -0.0500 -0.0500 -0.0500 -0.0500 -0.0707 -0.1118 -0.1581 -0.2062 -0.2550 -0.3041
1.2166 1.1673 1.1180 1.0689 1.0198 0.9708 0.9220 0.8732 0.8246 0.7762 0.7280 0.6801 0.6325 0.5852 0.5385 0.4924 0.4472 0.4000 0.3500 0.3000 0.2500 0.2000 0.1500 0.1000 0.0500 -0.0500 -0.1000 -0.1500 -0.2000 -0.2500 -0.3000 -0.3500 -0.4000 -0.4500 -0.5000 -0.5500 -0.6000 -0.6500 -0.7000 -0.7500 -0.8000 -0.8500 -0.9000 -0.9000 -0.8515 -0.8016 -0.7517 -0.7018 -0.6519 -0.6021 -0.5523 -0.5025 -0.4528 -0.4031 -0.3536 -0.3041 -0.2550 -0.2062 -0.1581 -0.1118 -0.0707 -0.0500 -0.0500 -0.0500 0.0500 0.1000 0.1500 0.2000 0.2500 0.3000 0.3500 0.4000 0.4500 0.5000 0.5500 0.6000 0.6500 0.7000 0.7500 0.8000 0.8500 0.9000 0.9500 1.0000 1.0500 1.1000 1.1500 1.2000 1.2500 1.3000 1.3342 1.2855 1.2369 1.1885 1.1402 1.0920 1.0440 0.9962 0.9487 0.9014 0.8544 0.8062 0.7566 0.7071 0.6576 0.6083 0.5590 0.5099 0.4610 0.4123 0.3640 0.3162 0.2693 0.2236 0.1803 0.1414 0.1118 0.1000 0.1000 0.1000 0.0500 -0.0500 -0.1000 -0.1500 -0.2000 -0.2500 -0.3000 -0.3500 -0.4000 -0.4500 -0.5000 -0.5500 -0.6000 -0.6500 -0.7000 -0.6500 -0.6000 -0.5500 -0.5000 -0.4500 -0.4000 -0.3500 -0.3000 -0.2500 -0.2000 -0.1500 -0.1000 -0.0500 0.0500 -0.0500 -0.0707 -0.0500 0.0500 0.1000 0.1500 0.2000 0.2500 0.2915 0.3354 0.3808 0.4272 0.4743 0.5220 0.5701 0.6185 0.6671 0.7159 0.7649 0.8139 0.8631 0.9124 0.9618 1.0112 1.0607 1.1102 1.1597 1.1543 1.1045 1.0548 1.0050 0.9552 0.9055 0.8559 0.8062 0.7566 0.7071 0.6576 0.6083 0.5590 0.5099 0.4610 0.4123 0.3640 0.3162 0.2693 0.2236 0.1803 0.1414 0.1000 0.0500 -0.0500 -0.0500 -0.0500 -0.0500 -0.0500 -0.0707 -0.1118 -0.1581 -0.2062 -0.2550 -0.3041 -0.3536 -0.4031 -0.4528 -0.5025 -0.5523 -0.6021 -0.6519 -0.6500 -0.6000 -0.5500 -0.5000 -0.4500 -0.4000 -0.3500 -0.3000 -0.2500 -0.2000 -0.1500 -0.1000 -0.0500 0.0500 0.1000 0.1414 0.1803 0.2236 0.2693 0.3162 0.3606 0.4031 0.4472 0.4500 0.4000 0.3500 0.3000 0.2500 0.2000 0.1500 0.1000 0.0500 -0.0500 -0.1000 -0.1500 -0.2000 -0.2500 -0.2500 -0.2500 -0.2500 -0.2550 -0.2550 -0.2500 -0.2500 -0.2500 -0.2500 -0.2500 -0.2500 -0.2500 -0.2550 -0.2693 -0.2915 -0.2500 -0.2000 -0.1500 -0.1000 -0.0500 0.0500 0.1000 0.1500 0.2000 0.2500 0.3000 0.3500 0.3640 0.3162 0.2693 0.2236 0.1803 0.1414 0.1118 0.0707 0.0500 0.0500 0.0500 0.0500 -0.0500 -0.1000 -0.1500 -0.2000 -0.2500 -0.3000
1.2258 1.1769 1.1281 1.0794 1.0308 0.9823 0.9341 0.8860 0.8382 0.7906 0.7433 0.6964 0.6500 0.6000 0.5500 0.5000 0.4500 0.4000 0.3500 0.3000 0.2500 0.2000 0.1500 0.1000 0.0500 -0.0500 -0.1000 -0.1500 -0.2000 -0.2500 -0.3000 -0.3500 -0.4000 -0.4500 -0.5000 -0.5500 -0.6000 -0.6500 -0.7000 -0.7500 -0.8000 -0.8500 -0.9000 -0.9000 -0.8500 -0.8000 -0.7500 -0.7000 -0.6500 -0.6000 -0.5500 -0.5000 -0.4500 -0.4000 -0.3500 -0.3000 -0.2500 -0.2000 -0.1500 -0.1000 -0.0500 0.0500 0.0500 0.0500 0.0707 0.1118 0.1581 0.2062 0.2550 0.3041 0.3536 0.4031 0.4528 0.5025 0.5523 0.6021 0.6519 0.7018 0.7517 0.8016 0.8515 0.9014 0.9513 1.0012 1.0512 1.1011 1.1511 1.2010 1.2510 1.3010 1.3463 1.2981 1.2500 1.2021 1.1543 1.1068 1.0595 1.0112 0.9618 0.9124 0.8631 0.8139 0.7649 0.7159 0.6671 0.6185 0.5701 0.5220 0.4743 0.4272 0.3808 0.3354 0.2915 0.2500 0.2121 0.1803 0.1581 0.1500 0.1500 0.1000 0.0500 -0.0500 -0.1000 -0.1500 -0.2000 -0.2500 -0.3000 -0.3500 -0.4000 -0.4500 -0.5000 -0.5500 -0.6000 -0.6500 -0.7000 -0.6500 -0.6000 -0.5500 -0.5000 -0.4500 -0.4000 -0.3500 -0.3000 -0.2500 -0.2000 -0.1500 -0.1000 -0.0500 0.0500 0.0500 -0.0500 -0.0500 0.0500 0.1000 0.1500 0.2000 0.2500 0.3000 0.3500 0.4000 0.4472 0.4924 0.5385 0.5852 0.6325 0.6801 0.7280 0.7762 0.8246 0.8732 0.9220 0.9708 1.0198 1.0689 1.1180 1.1673 1.1597 1.1102 1.0607 1.0112 0.9618 0.9124 0.8631 0.8139 0.7649 0.7159 0.6671 0.6185 0.5701 0.5220 0.4743 0.4272 0.3808 0.3354 0.2915 0.2500 0.2062 0.1581 0.1118 0.0707 0.0500 0.0500 0.0500 0.0500 -0.0500 -0.1000 -0.1414 -0.1803 -0.2236 -0.2693 -0.3162 -0.3640 -0.4123 -0.4610 -0.5099 -0.5590 -0.6083 -0.6576 -0.6500 -0.6000 -0.5500 -0.5000 -0.4500 -0.4000 -0.3500 -0.3000 -0.2500 -0.2000 -0.1500 -0.1000 -0.0500 0.0500 0.0707 0.1118 0.1581 0.2062 0.2500 0.2915 0.3354 0.3808 0.4272 0.4500 0.4000 0.3500 0.3000 0.2500 0.2000 0.1500 0.1000 0.0500 -0.0500 -0.1000 -0.1500 -0.2000 -0.2000 -0.2000 -0.2000 -0.2000 -0.2062 -0.2062 -0.2000 -0.2000 -0.2000 -0.2000 -0.2000 -0.2000 -0.2000 -0.2062 -0.2236 -0.2500 -0.2500 -0.2000 -0.1500 -0.1000 -0.0500 0.0500 0.1000 0.1500 0.2000 0.2500 0.2915 0.3354 0.3808 0.3354 0.2915 0.2500 0.2121 0.1803 0.1414 0.1118 0.1000 0.1000 0.1000 0.0500 -0.0500 -0.1000 -0.1500 -0.2000 -0.2500 -0.3000
1.2369 1.1885 1.1402 1.0920 1.0440 0.9962 0.9487 0.9000 0.8500 0.8000 0.7500 0.7000 0.6500 0.6000 0.5500 0.5000 0.4500 0.4000 0.3500 0.3000 0.2500 0.2000 0.1500 0.1000 0.0500 -0.0500 -0.1000 -0.1500 -0.2000 -0.2500 -0.3000 -0.3500 -0.4000 -0.4500 -0.5000 -0.5500 -0.6000 -0.6500 -0.7000 -0.7500 -0.8000 -0.8500 -0.9000 -0.9000 -0.8500 -0.8000 -0.7500 -0.7000 -0.6500 -0.6000 -0.5500 -0.5000 -0.4500 -0.4000 -0.3500 -0.3000 -0.2500 -0.2000 -0.1500 -0.1000 -0.0500 0.0500 0.1000 0.1000 0.1118 0.1414 0.1803 0.2236 0.2693 0.3162 0.3640 0.4123 0.4610 0.5099 0.5590 0.6083 0.6576 0.7071 0.7566 0.8062 0.8559 0.9055 0.9552 1.0050 1.0548 1.1045 1.1543 1.2042 1.2540 1.3038 1.3537 1.3124 1.2649 1.2166 1.1673 1.1180 1.0689 1.0198 0.9708 0.9220 0.8732 0.8246 0.7762 0.7280 0.6801 0.6325 0.5852 0.5385 0.4924 0.4472 0.4031 0.3606 0.3202 0.2828 0.2500 0.2236 0.2062 0.2000 0.1500 0.1000 0.0500 -0.0500 -0.1000 -0.1500 -0.2000 -0.2500 -0.3000 -0.3500 -0.4000 -0.4500 -0.5000 -0.5500 -0.6000 -0.6500 -0.7000 -0.6500 -0.6000 -0.5500 -0.5000 -0.4500 -0.4000 -0.3500 -0.3000 -0.2500 -0.2000 -0.1500 -0.1000 -0.0500 0.0500 0.0707 0.0500 0.0500 0.0707 0.1118 0.1581 0.2062 0.2550 0.3041 0.3536 0.4031 0.4528 0.5025 0.5523 0.6021 0.6500 0.6964 0.7433 0.7906 0.8382 0.8860 0.9341 0.9823 1.0308 1.0794 1.1281 1.1715 1.1673 1.1180 1.0689 1.0198 0.9708 0.9220 0.8732 0.8246 0.7762 0.7280 0.6801 0.6325 0.5852 0.5385 0.4924 0.4472 0.4031 0.3606 0.3162 0.2693 0.2236 0.1803 0.1414 0.1118 0.1000 0.1000 0.1000 0.0500 -0.0500 -0.1000 -0.1500 -0.2000 -0.2500 -0.2915 -0.3354 -0.3808 -0.4272 -0.4743 -0.5220 -0.5701 -0.6185 -0.6671 -0.6519 -0.6021 -0.5523 -0.5025 -0.4528 -0.4031 -0.3536 -0.3041 -0.2550 -0.2062 -0.1581 -0.1118 -0.0707 -0.0500 0.0500 0.1000 0.1414 0.1803 0.2236 0.2693 0.3162 0.3640 0.4123 0.4500 0.4000 0.3500 0.3000 0.2500 0.2000 0.1500 0.1000 0.0500 -0.0500 -0.1000 -0.1500 -0.1500 -0.1500 -0.1500 -0.1500 -0.1500 -0.1581 -0.1581 -0.1500 -0.1500 -0.1500 -0.1500 -0.1500 -0.1500 -0.1500 -0.1581 -0.1803 -0.2121 -0.2500 -0.2000 -0.1500 -0.1000 -0.0500 0.0500 0.1000 0.1414 0.1803 0.2236 0.2693 0.3162 0.3606 0.3606 0.3202 0.2828 0.2500 0.2121 0.1803 0.1581 0.1500 0.1500 0.1000 0.0500 -0.0500 -0.1000 -0.1500 -0.2000 -0.2500 -0.3000
1.2500 1.2000 1.1500 1.1000 1.0500 1.0000 0.9500 0.9000 0.8500 0.8000 0.7500 0.7000 0.6500 0.6000 0.5500 0.5000 0.4500 0.4000 0.3500 0.3000 0.2500 0.2000 0.1500 0.1000 0.0500 -0.0500 -0.1000 -0.1500 -0.2000 -0.2500 -0.3000 -0.3500 -0.4000 -0.4500 -0.5000 -0.5500 -0.6000 -0.6500 -0.7000 -0.7500 -0.8000 -0.8500 -0.9000 -0.9000 -0.8500 -0.8000 -0.7500 -0.7000 -0.6500 -0.6000 -0.5500 -0.5000 -0.4500 -0.4000 -0.3500 -0.3000 -0.2500 -0.2000 -0.1500 -0.1000 -0.0500 0.0500 0.1000 0.1500 0.1581 0.1803 0.2121 0.2500 0.2915 0.3354 0.3808 0.4272 0.4743 0.5220 0.5701 0.6185 0.6671 0.7159 0.7649 0.8139 0.8631 0.9124 0.9618 1.0112 1.0607 1.1102 1.1597 1.2093 1.2530 1.2971 1.3416 1.3238 1.2748 1.2258 1.1769 1.1281 1.0794 1.0308 0.9823 0.9341 0.8860 0.8382 0.7906 0.7433 0.6964 0.6500 0.6042 0.5590 0.5148 0.4717 0.4301 0.3905 0.3536 0.3202 0.2915 0.2693 0.2500 0.2000 0.1500 0.1000 0.0500 -0.0500 -0.1000 -0.1500 -0.2000 -0.2500 -0.3000 -0.3500 -0.4000 -0.4500 -0.5000 -0.5500 -0.6000 -0.6500 -0.7000 -0.6500 -0.6000 -0.5500 -0.5000 -0.4500 -0.4000 -0.3500 -0.3000 -0.2500 -0.2000 -0.1500 -0.1000 -0.0500 0.0500 0.1000 0.1000 0.1000 0.1118 0.1414 0.1803 0.2236 0.2693 0.3162 0.3640 0.4123 0.4610 0.5099 0.5590 0.6083 0.6576 0.7071 0.7566 0.8062 0.8544 0.9014 0.9487 0.9962 1.0404 1.0700 1.1011 1.1336 1.1673 1.1281 1.0794 1.0308 0.9823 0.9341 0.8860 0.8382 0.7906 0.7433 0.6964 0.6500 0.6042 0.5590 0.5148 0.4717 0.4272 0.3808 0.3354 0.2915 0.2500 0.2121 0.1803 0.1581 0.1500 0.1500 0.1000 0.0500 -0.0500 -0.1000 -0.1500 -0.2000 -0.2500 -0.2915 -0.3354 -0.3808 -0.4272 -0.4743 -0.5220 -0.5701 -0.6185 -0.6671 -0.6576 -0.6083 -0.5590 -0.5099 -0.4610 -0.4123 -0.3640 -0.3162 -0.2693 -0.2236 -0.1803 -0.1414 -0.1000 -0.0500 0.0500 0.0707 0.1118 0.1581 0.2062 0.2550 0.3041 0.3536 0.4031 0.4500 0.4000 0.3500 0.3000 0.2500 0.2000 0.1500 0.1000 0.0500 -0.0500 -0.1000 -0.1000 -0.1000 -0.1000 -0.1000 -0.1000 -0.1000 -0.1118 -0.1118 -0.1000 -0.1000 -0.1000 -0.1000 -0.1000 -0.1000 -0.1000 -0.1118 -0.1414 -0.1803 -0.2236 -0.2000 -0.1500 -0.1000 -0.0500 0.0500 0.0707 0.1118 0.1581 0.2062 0.2500 0.2915 0.3354 0.3808 0.3536 0.3202 0.2828 0.2500 0.2236 0.2062 0.2000 0.1500 0.1000 0.0500 -0.0500 -0.1000 -0.1500 -0.2000 -0.2500 -0.3000
1.2500 1.2000 1.1500 1.1000 1.0500 1.0000 0.9500 0.9000 0.8500 0.8000 0.7500 0.7000 0.6500 0.6000 0.5500 0.5000 0.4500 0.4000 0.3500 0.3000 0.2500 0.2000 0.1500 0.1000 0.0500 -0.0500 -0.1000 -0.1500 -0.2000 -0.2500 -0.3000 -0.3500 -0.4000 -0.4500 -0.5000 -0.5500 -0.6000 -0.6500 -0.7000 -0.7500 -0.8000 -0.8500 -0.9000 -0.9000 -0.8500 -0.8000 -0.7500 -0.7000 -0.6500 -0.6000 -0.5500 -0.5000 -0.4500 -0.4000 -0.3500 -0.3000 -0.2500 -0.2000 -0.1500 -0.1000 -0.0500 0.0500 0.1000 0.1500 0.2000 0.2236 0.2500 0.2828 0.3202 0.3606 0.4031 0.4472 0.4924 0.5385 0.5852 0.6325 0.6801 0.7280 0.7762 0.8246 0.8732 0.9220 0.9708 1.0124 1.0548 1.0977 1.1413 1.1853 1.2298 1.2748 1.3200 1.3342 1.2855 1.2369 1.1885 1.1402 1.0920 1.0440 0.9962 0.9487 0.9014 0.8544 0.8078 0.7616 0.7159 0.6708 0.6265 0.5831 0.5408 0.5000 0.4610 0.4243 0.3905 0.3606 0.3354 0.3000 0.2500 0.2000 0.1500 0.1000 0.0500 -0.0500 -0.1000 -0.1500 -0.2000 -0.2500 -0.3000 -0.3500 -0.4000 -0.4500 -0.5000 -0.5500 -0.6000 -0.6500 -0.7000 -0.6500 -0.6000 -0.5500 -0.5000 -0.4500 -0.4000 -0.3500 -0.3000 -0.2500 -0.2000 -0.1500 -0.1000 -0.0500 0.0500 0.1000 0.1500 0.1500 0.1581 0.1803 0.2121 0.2500 0.2915 0.3354 0.3808 0.4272 0.4743 0.5220 0.5701 0.6185 0.6671 0.7159 0.7649 0.8139 0.8631 0.9124 0.9434 0.9708 1.0000 1.0308 1.0630 1.0966 1.1314 1.1402 1.0920 1.0440 0.9962 0.9487 0.9014 0.8544 0.8078 0.7616 0.7159 0.6708 0.6265 0.5831 0.5385 0.4924 0.4472 0.4031 0.3606 0.3202 0.2828 0.2500 0.2236 0.2062 0.2000 0.1500 0.1000 0.0500 -0.0500 -0.1000 -0.1414 -0.1803 -0.2236 -0.2693 -0.3162 -0.3640 -0.4123 -0.4610 -0.5099 -0.5590 -0.6083 -0.6576 -0.6671 -0.6185 -0.5701 -0.5220 -0.4743 -0.4272 -0.3808 -0.3354 -0.2915 -0.2500 -0.2062 -0.1581 -0.1118 -0.0707 -0.0500 0.0500 0.1000 0.1500 0.2000 0.2500 0.3000 0.3500 0.4000 0.4500 0.4000 0.3500 0.3000 0.2500 0.2000 0.1500 0.1000 0.0500 -0.0500 -0.0500 -0.0500 -0.0500 -0.0500 -0.0500 -0.0500 -0.0500 -0.0707 -0.0707 -0.0500 -0.0500 -0.0500 -0.0500 -0.0500 -0.0500 -0.0500 -0.0707 -0.1118 -0.1581 -0.1803 -0.1581 -0.1500 -0.1118 -0.0707 -0.0500 0.0500 0.1000 0.1414 0.1803 0.2236 0.2693 0.3162 0.3640 0.3905 0.3536 0.3202 0.2915 0.2693 0.2236 0.1803 0.1414 0.1000 0.0500 -0.0500 -0.1000 -0.1500 -0.2000 -0.2500 -0.3000
1.2500 1.2000 1.1500 1.1000 1.0500 1.0000 0.9500 0.9000 0.8500 0.8000 0.7500 0.7000 0.6500 0.6000 0.5500 0.5000 0.4500 0.4000 0.3500 0.3000 0.2500 0.2000 0.1500 0.1000 0.0500 -0.0500 -0.1000 -0.1500 -0.2000 -0.2500 -0.3000 -0.3500 -0.4000 -0.4500 -0.5000 -0.5500 -0.6000 -0.6500 -0.7000 -0.7500 -0.8000 -0.8500 -0.9000 -0.9000 -0.8500 -0.8000 -0.7500 -0.7000 -0.6500 -0.6000 -0.5500 -0.5000 -0.4500 -0.4000 -0.3500 -0.3000 -0.2500 -0.2000 -0.1500 -0.1000 -0.0500 0.0500 0.1000 0.1500 0.2000 0.2500 0.2915 0.3202 0.3536 0.3905 0.4301 0.4717 0.5148 0.5590 0.6042 0.6500 0.6964 0.7433 0.7810 0.8201 0.8602 0.9014 0.9434 0.9862 1.0296 1.0735 1.1180 1.1630 1.2083 1.2540 1.3000 1.3463 1.2981 1.2500 1.2021 1.1543 1.1068 1.0595 1.0124 0.9657 0.9192 0.8732 0.8276 0.7826 0.7382 0.6946 0.6519 0.6103 0.5701 0.5315 0.4950 0.4610 0.4301 0.4000 0.3500 0.3000 0.2500 0.2000 0.1500 0.1000 0.0500 -0.0500 -0.1000 -0.1500 -0.2000 -0.2500 -0.3000 -0.3500 -0.4000 -0.4500 -0.5000 -0.5500 -0.6000 -0.6500 -0.7000 -0.6500 -0.6000 -0.5500 -0.5000 -0.4500 -0.4000 -0.3500 -0.3000 -0.2500 -0.2000 -0.1500 -0.1000 -0.0500 0.0500 0.1000 0.1500 0.2000 0.2062 0.2236 0.2500 0.2828 0.3202 0.3606 0.4031 0.4472 0.4924 0.5385 0.5852 0.6325 0.6801 0.7280 0.7762 0.8246 0.8500 0.8746 0.9014 0.9301 0.9605 0.9925 1.0259 1.0607 1.0966 1.1336 1.1068 1.0595 1.0124 0.9657 0.9192 0.8732 0.8276 0.7826 0.7382 0.6946 0.6500 0.6042 0.5590 0.5148 0.4717 0.4301 0.3905 0.3536 0.3202 0.2915 0.2693 0.2500 0.2000 0.1500 0.1000 0.0500 -0.0500 -0.0707 -0.1118 -0.1581 -0.2062 -0.2550 -0.3041 -0.3536 -0.4031 -0.4528 -0.5025 -0.5523 -0.6021 -0.6519 -0.6801 -0.6325 -0.5852 -0.5385 -0.4924 -0.4472 -0.4000 -0.3500 -0.3000 -0.2500 -0.2000 -0.1500 -0.1000 -0.0500 0.0500 0.0707 0.1118 0.1581 0.2062 0.2550 0.3041 0.3536 0.4031 0.4500 0.4000 0.3500 0.3000 0.2500 0.2000 0.1500 0.1000 0.0500 -0.0500 0.0500 0.0500 0.0500 0.0500 0.0500 0.0500 0.0500 -0.0500 -0.0500 0.0500 0.0500 0.0500 0.0500 0.0500 0.0500 0.0500 -0.0500 -0.1000 -0.1414 -0.1414 -0.1118 -0.1000 -0.1000 -0.1000 -0.0500 0.0500 0.0707 0.1118 0.1581 0.2062 0.2550 0.3041 0.3536 0.4031 0.3905 0.3536 0.3041 0.2550 0.2062 0.1581 0.1118 0.0707 0.0500 -0.0500 -0.1000 -0.1500 -0.2000 -0.2500 -0.3000
1.2500 1.2000 1.1500 1.1000 1.0500 1.0000 0.9500 0.9000 0.8500 0.8000 0.7500 0.7000 0.6500 0.6000 0.5500 0.5000 0.4500 0.4000 0.3500 0.3000 0.2500 0.2000 0.1500 0.1000 0.0500 -0.0500 -0.1000 -0.1500 -0.2000 -0.2500 -0.3000 -0.3500 -0.4000 -0.4500 -0.5000 -0.5500 -0.6000 -0.6500 -0.7000 -0.7500 -0.8000 -0.8500 -0.9000 -0.9000 -0.8500 -0.8000 -0.7500 -0.7000 -0.6500 -0.6000 -0.5500 -0.5000 -0.4500 -0.4000 -0.3500 -0.3000 -0.2500 -0.2000 -0.1500 -0.1000 -0.0500 0.0500 0.1000 0.1500 0.2000 0.2500 0.3000 0.3500 0.3905 0.4243 0.4610 0.5000 0.5408 0.5701 0.6021 0.6364 0.6727 0.7106 0.7500 0.7906 0.8322 0.8746 0.9179 0.9618 1.0062 1.0512 1.0966 1.1424 1.1885 1.2349 1.2816 1.3285 1.3086 1.2649 1.2176 1.1705 1.1236 1.0770 1.0308 0.9849 0.9394 0.8944 0.8500 0.8062 0.7632 0.7211 0.6801 0.6403 0.6021 0.5590 0.5148 0.4717 0.4301 0.3905 0.3500 0.3000 0.2500 0.2000 0.1500 0.1000 0.0500 -0.0500 -0.1000 -0.1500 -0.2000 -0.2500 -0.3000 -0.3500 -0.4000 -0.4500 -0.5000 -0.5500 -0.6000 -0.6500 -0.7000 -0.6500 -0.6000 -0.5500 -0.5000 -0.4500 -0.4000 -0.3500 -0.3000 -0.2500 -0.2000 -0.1500 -0.1000 -0.0500 0.0500 0.1000 0.1500 0.2000 0.2500 0.2693 0.2915 0.3202 0.3536 0.3905 0.4301 0.4717 0.5148 0.5590 0.6042 0.6500 0.6964 0.7433 0.7616 0.7826 0.8062 0.8322 0.8602 0.8902 0.9220 0.9552 0.9899 1.0259 1.0630 1.1011 1.1236 1.0770 1.0308 0.9849 0.9394 0.8944 0.8500 0.8062 0.7616 0.7159 0.6708 0.6265 0.5831 0.5408 0.5000 0.4610 0.4243 0.3905 0.3606 0.3354 0.3041 0.2550 0.2062 0.1581 0.1118 0.0707 0.0500 -0.0500 -0.1000 -0.1500 -0.2000 -0.2500 -0.3000 -0.3500 -0.4000 -0.4500 -0.5000 -0.5500 -0.6000 -0.6500 -0.6671 -0.6185 -0.5701 -0.5220 -0.4743 -0.4272 -0.3808 -0.3354 -0.2915 -0.2500 -0.2000 -0.1500 -0.1000 -0.0500 0.0500 0.1000 0.1414 0.1803 0.2236 0.2693 0.3162 0.3640 0.4123 0.4500 0.4000 0.3500 0.3000 0.2500 0.2000 0.1500 0.1000 0.0500 -0.0500 -0.0500 -0.0500 -0.0500 -0.0500 -0.0500 -0.0500 -0.0500 -0.0707 -0.0500 0.0500 0.1000 0.1000 0.1000 0.1000 0.1000 0.0500 -0.0500 -0.0707 -0.1000 -0.1000 -0.0707 -0.0500 -0.0500 -0.0500 -0.0500 -0.0500 0.0500 0.1000 0.1500 0.2000 0.2500 0.3000 0.3500 0.4000 0.4000 0.3500 0.3000 0.2500 0.2000 0.1500 0.1000 0.0500 -0.0500 -0.0707 -0.1118 -0.1581 -0.2062 -0.2550 -0.3041
1.2500 1.2000 1.1500 1.1000 1.0500 1.0000 0.9500 0.9000 0.8500 0.8000 0.7500 0.7000 0.6500 0.6000 0.5500 0.5000 0.4500 0.4000 0.3500 0.3000 0.2500 0.2000 0.1500 0.1000 0.0500 -0.0500 -0.1000 -0.1500 -0.2000 -0.2500 -0.3000 -0.3500 -0.4000 -0.4500 -0.5000 -0.5500 -0.6000 -0.6500 -0.7000 -0.7500 -0.8000 -0.8500 -0.9000 -0.9000 -0.8500 -0.8000 -0.7500 -0.7000 -0.6500 -0.6000 -0.5500 -0.5000 -0.4500 -0.4000 -0.3500 -0.3000 -0.2500 -0.2000 -0.1500 -0.1000 -0.0500 0.0500 0.1000 0.1500 0.2000 0.2500 0.3000 0.3500 0.4000 0.4272 0.4472 0.4717 0.5000 0.5315 0.5657 0.6021 0.6403 0.6801 0.7211 0.7632 0.8062 0.8500 0.8944 0.9394 0.9849 1.0308 1.0770 1.1236 1.1705 1.2176 1.2649 1.3086 1.2728 1.2379 1.2042 1.1715 1.1402 1.0966 1.0512 1.0062 0.9618 0.9179 0.8732 0.8246 0.7762 0.7280 0.6801 0.6325 0.5852 0.5385 0.4924 0.4472 0.4031 0.3606 0.3202 0.2828 0.2500 0.2000 0.1500 0.1000 0.0500 -0.0500 -0.1000 -0.1500 -0.2000 -0.2500 -0.3000 -0.3500 -0.4000 -0.4500 -0.5000 -0.5500 -0.6000 -0.6500 -0.7000 -0.6500 -0.6000 -0.5500 -0.5000 -0.4500 -0.4000 -0.3500 -0.3000 -0.2500 -0.2000 -0.1500 -0.1000 -0.0500 0.0500 0.1000 0.1500 0.2000 0.2500 0.3000 0.3354 0.3606 0.3905 0.4243 0.4610 0.5000 0.5408 0.5831 0.6265 0.6671 0.6801 0.6964 0.7159 0.7382 0.7632 0.7906 0.8201 0.8515 0.8846 0.9192 0.9552 0.9925 1.0308 1.0700 1.1102 1.0966 1.0512 1.0062 0.9618 0.9179 0.8732 0.8276 0.7826 0.7382 0.6946 0.6519 0.6103 0.5701 0.5315 0.4924 0.4472 0.4031 0.3606 0.3202 0.2828 0.2500 0.2236 0.1803 0.1414 0.1000 0.0500 -0.0500 -0.1000 -0.1500 -0.2000 -0.2500 -0.3000 -0.3500 -0.4000 -0.4500 -0.5000 -0.5500 -0.6000 -0.6500 -0.6576 -0.6083 -0.5590 -0.5099 -0.4610 -0.4123 -0.3640 -0.3162 -0.2693 -0.2236 -0.1803 -0.1414 -0.1000 -0.0500 0.0500 0.0707 0.1118 0.1581 0.2062 0.2550 0.3041 0.3536 0.4031 0.4500 0.4000 0.3500 0.3000 0.2500 0.2000 0.1500 0.1000 0.0500 -0.0500 -0.1000 -0.1000 -0.1000 -0.1000 -0.1000 -0.1000 -0.1000 -0.1000 -0.0500 0.0500 0.1000 0.1500 0.1500 0.1500 0.1118 0.0707 0.0500 -0.0500 -0.0500 -0.0500 -0.0500 0.0500 0.0500 0.0500 0.0500 0.0500 0.0707 0.1118 0.1581 0.2062 0.2550 0.3041 0.3536 0.4031 0.4000 0.3500 0.3000 0.2500 0.2000 0.1500 0.1000 0.0500 -0.0500 -0.1000 -0.1414 -0.1803 -0.2236 -0.2693 -0.3162
1.2500 1.2000 1.1500 1.1000 1.0500 1.0000 0.9500 0.9000 0.8500 0.8000 0.7500 0.7000 0.6500 0.6000 0.5500 0.5000 0.4500 0.4000 0.3500 0.3000 0.2500 0.2000 0.1500 0.1000 0.0500 -0.0500 -0.1000 -0.1500 -0.2000 -0.2500 -0.3000 -0.3500 -0.4000 -0.4500 -0.5000 -0.5500 -0.6000 -0.6500 -0.7000 -0.7500 -0.8000 -0.8500 -0.9000 -0.9000 -0.8500 -0.8000 -0.7500 -0.7000 -0.6500 -0.6000 -0.5500 -0.5000 -0.4500 -0.4000 -0.3500 -0.3000 -0.2500 -0.2000 -0.1500 -0.1000 -0.0500 0.0500 0.1000 0.1500 0.2000 0.2500 0.3000 0.3500 0.3640 0.3808 0.4031 0.4301 0.4610 0.4950 0.5315 0.5701 0.6103 0.6519 0.6946 0.7382 0.7826 0.8276 0.8732 0.9192 0.9657 1.0124 1.0595 1.1068 1.1543 1.2021 1.2500 1.2748 1.2379 1.2021 1.1673 1.1336 1.1011 1.0700 1.0404 1.0112 0.9618 0.9124 0.8631 0.8139 0.7649 0.7159 0.6671 0.6185 0.5701 0.5220 0.4743 0.4272 0.3808 0.3354 0.2915 0.2500 0.2121 0.1803 0.1414 0.1000 0.0500 -0.0500 -0.1000 -0.1500 -0.2000 -0.2500 -0.3000 -0.3500 -0.4000 -0.4500 -0.5000 -0.5500 -0.6000 -0.6500 -0.7000 -0.6500 -0.6000 -0.5500 -0.5000 -0.4500 -0.4000 -0.3500 -0.3000 -0.2500 -0.2000 -0.1500 -0.1000 -0.0500 0.0500 0.1000 0.1500 0.2000 0.2500 0.2915 0.3354 0.3808 0.4272 0.4610 0.4950 0.5315 0.5701 0.6021 0.6083 0.6185 0.6325 0.6500 0.6708 0.6946 0.7211 0.7500 0.7810 0.8139 0.8485 0.8846 0.9220 0.9605 1.0000 1.0404 1.0817 1.1180 1.0735 1.0296 0.9849 0.9394 0.8944 0.8500 0.8062 0.7632 0.7159 0.6671 0.6185 0.5701 0.5220 0.4743 0.4272 0.3808 0.3354 0.2915 0.2500 0.2121 0.1803 0.1581 0.1118 0.0707 0.0500 -0.0500 -0.1000 -0.1500 -0.2000 -0.2500 -0.3000 -0.3500 -0.4000 -0.4500 -0.5000 -0.5500 -0.6000 -0.6500 -0.6519 -0.6021 -0.5523 -0.5025 -0.4528 -0.4031 -0.3536 -0.3041 -0.2550 -0.2062 -0.1581 -0.1118 -0.0707 -0.0500 -0.0500 0.0500 0.1000 0.1500 0.2000 0.2500 0.3000 0.3500 0.4000 0.4500 0.4000 0.3500 0.3000 0.2500 0.2000 0.1500 0.1000 0.0500 -0.0500 -0.0707 -0.1000 -0.1000 -0.1000 -0.1000 -0.1000 -0.1000 -0.1000 -0.0500 0.0500 0.1000 0.1500 0.2000 0.1803 0.1414 0.1118 0.0707 0.0500 0.0500 0.0500 0.0500 0.0707 0.1000 0.1000 0.1000 0.1000 0.1118 0.1414 0.1803 0.2236 0.2693 0.3162 0.3640 0.4123 0.4000 0.3500 0.3000 0.2500 0.2000 0.1500 0.1000 0.0500 -0.0500 -0.1000 -0.1500 -0.2000 -0.2500 -0.2915 -0.3354
1.2500 1.2000 1.1500 1.1000 1.0500 1.0000 0.9500 0.9000 0.8500 0.8000 0.7500 0.7000 0.6500 0.6000 0.5500 0.5000 0.4500 0.4000 0.3500 0.3000 0.2500 0.2000 0.1500 0.1000 0.0500 -0.0500 -0.1000 -0.1500 -0.2000 -0.2500 -0.3000 -0.3500 -0.4000 -0.4500 -0.5000 -0.5500 -0.6000 -0.6500 -0.7000 -0.7500 -0.8000 -0.8500 -0.9000 -0.9000 -0.8500 -0.8000 -0.7500 -0.7000 -0.6500 -0.6000 -0.5500 -0.5000 -0.4500 -0.4000 -0.3500 -0.3000 -0.2500 -0.2000 -0.1500 -0.1000 -0.0500 0.0500 0.1000 0.1500 0.2000 0.2500 0.3000 0.3041 0.3162 0.3354 0.3606 0.3905 0.4243 0.4610 0.5000 0.5408 0.5831 0.6265 0.6708 0.7159 0.7616 0.8078 0.8544 0.9014 0.9487 0.9962 1.0440 1.0920 1.1402 1.1885 1.2369 1.2298 1.2042 1.1673 1.1314 1.0966 1.0630 1.0308 1.0000 0.9708 0.9434 0.9055 0.8559 0.8062 0.7566 0.7071 0.6576 0.6083 0.5590 0.5099 0.4610 0.4123 0.3640 0.3162 0.2693 0.2236 0.1803 0.1414 0.1118 0.0707 0.0500 -0.0500 -0.1000 -0.1500 -0.2000 -0.2500 -0.3000 -0.3500 -0.4000 -0.4500 -0.5000 -0.5500 -0.6000 -0.6500 -0.7000 -0.6500 -0.6000 -0.5500 -0.5000 -0.4500 -0.4000 -0.3500 -0.3000 -0.2500 -0.2000 -0.1500 -0.1000 -0.0500 0.0500 0.1000 0.1414 0.1803 0.2236 0.2693 0.3162 0.3640 0.4123 0.4610 0.5099 0.5500 0.5500 0.5523 0.5590 0.5701 0.5852 0.6042 0.6265 0.6519 0.6801 0.7106 0.7433 0.7778 0.8139 0.8515 0.8902 0.9301 0.9708 1.0124 1.0548 1.0977 1.0966 1.0512 1.0050 0.9552 0.9055 0.8559 0.8062 0.7566 0.7071 0.6576 0.6083 0.5590 0.5099 0.4610 0.4123 0.3640 0.3162 0.2693 0.2236 0.1803 0.1414 0.1118 0.1000 0.0500 -0.0500 -0.0707 -0.1118 -0.1581 -0.2062 -0.2550 -0.3041 -0.3536 -0.4031 -0.4528 -0.5025 -0.5523 -0.6021 -0.6519 -0.6500 -0.6000 -0.5500 -0.5000 -0.4500 -0.4000 -0.3500 -0.3000 -0.2500 -0.2000 -0.1500 -0.1000 -0.0500 0.0500 -0.0500 0.0500 0.1000 0.1500 0.2000 0.2500 0.3000 0.3500 0.4000 0.4500 0.4031 0.3536 0.3041 0.2550 0.2062 0.1581 0.1118 0.0707 0.0500 -0.0500 -0.0500 -0.0500 -0.0500 -0.0500 -0.0500 -0.0500 -0.0500 -0.0500 0.0500 0.1000 0.1500 0.2000 0.2121 0.1803 0.1414 0.1118 0.1000 0.1000 0.1000 0.1000 0.1118 0.1414 0.1500 0.1500 0.1500 0.1581 0.1803 0.2121 0.2500 0.2915 0.3354 0.3808 0.4272 0.4000 0.3500 0.3000 0.2500 0.2000 0.1500 0.1000 0.0500 -0.0500 -0.1000 -0.1500 -0.2000 -0.2500 -0.3000 -0.3500
1.2500 1.2000 1.1500 1.1000 1.0500 1.0000 0.9500 0.9000 0.8500 0.8000 0.7500 0.7000 0.6500 0.6000 0.5500 0.5000 0.4500 0.4000 0.3500 0.3000 0.2500 0.2000 0.1500 0.1000 0.0500 -0.0500 -0.1000 -0.1500 -0.2000 -0.2500 -0.3000 -0.3500 -0.4000 -0.4500 -0.5000 -0.5500 -0.6000 -0.6500 -0.7000 -0.7500 -0.8000 -0.8500 -0.9000 -0.9000 -0.8500 -0.8000 -0.7500 -0.7000 -0.6500 -0.6000 -0.5500 -0.5000 -0.4500 -0.4000 -0.3500 -0.3000 -0.2500 -0.2000 -0.1500 -0.1000 -0.0500 0.0500 0.1000 0.1500 0.2000 0.2500 0.2500 0.2550 0.2693 0.2915 0.3202 0.3536 0.3905 0.4301 0.4717 0.5148 0.5590 0.6042 0.6500 0.6964 0.7433 0.7906 0.8382 0.8860 0.9341 0.9823 1.0308 1.0794 1.1281 1.1769 1.2093 1.1853 1.1630 1.1336 1.0966 1.0607 1.0259 0.9925 0.9605 0.9301 0.9014 0.8746 0.8500 0.8016 0.7517 0.7018 0.6519 0.6021 0.5523 0.5025 0.4528 0.4031 0.3536 0.3041 0.2550 0.2062 0.1581 0.1118 0.0707 0.0500 -0.0500 -0.0707 -0.1118 -0.1581 -0.2062 -0.2550 -0.3041 -0.3536 -0.4031 -0.4528 -0.5025 -0.5523 -0.6021 -0.6519 -0.7000 -0.6500 -0.6000 -0.5500 -0.5000 -0.4500 -0.4000 -0.3500 -0.3000 -0.2500 -0.2000 -0.1500 -0.1000 -0.0500 0.0500 0.0707 0.1118 0.1581 0.2062 0.2550 0.3041 0.3536 0.4031 0.4528 0.5000 0.5000 0.5000 0.5025 0.5099 0.5220 0.5385 0.5590 0.5831 0.6103 0.6403 0.6727 0.7071 0.7433 0.7810 0.8201 0.8602 0.9014 0.9434 0.9862 1.0296 1.0735 1.0770 1.0512 1.0012 0.9513 0.9014 0.8515 0.8016 0.7517 0.7018 0.6519 0.6021 0.5523 0.5025 0.4528 0.4031 0.3536 0.3041 0.2550 0.2062 0.1581 0.1118 0.0707 0.0500 0.0500 -0.0500 -0.1000 -0.1414 -0.1803 -0.2236 -0.2693 -0.3162 -0.3640 -0.4123 -0.4610 -0.5099 -0.5590 -0.6083 -0.6576 -0.6519 -0.6021 -0.5523 -0.5025 -0.4528 -0.4031 -0.3536 -0.3041 -0.2550 -0.2062 -0.1581 -0.1118 -0.0707 -0.0500 0.0500 0.0707 0.1118 0.1581 0.2062 0.2550 0.3041 0.3536 0.4031 0.4528 0.4123 0.3640 0.3162 0.2693 0.2236 0.1803 0.1414 0.1118 0.0707 0.0500 0.0500 0.0500 0.0500 0.0500 0.0500 0.0500 0.0500 0.0500 0.0707 0.1118 0.1581 0.2062 0.2500 0.2121 0.1803 0.1581 0.1500 0.1500 0.1500 0.1500 0.1581 0.1803 0.2000 0.2000 0.2000 0.2062 0.2236 0.2500 0.2828 0.3202 0.3606 0.4031 0.4472 0.4000 0.3500 0.3000 0.2500 0.2000 0.1500 0.1000 0.0500 -0.0500 -0.1000 -0.1500 -0.2000 -0.2500 -0.3000 -0.3500
1.2500 1.2000 1.1500 1.1000 1.0500 1.0000 0.9500 0.9000 0.8500 0.8000 0.7500 0.7000 0.6500 0.6000 0.5500 0.5000 0.4500 0.4000 0.3500 0.3000 0.2500 0.2000 0.1500 0.1000 0.0500 -0.0500 -0.1000 -0.1500 -0.2000 -0.2500 -0.3000 -0.3500 -0.4000 -0.4500 -0.5000 -0.5500 -0.6000 -0.6500 -0.7000 -0.7500 -0.8000 -0.8500 -0.9000 -0.9000 -0.8500 -0.8000 -0.7500 -0.7000 -0.6500 -0.6000 -0.5500 -0.5000 -0.4500 -0.4000 -0.3500 -0.3000 -0.2500 -0.2000 -0.1500 -0.1000 -0.0500 0.0500 0.1000 0.1500 0.2000 0.2000 0.2000 0.2062 0.2236 0.2500 0.2828 0.3202 0.3606 0.4031 0.4472 0.4924 0.5385 0.5852 0.6325 0.6801 0.7280 0.7762 0.8246 0.8732 0.9220 0.9708 1.0198 1.0689 1.1180 1.1673 1.1662 1.1413 1.1180 1.0966 1.0630 1.0259 0.9899 0.9552 0.9220 0.8902 0.8602 0.8322 0.8062 0.7826 0.7500 0.7000 0.6500 0.6000 0.5500 0.5000 0.4500 0.4000 0.3500 0.3000 0.2500 0.2000 0.1500 0.1000 0.0500 -0.0500 -0.0707 -0.1118 -0.1414 -0.1803 -0.2236 -0.2693 -0.3162 -0.3640 -0.4123 -0.4610 -0.5099 -0.5590 -0.6083 -0.6576 -0.7018 -0.6519 -0.6021 -0.5523 -0.5025 -0.4528 -0.4031 -0.3536 -0.3041 -0.2550 -0.2062 -0.1581 -0.1118 -0.0707 -0.0500 0.0500 0.1000 0.1500 0.2000 0.2500 0.3000 0.3500 0.4000 0.4500 0.4500 0.4500 0.4500 0.4528 0.4610 0.4743 0.4924 0.5148 0.5408 0.5701 0.6021 0.6364 0.6727 0.7106 0.7500 0.7906 0.8322 0.8746 0.9179 0.9618 1.0062 1.0512 1.0308 1.0124 0.9962 0.9500 0.9000 0.8500 0.8000 0.7500 0.7000 0.6500 0.6000 0.5500 0.5000 0.4500 0.4000 0.3500 0.3000 0.2500 0.2000 0.1500 0.1000 0.0500 -0.0500 -0.0500 -0.0707 -0.1118 -0.1581 -0.2062 -0.2500 -0.2915 -0.3354 -0.3808 -0.4272 -0.4743 -0.5220 -0.5701 -0.6185 -0.6671 -0.6500 -0.6000 -0.5500 -0.5000 -0.4500 -0.4000 -0.3500 -0.3000 -0.2500 -0.2000 -0.1500 -0.1000 -0.0500 0.0500 0.0707 0.1118 0.1414 0.1803 0.2236 0.2693 0.3162 0.3640 0.4123 0.4610 0.4272 0.3808 0.3354 0.2915 0.2500 0.2121 0.1803 0.1414 0.1118 0.1000 0.1000 0.1000 0.1000 0.1000 0.1000 0.1000 0.1000 0.1000 0.1118 0.1414 0.1803 0.2236 0.2693 0.2500 0.2236 0.2062 0.2000 0.2000 0.2000 0.2000 0.2062 0.2236 0.2500 0.2500 0.2500 0.2550 0.2693 0.2915 0.3202 0.3536 0.3905 0.4301 0.4500 0.4000 0.3500 0.3000 0.2500 0.2000 0.1500 0.1000 0.0500 -0.0500 -0.1000 -0.1500 -0.2000 -0.2500 -0.3000 -0.3500
1.2500 1.2000 1.1500 1.1000 1.0500 1.0000 0.9500 0.9000 0.8500 0.8000 0.7500 0.7000 0.6500 0.6000 0.5500 0.5000 0.4500 0.4000 0.3500 0.3000 0.2500 0.2000 0.1500 0.1000 0.0500 -0.0500 -0.1000 -0.1500 -0.2000 -0.2500 -0.3000 -0.3500 -0.4000 -0.4500 -0.5000 -0.5500 -0.6000 -0.6500 -0.7000 -0.7500 -0.8000 -0.8500 -0.9000 -0.9000 -0.8500 -0.8000 -0.7500 -0.7000 -0.6500 -0.6000 -0.5500 -0.5000 -0.4500 -0.4000 -0.3500 -0.3000 -0.2500 -0.2000 -0.1500 -0.1000 -0.0500 0.0500 0.1000 0.1500 0.1500 0.1500 0.1500 0.1581 0.1803 0.2121 0.2500 0.2915 0.3354 0.3808 0.4272 0.4743 0.5220 0.5701 0.6185 0.6671 0.7159 0.7649 0.8139 0.8631 0.9124 0.9618 1.0112 1.0607 1.1102 1.1511 1.1236 1.0977 1.0735 1.0512 1.0308 0.9925 0.9552 0.9192 0.8846 0.8515 0.8201 0.7906 0.7632 0.7382 0.7159 0.6964 0.6519 0.6021 0.5523 0.5025 0.4528 0.4031 0.3536 0.3041 0.2550 0.2062 0.1581 0.1118 0.0707 0.0500 -0.0500 -0.1000 -0.1500 -0.2000 -0.2500 -0.2915 -0.3354 -0.3808 -0.4272 -0.4743 -0.5220 -0.5701 -0.6185 -0.6671 -0.7000 -0.6500 -0.6000 -0.5500 -0.5000 -0.4500 -0.4000 -0.3500 -0.3000 -0.2500 -0.2000 -0.1500 -0.1000 -0.0500 0.0500 0.0707 0.1118 0.1581 0.2062 0.2550 0.3041 0.3536 0.4000 0.4000 0.4000 0.4000 0.4000 0.4031 0.4123 0.4272 0.4472 0.4717 0.5000 0.5315 0.5657 0.6021 0.6403 0.6801 0.7211 0.7632 0.8062 0.8500 0.8944 0.9394 0.9849 1.0062 0.9849 0.9657 0.9487 0.9341 0.9000 0.8500 0.8000 0.7500 0.7000 0.6500 0.6000 0.5500 0.5000 0.4500 0.4000 0.3500 0.3000 0.2500 0.2000 0.1500 0.1000 0.0500 -0.0500 -0.0500 -0.0707 -0.1118 -0.1581 -0.2062 -0.2550 -0.3041 -0.3536 -0.4031 -0.4472 -0.4924 -0.5385 -0.5852 -0.6325 -0.6801 -0.6519 -0.6021 -0.5523 -0.5025 -0.4528 -0.4031 -0.3536 -0.3041 -0.2550 -0.2062 -0.1581 -0.1118 -0.0707 -0.0500 0.0500 0.1000 0.1500 0.2000 0.2500 0.2915 0.3354 0.3808 0.4272 0.4743 0.4472 0.4031 0.3606 0.3202 0.2828 0.2500 0.2121 0.1803 0.1581 0.1500 0.1500 0.1500 0.1500 0.1500 0.1500 0.1500 0.1500 0.1500 0.1581 0.1803 0.2121 0.2500 0.2915 0.2915 0.2693 0.2550 0.2500 0.2500 0.2500 0.2500 0.2550 0.2693 0.2915 0.3000 0.3000 0.3041 0.3162 0.3354 0.3606 0.3905 0.4243 0.4610 0.4500 0.4000 0.3500 0.3000 0.2500 0.2000 0.1500 0.1000 0.0500 -0.0500 -0.1000 -0.1500 -0.2000 -0.2500 -0.3000 -0.3500
1.2500 1.2000 1.1500 1.1000 1.0500 1.0000 0.9500 0.9000 0.8500 0.8000 0.7500 0.7000 0.6500 0.6000 0.5500 0.5000 0.4500 0.4000 0.3500 0.3000 0.2500 0.2000 0.1500 0.1000 0.0500 -0.0500 -0.1000 -0.1500 -0.2000 -0.2500 -0.3000 -0.3500 -0.4000 -0.4500 -0.5000 -0.5500 -0.6000 -0.6500 -0.7000 -0.7500 -0.8000 -0.8500 -0.9000 -0.9000 -0.8500 -0.8000 -0.7500 -0.7000 -0.6500 -0.6000 -0.5500 -0.5000 -0.4500 -0.4000 -0.3500 -0.3000 -0.2500 -0.2000 -0.1500 -0.1000 -0.0500 0.0500 0.1000 0.1118 0.1000 0.1000 0.1000 0.1118 0.1414 0.1803 0.2236 0.2693 0.3162 0.3640 0.4123 0.4610 0.5099 0.5590 0.6083 0.6576 0.7071 0.7566 0.8062 0.8559 0.9055 0.9552 1.0050 1.0548 1.1045 1.1102 1.0817 1.0548 1.0296 1.0062 0.9849 0.9605 0.9220 0.8846 0.8485 0.8139 0.7810 0.7500 0.7211 0.6946 0.6708 0.6500 0.6325 0.6083 0.5590 0.5099 0.4610 0.4123 0.3640 0.3162 0.2693 0.2236 0.1803 0.1414 0.1000 0.0500 -0.0500 -0.1000 -0.1500 -0.2000 -0.2500 -0.3000 -0.3500 -0.4000 -0.4472 -0.4924 -0.5385 -0.5852 -0.6325 -0.6801 -0.7000 -0.6500 -0.6000 -0.5500 -0.5000 -0.4500 -0.4000 -0.3500 -0.3000 -0.2500 -0.2000 -0.1500 -0.1000 -0.0500 0.0500 0.1000 0.1414 0.1803 0.2236 0.2693 0.3162 0.3500 0.3500 0.3500 0.3500 0.3500 0.3500 0.3536 0.3640 0.3808 0.4031 0.4301 0.4610 0.4950 0.5315 0.5701 0.6103 0.6519 0.6946 0.7382 0.7826 0.8276 0.8732 0.9179 0.9618 0.9618 0.9394 0.9192 0.9014 0.8860 0.8732 0.8515 0.8016 0.7517 0.7018 0.6519 0.6021 0.5523 0.5025 0.4528 0.4031 0.3536 0.3041 0.2550 0.2062 0.1581 0.1118 0.0707 0.0500 0.0500 -0.0500 -0.1000 -0.1500 -0.2000 -0.2500 -0.3000 -0.3500 -0.4000 -0.4500 -0.5000 -0.5500 -0.6000 -0.6500 -0.6964 -0.6500 -0.6000 -0.5500 -0.5000 -0.4500 -0.4000 -0.3500 -0.3000 -0.2500 -0.2000 -0.1500 -0.1000 -0.0500 0.0500 0.0707 0.1118 0.1581 0.2062 0.2550 0.3041 0.3536 0.4031 0.4472 0.4924 0.4717 0.4301 0.3905 0.3536 0.3202 0.2828 0.2500 0.2236 0.2062 0.2000 0.2000 0.2000 0.2000 0.2000 0.2000 0.2000 0.2000 0.2000 0.2062 0.2236 0.2500 0.2828 0.3202 0.3354 0.3162 0.3041 0.3000 0.3000 0.3000 0.3000 0.3041 0.3162 0.3354 0.3500 0.3500 0.3536 0.3640 0.3808 0.4031 0.4301 0.4610 0.4950 0.4500 0.4000 0.3500 0.3000 0.2500 0.2000 0.1500 0.1000 0.0500 -0.0500 -0.1000 -0.1500 -0.2000 -0.2500 -0.2915 -0.3354
1.2500 1.2000 1.1500 1.1000 1.0500 1.0000 0.9500 0.9000 0.8500 0.8000 0.7500 0.7000 0.6500 0.6000 0.5500 0.5000 0.4500 0.4000 0.3500 0.3000 0.2500 0.2000 0.1500 0.1000 0.0500 -0.0500 -0.1000 -0.1500 -0.2000 -0.2500 -0.3000 -0.3500 -0.4000 -0.4500 -0.5000 -0.5500 -0.6000 -0.6500 -0.7000 -0.7500 -0.8000 -0.8500 -0.9000 -0.9000 -0.8500 -0.8000 -0.7500 -0.7000 -0.6500 -0.6000 -0.5500 -0.5000 -0.4500 -0.4000 -0.3500 -0.3000 -0.2500 -0.2000 -0.1500 -0.1000 -0.0500 0.0500 0.1000 0.0707 0.0500 0.0500 0.0500 0.0707 0.1118 0.1581 0.2062 0.2550 0.3041 0.3536 0.4031 0.4528 0.5025 0.5523 0.6021 0.6519 0.7018 0.7517 0.8016 0.8515 0.9014 0.9513 1.0012 1.0512 1.1011 1.0700 1.0404 1.0124 0.9862 0.9618 0.9394 0.9192 0.8902 0.8515 0.8139 0.7778 0.7433 0.7106 0.6801 0.6519 0.6265 0.6042 0.5852 0.5701 0.5590 0.5220 0.4743 0.4272 0.3808 0.3354 0.2915 0.2500 0.2000 0.1500 0.1000 0.0500 -0.0500 -0.1000 -0.1500 -0.2000 -0.2500 -0.3000 -0.3500 -0.4000 -0.4500 -0.5000 -0.5500 -0.6000 -0.6500 -0.6964 -0.7000 -0.6500 -0.6000 -0.5500 -0.5000 -0.4500 -0.4000 -0.3500 -0.3000 -0.2500 -0.2000 -0.1500 -0.1000 -0.0500 0.0500 0.1000 0.1500 0.2000 0.2500 0.2915 0.3000 0.3000 0.3000 0.3000 0.3000 0.3000 0.3000 0.3041 0.3162 0.3354 0.3606 0.3905 0.4243 0.4610 0.5000 0.5408 0.5831 0.6265 0.6708 0.7159 0.7616 0.8062 0.8500 0.8944 0.9394 0.9179 0.8944 0.8732 0.8544 0.8382 0.8246 0.8139 0.8062 0.7566 0.7071 0.6576 0.6083 0.5590 0.5099 0.4610 0.4123 0.3640 0.3162 0.2693 0.2236 0.1803 0.1414 0.1118 0.1000 0.0500 -0.0500 -0.1000 -0.1500 -0.2000 -0.2500 -0.3000 -0.3500 -0.4000 -0.4500 -0.5000 -0.5500 -0.6000 -0.6500 -0.7000 -0.6519 -0.6021 -0.5523 -0.5025 -0.4528 -0.4031 -0.3536 -0.3041 -0.2550 -0.2062 -0.1581 -0.1118 -0.0707 -0.0500 0.0500 0.1000 0.1500 0.2000 0.2500 0.3000 0.3500 0.4000 0.4500 0.5000 0.5000 0.4610 0.4243 0.3905 0.3536 0.3202 0.2915 0.2693 0.2550 0.2500 0.2500 0.2500 0.2500 0.2500 0.2500 0.2500 0.2500 0.2500 0.2550 0.2693 0.2915 0.3202 0.3536 0.3808 0.3640 0.3536 0.3500 0.3500 0.3500 0.3500 0.3536 0.3640 0.3808 0.4000 0.4000 0.4031 0.4123 0.4272 0.4472 0.4717 0.5000 0.5000 0.4500 0.4000 0.3500 0.3000 0.2500 0.2000 0.1500 0.1000 0.0500 -0.0500 -0.1000 -0.1414 -0.1803 -0.2236 -0.2693 -0.3162
1.2500 1.2000 1.1500 1.1000 1.0500 1.0000 0.9500 0.9000 0.8500 0.8000 0.7500 0.7000 0.6500 0.6000 0.5500 0.5000 0.4500 0.4000 0.3500 0.3000 0.2500 0.2000 0.1500 0.1000 0.0500 -0.0500 -0.1000 -0.1500 -0.2000 -0.2500 -0.3000 -0.3500 -0.4000 -0.4500 -0.5000 -0.5500 -0.6000 -0.6500 -0.7000 -0.7500 -0.8000 -0.8500 -0.9000 -0.9000 -0.8500 -0.8000 -0.7500 -0.7000 -0.6500 -0.6000 -0.5500 -0.5000 -0.4500 -0.4000 -0.3500 -0.3000 -0.2500 -0.2000 -0.1500 -0.1000 -0.0500 0.0500 0.0500 0.0500 -0.0500 -0.0500 -0.0500 0.0500 0.1000 0.1500 0.2000 0.2500 0.3000 0.3500 0.4000 0.4500 0.5000 0.5500 0.6000 0.6500 0.7000 0.7500 0.8000 0.8500 0.9000 0.9500 1.0000 1.0500 1.0630 1.0308 1.0000 0.9708 0.9434 0.9179 0.8944 0.8732 0.8544 0.8201 0.7810 0.7433 0.7071 0.6727 0.6403 0.6103 0.5831 0.5590 0.5385 0.5220 0.5099 0.5025 0.4924 0.4472 0.4000 0.3500 0.3000 0.2500 0.2000 0.1500 0.1000 0.0500 -0.0500 -0.1000 -0.1500 -0.2000 -0.2500 -0.3000 -0.3500 -0.4000 -0.4500 -0.5000 -0.5500 -0.6000 -0.6500 -0.7000 -0.7000 -0.6500 -0.6000 -0.5500 -0.5000 -0.4500 -0.4000 -0.3500 -0.3000 -0.2500 -0.2000 -0.1500 -0.1000 -0.0500 0.0500 0.1000 0.1500 0.2000 0.2500 0.2500 0.2500 0.2500 0.2500 0.2500 0.2500 0.2500 0.2500 0.2550 0.2693 0.2915 0.3202 0.3536 0.3905 0.4301 0.4717 0.5148 0.5590 0.6042 0.6500 0.6946 0.7382 0.7826 0.8276 0.8732 0.9014 0.8746 0.8500 0.8276 0.8078 0.7906 0.7762 0.7649 0.7566 0.7517 0.7159 0.6671 0.6185 0.5701 0.5220 0.4743 0.4272 0.3808 0.3354 0.2915 0.2500 0.2121 0.1803 0.1500 0.1000 0.0500 -0.0500 -0.1000 -0.1500 -0.2000 -0.2500 -0.3000 -0.3500 -0.4000 -0.4500 -0.5000 -0.5500 -0.6000 -0.6500 -0.7000 -0.6500 -0.6000 -0.5500 -0.5000 -0.4500 -0.4000 -0.3500 -0.3000 -0.2500 -0.2000 -0.1500 -0.1000 -0.0500 0.0500 0.0707 0.1118 0.1581 0.2062 0.2550 0.3041 0.3536 0.4031 0.4472 0.4717 0.4924 0.4950 0.4610 0.4243 0.3905 0.3606 0.3354 0.3162 0.3041 0.3000 0.3000 0.3000 0.3000 0.3000 0.3000 0.3000 0.3000 0.3000 0.3041 0.3162 0.3354 0.3606 0.3905 0.4243 0.4123 0.4031 0.4000 0.4000 0.4000 0.4000 0.4031 0.4123 0.4272 0.4472 0.4500 0.4528 0.4610 0.4743 0.4924 0.5148 0.5408 0.5000 0.4500 0.4000 0.3500 0.3000 0.2500 0.2000 0.1500 0.1000 0.0500 -0.0500 -0.0707 -0.1118 -0.1581 -0.2062 -0.2550 -0.3041
1.2500 1.2000 1.1500 1.1000 1.0500 1.0000 0.9500 0.9000 0.8500 0.8000 0.7500 0.7000 0.6500 0.6000 0.5500 0.5000 0.4500 0.4000 0.3500 0.3000 0.2500 0.2000 0.1500 0.1000 0.0500 -0.0500 -0.1000 -0.1500 -0.2000 -0.2500 -0.3000 -0.3500 -0.4000 -0.4500 -0.5000 -0.5500 -0.6000 -0.6500 -0.7000 -0.7500 -0.8000 -0.8500 -0.9000 -0.9014 -0.8515 -0.8016 -0.7517 -0.7018 -0.6519 -0.6021 -0.5523 -0.5025 -0.4528 -0.4031 -0.3536 -0.3041 -0.2550 -0.2062 -0.1581 -0.1118 -0.0707 -0.0500 -0.0500 -0.0500 -0.0707 -0.1000 -0.0500 0.0500 0.1000 0.1500 0.2000 0.2500 0.3000 0.3500 0.4000 0.4500 0.5000 0.5500 0.6000 0.6500 0.7000 0.7500 0.8000 0.8500 0.9000 0.9500 1.0000 1.0500 1.0259 0.9925 0.9605 0.9301 0.9014 0.8746 0.8500 0.8276 0.8078 0.7906 0.7500 0.7106 0.6727 0.6364 0.6021 0.5701 0.5408 0.5148 0.4924 0.4743 0.4610 0.4528 0.4500 0.4472 0.4000 0.3500 0.3000 0.2500 0.2000 0.1500 0.1000 0.0500 -0.0500 -0.1000 -0.1500 -0.2000 -0.2500 -0.3000 -0.3500 -0.4000 -0.4500 -0.5000 -0.5500 -0.6000 -0.6500 -0.7000 -0.7000 -0.6500 -0.6000 -0.5500 -0.5000 -0.4500 -0.4000 -0.3500 -0.3000 -0.2500 -0.2000 -0.1500 -0.1000 -0.0500 0.0500 0.1000 0.1500 0.2000 0.2000 0.2000 0.2000 0.2000 0.2000 0.2000 0.2000 0.2000 0.2000 0.2062 0.2236 0.2500 0.2828 0.3202 0.3606 0.4031 0.4472 0.4924 0.5385 0.5831 0.6265 0.6708 0.7159 0.7616 0.8078 0.8544 0.8602 0.8322 0.8062 0.7826 0.7616 0.7433 0.7280 0.7159 0.7071 0.7018 0.7000 0.6801 0.6325 0.5852 0.5385 0.4924 0.4472 0.4031 0.3606 0.3202 0.2828 0.2500 0.2000 0.1500 0.1000 0.0500 -0.0500 -0.1000 -0.1500 -0.2000 -0.2500 -0.3000 -0.3500 -0.4000 -0.4500 -0.5000 -0.5500 -0.6000 -0.6500 -0.7000 -0.6500 -0.6000 -0.5500 -0.5000 -0.4500 -0.4000 -0.3500 -0.3000 -0.2500 -0.2000 -0.1500 -0.1000 -0.0500 0.0500 0.1000 0.1414 0.1803 0.2236 0.2693 0.3162 0.3640 0.3808 0.4031 0.4272 0.4472 0.4717 0.4924 0.4610 0.4301 0.4031 0.3808 0.3640 0.3536 0.3500 0.3500 0.3500 0.3500 0.3500 0.3500 0.3500 0.3500 0.3500 0.3536 0.3640 0.3808 0.4031 0.4301 0.4610 0.4610 0.4528 0.4500 0.4500 0.4500 0.4500 0.4528 0.4610 0.4743 0.4924 0.5000 0.5025 0.5099 0.5220 0.5385 0.5590 0.5523 0.5025 0.4528 0.4031 0.3536 0.3041 0.2550 0.2062 0.1581 0.1118 0.0707 0.0500 -0.0500 -0.1000 -0.1500 -0.2000 -0.2500 -0.3000
1.2500 1.2000 1.1500 1.1000 1.0500 1.0000 0.9500 0.9000 0.8500 0.8000 0.7500 0.7000 0.6500 0.6000 0.5500 0.5000 0.4500 0.4000 0.3500 0.3000 0.2500 0.2000 0.1500 0.1000 0.0500 -0.0500 -0.1000 -0.1500 -0.2000 -0.2500 -0.3000 -0.3500 -0.4000 -0.4500 -0.5000 -0.5500 -0.6000 -0.6500 -0.7000 -0.7500 -0.8000 -0.8500 -0.9000 -0.9055 -0.8559 -0.8062 -0.7566 -0.7071 -0.6576 -0.6083 -0.5590 -0.5099 -0.4610 -0.4123 -0.3640 -0.3162 -0.2693 -0.2236 -0.1803 -0.1414 -0.1118 -0.1000 -0.1000 -0.1000 -0.1118 -0.1000 -0.0500 0.0500 0.1000 0.1500 0.2000 0.2500 0.3000 0.3500 0.4000 0.4500 0.5000 0.5500 0.6000 0.6500 0.7000 0.7500 0.8000 0.8500 0.9000 0.9500 1.0000 1.0259 0.9899 0.9552 0.9220 0.8902 0.8602 0.8322 0.8062 0.7826 0.7616 0.7433 0.7211 0.6801 0.6403 0.6021 0.5657 0.5315 0.5000 0.4717 0.4472 0.4272 0.4123 0.4031 0.4000 0.4000 0.3808 0.3500 0.3000 0.2500 0.2000 0.1500 0.1000 0.0500 -0.0500 -0.1000 -0.1500 -0.2000 -0.2500 -0.3000 -0.3500 -0.4000 -0.4500 -0.5000 -0.5500 -0.6000 -0.6500 -0.7000 -0.7000 -0.6500 -0.6000 -0.5500 -0.5000 -0.4500 -0.4000 -0.3500 -0.3000 -0.2500 -0.2000 -0.1500 -0.1000 -0.0500 0.0500 0.1000 0.1500 0.1581 0.1500 0.1500 0.1500 0.1500 0.1500 0.1500 0.1500 0.1500 0.1500 0.1581 0.1803 0.2121 0.2500 0.2915 0.3354 0.3808 0.4272 0.4717 0.5148 0.5590 0.6042 0.6500 0.6964 0.7433 0.7906 0.8382 0.8201 0.7906 0.7632 0.7382 0.7159 0.6964 0.6801 0.6671 0.6576 0.6519 0.6500 0.6500 0.6265 0.6042 0.5590 0.5148 0.4717 0.4301 0.3905 0.3500 0.3000 0.2500 0.2000 0.1500 0.1000 0.0500 -0.0500 -0.1000 -0.1500 -0.2000 -0.2500 -0.3000 -0.3500 -0.4000 -0.4500 -0.5000 -0.5500 -0.6000 -0.6500 -0.7000 -0.6500 -0.6000 -0.5500 -0.5000 -0.4500 -0.4000 -0.3500 -0.3000 -0.2500 -0.2000 -0.1500 -0.1000 -0.0500 0.0500 0.1000 0.1500 0.2000 0.2500 0.2915 0.3041 0.3162 0.3354 0.3606 0.3808 0.4031 0.4272 0.4472 0.4717 0.4717 0.4472 0.4272 0.4123 0.4031 0.4000 0.4000 0.4000 0.4000 0.4000 0.4000 0.4000 0.4000 0.4000 0.4031 0.4123 0.4272 0.4472 0.4717 0.5000 0.5099 0.5025 0.5000 0.5000 0.5000 0.5000 0.5025 0.5099 0.5220 0.5385 0.5500 0.5523 0.5590 0.5701 0.5852 0.6042 0.5590 0.5099 0.4610 0.4123 0.3640 0.3162 0.2693 0.2236 0.1803 0.1414 0.1000 0.0500 -0.0500 -0.1000 -0.1500 -0.2000 -0.2500 -0.3000
1.2500 1.2000 1.1500 1.1000 1.0500 1.0000 0.9500 0.9000 0.8500 0.8000 0.7500 0.7000 0.6500 0.6000 0.5500 0.5000 0.4500 0.4000 0.3500 0.3000 0.2500 0.2000 0.1500 0.1000 0.0500 -0.0500 -0.1000 -0.1500 -0.2000 -0.2500 -0.3000 -0.3500 -0.4000 -0.4500 -0.5000 -0.5500 -0.6000 -0.6500 -0.7000 -0.7500 -0.8000 -0.8500 -0.9000 -0.9055 -0.8559 -0.8062 -0.7566 -0.7071 -0.6576 -0.6083 -0.5590 -0.5099 -0.4610 -0.4123 -0.3640 -0.3162 -0.2693 -0.2236 -0.1803 -0.1414 -0.1118 -0.1000 -0.1000 -0.1118 -0.1414 -0.1000 -0.0500 0.0500 0.1000 0.1500 0.2000 0.2500 0.3000 0.3500 0.4000 0.4500 0.5000 0.5500 0.6000 0.6500 0.7000 0.7500 0.8000 0.8500 0.9000 0.9500 1.0000 0.9925 0.9552 0.9192 0.8846 0.8515 0.8201 0.7906 0.7632 0.7382 0.7159 0.6964 0.6801 0.6519 0.6103 0.5701 0.5315 0.4950 0.4610 0.4301 0.4031 0.3808 0.3640 0.3536 0.3500 0.3500 0.3354 0.3162 0.3000 0.2500 0.2000 0.1500 0.1000 0.0500 -0.0500 -0.1000 -0.1500 -0.2000 -0.2500 -0.3000 -0.3500 -0.4000 -0.4500 -0.5000 -0.5500 -0.6000 -0.6500 -0.7000 -0.7000 -0.6500 -0.6000 -0.5500 -0.5000 -0.4500 -0.4000 -0.3500 -0.3000 -0.2500 -0.2000 -0.1500 -0.1000 -0.0500 0.0500 0.1000 0.1414 0.1118 0.1000 0.1000 0.1000 0.1000 0.1000 0.1000 0.1000 0.1000 0.1000 0.1118 0.1414 0.1803 0.2236 0.2693 0.3162 0.3606 0.4031 0.4472 0.4924 0.5385 0.5852 0.6325 0.6801 0.7280 0.7762 0.8139 0.7810 0.7500 0.7211 0.6946 0.6708 0.6500 0.6325 0.6185 0.6083 0.6021 0.6000 0.6000 0.5831 0.5590 0.5385 0.5220 0.5000 0.4500 0.4000 0.3500 0.3000 0.2500 0.2000 0.1500 0.1000 0.0500 -0.0500 -0.1000 -0.1500 -0.2000 -0.2500 -0.3000 -0.3500 -0.4000 -0.4500 -0.5000 -0.5500 -0.6000 -0.6500 -0.7000 -0.6500 -0.6000 -0.5500 -0.5000 -0.4500 -0.4000 -0.3500 -0.3000 -0.2500 -0.2000 -0.1500 -0.1000 -0.0500 0.0500 0.1000 0.1500 0.2000 0.2500 0.2500 0.2550 0.2693 0.2915 0.3162 0.3354 0.3606 0.3808 0.4031 0.4272 0.4472 0.4717 0.4743 0.4610 0.4528 0.4500 0.4500 0.4500 0.4500 0.4500 0.4500 0.4500 0.4500 0.4500 0.4528 0.4610 0.4743 0.4924 0.5148 0.5408 0.5590 0.5523 0.5500 0.5500 0.5500 0.5500 0.5523 0.5590 0.5701 0.5852 0.6000 0.6021 0.6083 0.6185 0.6325 0.6185 0.5701 0.5220 0.4743 0.4272 0.3808 0.3354 0.2915 0.2500 0.2000 0.1500 0.1000 0.0500 -0.0500 -0.1000 -0.1500 -0.2000 -0.2500 -0.3000
1.2500 1.2000 1.1500 1.1000 1.0500 1.0000 0.9500 0.9000 0.8500 0.8000 0.7500 0.7000 0.6500 0.6000 0.5500 0.5000 0.4500 0.4000 0.3500 0.3000 0.2500 0.2000 0.1500 0.1000 0.0500 -0.0500 -0.1000 -0.1500 -0.2000 -0.2500 -0.3000 -0.3500 -0.4000 -0.4500 -0.5000 -0.5500 -0.6000 -0.6500 -0.7000 -0.7500 -0.8000 -0.8500 -0.9000 -0.9014 -0.8515 -0.8016 -0.7517 -0.7018 -0.6519 -0.6021 -0.5523 -0.5025 -0.4528 -0.4031 -0.3536 -0.3041 -0.2550 -0.2062 -0.1581 -0.1118 -0.0707 -0.0500 -0.0500 -0.0707 -0.1118 -0.1000 -0.0500 0.0500 0.1000 0.1500 0.2000 0.2500 0.3000 0.3500 0.4000 0.4500 0.5000 0.5500 0.6000 0.6500 0.7000 0.7500 0.8000 0.8500 0.9000 0.9500 1.0000 0.9605 0.9220 0.8846 0.8485 0.8139 0.7810 0.7500 0.7211 0.6946 0.6708 0.6500 0.6325 0.6185 0.5831 0.5408 0.5000 0.4610 0.4243 0.3905 0.3606 0.3354 0.3162 0.3041 0.3000 0.3000 0.2915 0.2693 0.2550 0.2500 0.2000 0.1500 0.1000 0.0500 -0.0500 -0.1000 -0.1500 -0.2000 -0.2500 -0.3000 -0.3500 -0.4000 -0.4500 -0.5000 -0.5500 -0.6000 -0.6500 -0.7000 -0.7000 -0.6500 -0.6000 -0.5500 -0.5000 -0.4500 -0.4000 -0.3500 -0.3000 -0.2500 -0.2000 -0.1500 -0.1000 -0.0500 0.0500 0.1000 0.1118 0.0707 0.0500 0.0500 0.0500 0.0500 0.0500 0.0500 0.0500 0.0500 0.0500 0.0707 0.1118 0.1581 0.2062 0.2500 0.2915 0.3354 0.3808 0.4272 0.4743 0.5220 0.5701 0.6185 0.6671 0.7159 0.7649 0.7778 0.7433 0.7106 0.6801 0.6519 0.6265 0.6042 0.5852 0.5701 0.5590 0.5523 0.5500 0.5500 0.5408 0.5148 0.4924 0.4743 0.4610 0.4500 0.4000 0.3500 0.3000 0.2500 0.2000 0.1500 0.1000 0.0500 -0.0500 -0.1000 -0.1500 -0.2000 -0.2500 -0.3000 -0.3500 -0.4000 -0.4500 -0.5000 -0.5500 -0.6000 -0.6500 -0.7000 -0.6500 -0.6000 -0.5500 -0.5000 -0.4500 -0.4000 -0.3500 -0.3000 -0.2500 -0.2000 -0.1500 -0.1000 -0.0500 0.0500 0.1000 0.1500 0.2000 0.2000 0.2000 0.2062 0.2236 0.2500 0.2693 0.2915 0.3162 0.3354 0.3606 0.3808 0.4031 0.4301 0.4610 0.4950 0.5025 0.5000 0.5000 0.5000 0.5000 0.5000 0.5000 0.5000 0.5000 0.5000 0.5025 0.5099 0.5220 0.5385 0.5590 0.5831 0.6083 0.6021 0.6000 0.6000 0.6000 0.6000 0.6021 0.6083 0.6185 0.6325 0.6500 0.6519 0.6576 0.6671 0.6801 0.6325 0.5852 0.5385 0.4924 0.4472 0.4000 0.3500 0.3000 0.2500 0.2000 0.1500 0.1000 0.0500 -0.0500 -0.1000 -0.1500 -0.2000 -0.2500 -0.3000
1.2500 1.2000 1.1500 1.1000 1.0500 1.0000 0.9500 0.9000 0.8500 0.8000 0.7500 0.7000 0.6500 0.6000 0.5500 0.5000 0.4500 0.4000 0.3500 0.3000 0.2500 0.2000 0.1500 0.1000 0.0500 -0.0500 -0.1000 -0.1500 -0.2000 -0.2500 -0.3000 -0.3500 -0.4000 -0.4500 -0.5000 -0.5500 -0.6000 -0.6500 -0.7000 -0.7500 -0.8000 -0.8500 -0.9000 -0.9000 -0.8500 -0.8000 -0.7500 -0.7000 -0.6500 -0.6000 -0.5500 -0.5000 -0.4500 -0.4000 -0.3500 -0.3000 -0.2500 -0.2000 -0.1500 -0.1000 -0.0500 0.0500 0.0500 -0.0500 -0.1000 -0.1000 -0.0500 0.0500 0.1000 0.1500 0.2000 0.2500 0.3000 0.3500 0.4000 0.4500 0.5000 0.5500 0.6000 0.6500 0.7000 0.7500 0.8000 0.8500 0.9000 0.9500 0.9708 0.9301 0.8902 0.8515 0.8139 0.7778 0.7433 0.7106 0.6801 0.6519 0.6265 0.6042 0.5852 0.5701 0.5590 0.5148 0.4717 0.4301 0.3905 0.3536 0.3202 0.2915 0.2693 0.2550 0.2500 0.2500 0.2500 0.2236 0.2062 0.2000 0.2000 0.1500 0.1000 0.0500 -0.0500 -0.1000 -0.1500 -0.2000 -0.2500 -0.3000 -0.3500 -0.4000 -0.4500 -0.5000 -0.5500 -0.6000 -0.6500 -0.7000 -0.7000 -0.6500 -0.6000 -0.5500 -0.5000 -0.4500 -0.4000 -0.3500 -0.3000 -0.2500 -0.2000 -0.1500 -0.1000 -0.0500 0.0500 0.1000 0.0707 0.0500 -0.0500 -0.0500 -0.0500 -0.0500 -0.0500 -0.0500 -0.0500 -0.0500 -0.0500 0.0500 0.1000 0.1414 0.1803 0.2236 0.2693 0.3162 0.3640 0.4123 0.4610 0.5099 0.5590 0.6083 0.6576 0.7071 0.7566 0.7433 0.7071 0.6727 0.6403 0.6103 0.5831 0.5590 0.5385 0.5220 0.5099 0.5025 0.5000 0.5000 0.5000 0.4717 0.4472 0.4272 0.4123 0.4031 0.4000 0.3500 0.3000 0.2500 0.2000 0.1500 0.1000 0.0500 -0.0500 -0.1000 -0.1500 -0.2000 -0.2500 -0.3000 -0.3500 -0.4000 -0.4500 -0.5000 -0.5500 -0.6000 -0.6500 -0.6964 -0.6500 -0.6000 -0.5500 -0.5000 -0.4500 -0.4000 -0.3500 -0.3000 -0.2500 -0.2000 -0.1500 -0.1000 -0.0500 0.0500 0.1000 0.1500 0.1500 0.1500 0.1500 0.1581 0.1803 0.2062 0.2236 0.2500 0.2693 0.2915 0.3162 0.3354 0.3606 0.3905 0.4243 0.4610 0.4950 0.5315 0.5500 0.5500 0.5500 0.5500 0.5500 0.5500 0.5500 0.5500 0.5523 0.5590 0.5701 0.5852 0.6042 0.6265 0.6519 0.6519 0.6500 0.6500 0.6500 0.6500 0.6519 0.6576 0.6671 0.6801 0.6964 0.7018 0.7071 0.7159 0.6964 0.6500 0.6000 0.5500 0.5000 0.4500 0.4000 0.3500 0.3000 0.2500 0.2000 0.1500 0.1000 0.0500 -0.0500 -0.1000 -0.1500 -0.2000 -0.2500 -0.3000
1.2349 1.1927 1.1500 1.1000 1.0500 1.0000 0.9500 0.9000 0.8500 0.8000 0.7500 0.7000 0.6500 0.6000 0.5500 0.5000 0.4500 0.4000 0.3500 0.3000 0.2500 0.2000 0.1500 0.1000 0.0500 -0.0500 -0.1000 -0.1500 -0.2000 -0.2500 -0.3000 -0.3500 -0.4000 -0.4500 -0.5000 -0.5500 -0.6000 -0.6500 -0.7000 -0.7500 -0.8000 -0.8500 -0.9000 -0.9014 -0.8515 -0.8016 -0.7517 -0.7018 -0.6519 -0.6021 -0.5523 -0.5025 -0.4528 -0.4031 -0.3536 -0.3041 -0.2550 -0.2062 -0.1581 -0.1118 -0.0707 -0.0500 -0.0500 -0.0707 -0.1118 -0.1000 -0.0500 0.0500 0.1000 0.1500 0.2000 0.2500 0.3000 0.3500 0.4000 0.4500 0.5000 0.5500 0.6000 0.6500 0.7000 0.7500 0.8000 0.8500 0.9000 0.9500 0.9434 0.9014 0.8602 0.8201 0.7810 0.7433 0.7071 0.6727 0.6403 0.6103 0.5831 0.5590 0.5385 0.5220 0.5099 0.4924 0.4472 0.4031 0.3606 0.3202 0.2828 0.2500 0.2236 0.2062 0.2000 0.2000 0.2000 0.1803 0.1581 0.1500 0.1581 0.1500 0.1000 0.0500 -0.0500 -0.1000 -0.1500 -0.2000 -0.2500 -0.3000 -0.3500 -0.4000 -0.4500 -0.5000 -0.5500 -0.6000 -0.6500 -0.7000 -0.7000 -0.6500 -0.6000 -0.5500 -0.5000 -0.4500 -0.4000 -0.3500 -0.3000 -0.2500 -0.2000 -0.1500 -0.1000 -0.0500 0.0500 0.1000 0.0500 -0.0500 -0.0707 -0.1000 -0.1000 -0.1000 -0.1000 -0.1000 -0.1000 -0.1000 -0.0500 0.0500 0.0707 0.1118 0.1581 0.2062 0.2550 0.3041 0.3536 0.4031 0.4528 0.5025 0.5523 0.6021 0.6519 0.7018 0.7433 0.7071 0.6727 0.6364 0.6021 0.5701 0.5408 0.5148 0.4924 0.4743 0.4610 0.4528 0.4500 0.4500 0.4500 0.4301 0.4031 0.3808 0.3640 0.3536 0.3500 0.3500 0.3000 0.2500 0.2000 0.1500 0.1000 0.0500 -0.0500 -0.1000 -0.1500 -0.2000 -0.2500 -0.3000 -0.3500 -0.4000 -0.4472 -0.4924 -0.5385 -0.5852 -0.6325 -0.6801 -0.6500 -0.6000 -0.5500 -0.5000 -0.4500 -0.4000 -0.3500 -0.3000 -0.2500 -0.2000 -0.1500 -0.1000 -0.0500 0.0500 0.1000 0.1118 0.1000 0.1000 0.1000 0.1118 0.1414 0.1581 0.1803 0.2062 0.2236 0.2500 0.2693 0.2915 0.3202 0.3536 0.3905 0.4243 0.4610 0.5000 0.5408 0.5701 0.5852 0.6000 0.6000 0.6000 0.6000 0.6000 0.6021 0.6083 0.6185 0.6325 0.6500 0.6708 0.6946 0.7018 0.7000 0.7000 0.7000 0.7000 0.7018 0.7071 0.7159 0.7280 0.7433 0.7517 0.7566 0.7280 0.6801 0.6325 0.5852 0.5385 0.4924 0.4472 0.4000 0.3500 0.3000 0.2500 0.2000 0.1500 0.1000 0.0500 -0.0500 -0.1000 -0.1500 -0.2000 -0.2500 -0.3000
1.2093 1.1662 1.1236 1.0817 1.0404 1.0000 0.9500 0.9000 0.8500 0.8000 0.7500 0.7000 0.6500 0.6000 0.5500 0.5000 0.4500 0.4000 0.3500 0.3000 0.2500 0.2000 0.1500 0.1000 0.0500 -0.0500 -0.1000 -0.1500 -0.2000 -0.2500 -0.3000 -0.3500 -0.4000 -0.4500 -0.5000 -0.5500 -0.6000 -0.6500 -0.7000 -0.7500 -0.8000 -0.8500 -0.9000 -0.9055 -0.8559 -0.8062 -0.7566 -0.7071 -0.6576 -0.6083 -0.5590 -0.5099 -0.4610 -0.4123 -0.3640 -0.3162 -0.2693 -0.2236 -0.1803 -0.1414 -0.1118 -0.1000 -0.1000 -0.1000 -0.1000 -0.1000 -0.0500 0.0500 0.1000 0.1500 0.2000 0.2500 0.3000 0.3500 0.4000 0.4500 0.5000 0.5500 0.6000 0.6500 0.7000 0.7500 0.8000 0.8500 0.9000 0.9500 0.9179 0.8746 0.8322 0.7906 0.7500 0.7106 0.6727 0.6364 0.6021 0.5701 0.5408 0.5148 0.4924 0.4743 0.4610 0.4528 0.4272 0.3808 0.3354 0.2915 0.2500 0.2121 0.1803 0.1581 0.1500 0.1500 0.1500 0.1414 0.1118 0.1000 0.1118 0.1118 0.1000 0.0500 -0.0500 -0.1000 -0.1500 -0.2000 -0.2500 -0.3000 -0.3500 -0.4000 -0.4500 -0.5000 -0.5500 -0.6000 -0.6500 -0.6964 -0.7000 -0.6500 -0.6000 -0.5500 -0.5000 -0.4500 -0.4000 -0.3500 -0.3000 -0.2500 -0.2000 -0.1500 -0.1000 -0.0500 0.0500 0.1000 0.0500 -0.0500 -0.1000 -0.1118 -0.1414 -0.1500 -0.1500 -0.1500 -0.1500 -0.1118 -0.0707 -0.0500 0.0500 0.1000 0.1500 0.2000 0.2500 0.3000 0.3500 0.4000 0.4500 0.5000 0.5500 0.6000 0.6364 0.6727 0.7071 0.6727 0.6364 0.6021 0.5657 0.5315 0.5000 0.4717 0.4472 0.4272 0.4123 0.4031 0.4000 0.4000 0.4000 0.3905 0.3606 0.3354 0.3162 0.3041 0.3000 0.3000 0.3000 0.2500 0.2000 0.1500 0.1000 0.0500 -0.0500 -0.1000 -0.1500 -0.2000 -0.2500 -0.2915 -0.3354 -0.3808 -0.4272 -0.4743 -0.5220 -0.5701 -0.6185 -0.6671 -0.6500 -0.6000 -0.5500 -0.5000 -0.4500 -0.4000 -0.3500 -0.3000 -0.2500 -0.2000 -0.1500 -0.1000 -0.0500 0.0500 0.1000 0.0707 0.0500 0.0500 0.0500 0.0707 0.1000 0.1118 0.1414 0.1581 0.1803 0.2062 0.2236 0.2500 0.2828 0.3202 0.3536 0.3905 0.4301 0.4717 0.5099 0.5220 0.5385 0.5590 0.5831 0.6103 0.6403 0.6500 0.6519 0.6576 0.6671 0.6801 0.6964 0.7159 0.7382 0.7517 0.7500 0.7500 0.7500 0.7500 0.7517 0.7566 0.7649 0.7762 0.7906 0.7810 0.7500 0.7159 0.6671 0.6185 0.5701 0.5220 0.4743 0.4272 0.3808 0.3354 0.2915 0.2500 0.2000 0.1500 0.1000 0.0500 -0.0500 -0.1000 -0.1500 -0.2000 -0.2500 -0.3000
1.1853 1.1413 1.0977 1.0548 1.0124 0.9708 0.9301 0.8902 0.8500 0.8000 0.7500 0.7000 0.6500 0.6000 0.5500 0.5000 0.4500 0.4000 0.3500 0.3000 0.2500 0.2000 0.1500 0.1000 0.0500 -0.0500 -0.1000 -0.1500 -0.2000 -0.2500 -0.3000 -0.3500 -0.4000 -0.4500 -0.5000 -0.5500 -0.6000 -0.6500 -0.7000 -0.7500 -0.8000 -0.8500 -0.9000 -0.9014 -0.8515 -0.8016 -0.7517 -0.7018 -0.6519 -0.6021 -0.5523 -0.5025 -0.4528 -0.4031 -0.3536 -0.3041 -0.2550 -0.2062 -0.1581 -0.1118 -0.0707 -0.0500 -0.0500 -0.0500 -0.0500 -0.0500 -0.0500 0.0500 0.1000 0.1500 0.2000 0.2500 0.3000 0.3500 0.4000 0.4500 0.5000 0.5500 0.6000 0.6500 0.7000 0.7500 0.8000 0.8500 0.9000 0.9394 0.8944 0.8500 0.8062 0.7632 0.7211 0.6801 0.6403 0.6021 0.5657 0.5315 0.5000 0.4717 0.4472 0.4272 0.4123 0.4031 0.4000 0.3640 0.3162 0.2693 0.2236 0.1803 0.1414 0.1118 0.1000 0.1000 0.1000 0.1000 0.0707 0.0500 0.0707 0.0707 0.0500 0.0500 -0.0500 -0.1000 -0.1500 -0.2000 -0.2500 -0.3000 -0.3500 -0.4000 -0.4472 -0.4924 -0.5385 -0.5852 -0.6325 -0.6801 -0.7000 -0.6500 -0.6000 -0.5500 -0.5000 -0.4500 -0.4000 -0.3500 -0.3000 -0.2500 -0.2000 -0.1500 -0.1000 -0.0500 0.0500 0.1000 0.0500 -0.0500 -0.0500 -0.0707 -0.1118 -0.1581 -0.1803 -0.2000 -0.1803 -0.1414 -0.1000 -0.0500 0.0500 0.1000 0.1500 0.2000 0.2500 0.3000 0.3500 0.4000 0.4500 0.4950 0.5315 0.5657 0.6021 0.6403 0.6727 0.6364 0.6021 0.5657 0.5315 0.4950 0.4610 0.4301 0.4031 0.3808 0.3640 0.3536 0.3500 0.3500 0.3500 0.3500 0.3202 0.2915 0.2693 0.2550 0.2500 0.2500 0.2500 0.2500 0.2000 0.1500 0.1000 0.0500 -0.0500 -0.1000 -0.1414 -0.1803 -0.2236 -0.2693 -0.3162 -0.3640 -0.4123 -0.4610 -0.5099 -0.5590 -0.6083 -0.6576 -0.6500 -0.6000 -0.5500 -0.5000 -0.4500 -0.4000 -0.3500 -0.3000 -0.2500 -0.2000 -0.1500 -0.1000 -0.0500 0.0500 0.1000 0.0500 -0.0500 -0.0500 -0.0500 0.0500 0.0500 0.0707 0.1000 0.1118 0.1414 0.1581 0.1803 0.2121 0.2500 0.2828 0.3202 0.3606 0.4031 0.4472 0.4610 0.4743 0.4924 0.5148 0.5408 0.5701 0.6021 0.6364 0.6727 0.7071 0.7159 0.7280 0.7433 0.7616 0.7826 0.8016 0.8000 0.8000 0.8000 0.8000 0.8016 0.8062 0.8139 0.8139 0.7778 0.7433 0.7106 0.6801 0.6519 0.6083 0.5590 0.5099 0.4610 0.4123 0.3640 0.3162 0.2693 0.2236 0.1803 0.1414 0.1000 0.0500 -0.0500 -0.1000 -0.1500 -0.2000 -0.2500 -0.3000
1.1630 1.1180 1.0735 1.0296 0.9862 0.9434 0.9014 0.8602 0.8201 0.7810 0.7433 0.7000 0.6500 0.6000 0.5500 0.5000 0.4500 0.4000 0.3500 0.3000 0.2500 0.2000 0.1500 0.1000 0.0500 -0.0500 -0.1000 -0.1500 -0.2000 -0.2500 -0.3000 -0.3500 -0.4000 -0.4500 -0.5000 -0.5500 -0.6000 -0.6500 -0.7000 -0.7500 -0.8000 -0.8500 -0.9000 -0.9000 -0.8500 -0.8000 -0.7500 -0.7000 -0.6500 -0.6000 -0.5500 -0.5000 -0.4500 -0.4000 -0.3500 -0.3000 -0.2500 -0.2000 -0.1500 -0.1000 -0.0500 0.0500 0.0500 0.0500 0.0500 0.0500 0.0500 0.0707 0.1118 0.1581 0.2062 0.2550 0.3041 0.3536 0.4031 0.4528 0.5025 0.5523 0.6021 0.6519 0.7018 0.7517 0.8016 0.8515 0.9014 0.9192 0.8732 0.8276 0.7826 0.7382 0.6946 0.6519 0.6103 0.5701 0.5315 0.4950 0.4610 0.4301 0.4031 0.3808 0.3640 0.3536 0.3500 0.3500 0.3041 0.2550 0.2062 0.1581 0.1118 0.0707 0.0500 0.0500 0.0500 0.0500 0.0500 -0.0500 0.0500 0.0500 -0.0500 -0.0500 -0.0707 -0.1118 -0.1581 -0.2062 -0.2500 -0.2915 -0.3354 -0.3808 -0.4272 -0.4743 -0.5220 -0.5701 -0.6185 -0.6671 -0.7000 -0.6500 -0.6000 -0.5500 -0.5000 -0.4500 -0.4000 -0.3500 -0.3000 -0.2500 -0.2000 -0.1500 -0.1000 -0.0500 0.0500 0.1000 0.0707 0.0500 0.0500 -0.0500 -0.1000 -0.1118 -0.1414 -0.1803 -0.2000 -0.1500 -0.1000 -0.0500 0.0500 0.1000 0.1500 0.2000 0.2500 0.3000 0.3500 0.3905 0.4243 0.4610 0.4950 0.5315 0.5701 0.6103 0.6403 0.6021 0.5657 0.5315 0.4950 0.4610 0.4243 0.3905 0.3606 0.3354 0.3162 0.3041 0.3000 0.3000 0.3000 0.3000 0.2828 0.2500 0.2236 0.2062 0.2000 0.2000 0.2000 0.2062 0.2000 0.1500 0.1000 0.0500 -0.0500 -0.0707 -0.1118 -0.1581 -0.2062 -0.2550 -0.3041 -0.3536 -0.4031 -0.4528 -0.5025 -0.5523 -0.6021 -0.6519 -0.6500 -0.6000 -0.5500 -0.5000 -0.4500 -0.4000 -0.3500 -0.3000 -0.2500 -0.2000 -0.1500 -0.1000 -0.0500 0.0500 0.1000 0.0707 0.0500 -0.0500 -0.0707 -0.0500 -0.0500 0.0500 0.0500 0.0707 0.1000 0.1118 0.1414 0.1803 0.2121 0.2500 0.2915 0.3354 0.3808 0.4031 0.4123 0.4272 0.4472 0.4717 0.5000 0.5315 0.5657 0.6021 0.6403 0.6801 0.7211 0.7632 0.7906 0.8078 0.8276 0.8500 0.8500 0.8500 0.8500 0.8500 0.8515 0.8559 0.8201 0.7810 0.7433 0.7071 0.6727 0.6403 0.6103 0.5831 0.5523 0.5025 0.4528 0.4031 0.3536 0.3041 0.2550 0.2062 0.1581 0.1118 0.0707 0.0500 -0.0500 -0.1000 -0.1500 -0.2000 -0.2500 -0.3000
1.1424 1.0966 1.0512 1.0062 0.9618 0.9179 0.8746 0.8322 0.7906 0.7500 0.7106 0.6727 0.6364 0.6000 0.5500 0.5000 0.4500 0.4000 0.3500 0.3000 0.2500 0.2000 0.1500 0.1000 0.0500 -0.0500 -0.1000 -0.1500 -0.2000 -0.2500 -0.3000 -0.3500 -0.4000 -0.4500 -0.5000 -0.5500 -0.6000 -0.6500 -0.7000 -0.7500 -0.8000 -0.8500 -0.9000 -0.9000 -0.8500 -0.8000 -0.7500 -0.7000 -0.6500 -0.6000 -0.5500 -0.5000 -0.4500 -0.4000 -0.3500 -0.3000 -0.2500 -0.2000 -0.1500 -0.1000 -0.0500 0.0500 0.1000 0.1000 0.1000 0.1000 0.1000 0.1118 0.1414 0.1803 0.2236 0.2693 0.3162 0.3640 0.4123 0.4610 0.5099 0.5590 0.6083 0.6576 0.7071 0.7566 0.8062 0.8559 0.9055 0.9014 0.8544 0.8078 0.7616 0.7159 0.6708 0.6265 0.5831 0.5408 0.5000 0.4610 0.4243 0.3905 0.3606 0.3354 0.3162 0.3041 0.3000 0.3000 0.3000 0.2500 0.2000 0.1500 0.1000 0.0500 -0.0500 -0.0500 -0.0500 -0.0500 -0.0500 -0.0707 -0.0500 -0.0500 -0.0707 -0.1000 -0.1000 -0.1118 -0.1414 -0.1803 -0.2236 -0.2693 -0.3162 -0.3640 -0.4123 -0.4610 -0.5099 -0.5590 -0.6083 -0.6576 -0.7000 -0.6500 -0.6000 -0.5500 -0.5000 -0.4500 -0.4000 -0.3500 -0.3000 -0.2500 -0.2000 -0.1500 -0.1000 -0.0500 0.0500 0.1000 0.0707 0.0500 -0.0500 -0.0707 -0.0500 -0.0707 -0.1118 -0.1581 -0.2000 -0.1500 -0.1000 -0.0500 0.0500 0.1000 0.1500 0.2000 0.2500 0.2915 0.3202 0.3536 0.3905 0.4243 0.4610 0.5000 0.5408 0.5831 0.6103 0.5701 0.5315 0.4950 0.4610 0.4243 0.3905 0.3536 0.3202 0.2915 0.2693 0.2550 0.2500 0.2500 0.2500 0.2500 0.2500 0.2121 0.1803 0.1581 0.1500 0.1500 0.1500 0.1581 0.1803 0.1581 0.1118 0.0707 0.0500 -0.0500 -0.1000 -0.1500 -0.2000 -0.2500 -0.3000 -0.3500 -0.4000 -0.4500 -0.5000 -0.5500 -0.6000 -0.6500 -0.6500 -0.6000 -0.5500 -0.5000 -0.4500 -0.4000 -0.3500 -0.3000 -0.2500 -0.2000 -0.1500 -0.1000 -0.0500 0.0500 0.1000 0.1118 0.0707 0.0500 -0.0500 -0.0500 -0.0707 -0.0500 -0.0500 0.0500 0.0500 0.0707 0.1118 0.1414 0.1803 0.2236 0.2693 0.3162 0.3500 0.3536 0.3640 0.3808 0.4031 0.4301 0.4610 0.4950 0.5315 0.5701 0.6103 0.6519 0.6946 0.7382 0.7826 0.8276 0.8732 0.8944 0.9000 0.9000 0.9000 0.9000 0.8746 0.8322 0.7906 0.7500 0.7106 0.6727 0.6364 0.6021 0.5701 0.5408 0.5148 0.4924 0.4500 0.4000 0.3500 0.3000 0.2500 0.2000 0.1500 0.1000 0.0500 -0.0500 -0.0707 -0.1118 -0.1581 -0.2062 -0.2550 -0.3041
1.1236 1.0770 1.0308 0.9849 0.9394 0.8944 0.8500 0.8062 0.7632 0.7211 0.6801 0.6403 0.6021 0.5657 0.5315 0.5000 0.4500 0.4000 0.3500 0.3000 0.2500 0.2000 0.1500 0.1000 0.0500 -0.0500 -0.1000 -0.1500 -0.2000 -0.2500 -0.3000 -0.3500 -0.4000 -0.4500 -0.5000 -0.5500 -0.6000 -0.6500 -0.7000 -0.7500 -0.8000 -0.8500 -0.9000 -0.9000 -0.8500 -0.8000 -0.7500 -0.7000 -0.6500 -0.6000 -0.5500 -0.5000 -0.4500 -0.4000 -0.3500 -0.3000 -0.2500 -0.2000 -0.1500 -0.1000 -0.0500 0.0500 0.0707 0.0500 0.0500 0.0500 0.0707 0.1118 0.1414 0.1803 0.2236 0.2693 0.3162 0.3640 0.4123 0.4610 0.5099 0.5590 0.6083 0.6576 0.7071 0.7566 0.8062 0.8559 0.9055 0.8860 0.8382 0.7906 0.7433 0.6964 0.6500 0.6042 0.5590 0.5148 0.4717 0.4301 0.3905 0.3536 0.3202 0.2915 0.2693 0.2550 0.2500 0.2500 0.2550 0.2500 0.2000 0.1500 0.1000 0.0500 -0.0500 -0.1000 -0.1000 -0.1000 -0.1000 -0.1000 -0.1000 -0.1000 -0.0707 -0.0500 -0.0500 -0.0707 -0.1118 -0.1581 -0.2062 -0.2550 -0.3041 -0.3536 -0.4031 -0.4528 -0.5025 -0.5523 -0.6021 -0.6519 -0.7000 -0.6500 -0.6000 -0.5500 -0.5000 -0.4500 -0.4000 -0.3500 -0.3000 -0.2500 -0.2000 -0.1500 -0.1000 -0.0500 0.0500 0.1000 0.0500 -0.0500 -0.0707 -0.0500 0.0500 -0.0500 -0.1000 -0.1414 -0.1803 -0.1500 -0.1000 -0.0500 0.0500 0.1000 0.1500 0.2000 0.2236 0.2500 0.2828 0.3202 0.3536 0.3905 0.4301 0.4717 0.5148 0.5590 0.5831 0.5408 0.5000 0.4610 0.4243 0.3905 0.3536 0.3202 0.2828 0.2500 0.2236 0.2062 0.2000 0.2000 0.2000 0.2000 0.2062 0.1803 0.1414 0.1118 0.1000 0.1000 0.1000 0.1118 0.1414 0.1500 0.1414 0.1000 0.0500 -0.0500 -0.1000 -0.1500 -0.2000 -0.2500 -0.3000 -0.3500 -0.4000 -0.4500 -0.5000 -0.5500 -0.6000 -0.6500 -0.6500 -0.6000 -0.5500 -0.5000 -0.4500 -0.4000 -0.3500 -0.3000 -0.2500 -0.2000 -0.1500 -0.1000 -0.0500 0.0500 0.1000 0.1414 0.1118 0.0707 0.0500 0.0500 -0.0500 -0.0500 -0.0707 -0.0500 -0.0500 0.0500 0.0707 0.1118 0.1581 0.2062 0.2550 0.3000 0.3000 0.3041 0.3162 0.3354 0.3606 0.3905 0.4243 0.4610 0.5000 0.5408 0.5831 0.6265 0.6708 0.7159 0.7616 0.8078 0.8544 0.9014 0.9487 0.9500 0.9394 0.8944 0.8500 0.8062 0.7632 0.7211 0.6801 0.6403 0.6021 0.5657 0.5315 0.5000 0.4717 0.4472 0.4272 0.4031 0.3536 0.3041 0.2550 0.2062 0.1581 0.1118 0.0707 0.0500 -0.0500 -0.1000 -0.1500 -0.2000 -0.2500 -0.3000
1.1068 1.0595 1.0124 0.9657 0.9192 0.8732 0.8276 0.7826 0.7382 0.6946 0.6519 0.6103 0.5701 0.5315 0.4950 0.4610 0.4301 0.4000 0.3500 0.3000 0.2500 0.2000 0.1500 0.1000 0.0500 -0.0500 -0.1000 -0.1500 -0.2000 -0.2500 -0.3000 -0.3500 -0.4000 -0.4500 -0.5000 -0.5500 -0.6000 -0.6500 -0.7000 -0.7500 -0.8000 -0.8500 -0.9000 -0.9014 -0.8515 -0.8016 -0.7517 -0.7018 -0.6519 -0.6021 -0.5523 -0.5025 -0.4528 -0.4031 -0.3536 -0.3041 -0.2550 -0.2062 -0.1581 -0.1118 -0.0707 -0.0500 0.0500 -0.0500 -0.0500 -0.0500 0.0500 0.0707 0.1118 0.1581 0.2062 0.2550 0.3041 0.3536 0.4031 0.4528 0.5025 0.5523 0.6021 0.6519 0.7018 0.7517 0.8016 0.8515 0.9014 0.8732 0.8246 0.7762 0.7280 0.6801 0.6325 0.5852 0.5385 0.4924 0.4472 0.4031 0.3606 0.3202 0.2828 0.2500 0.2236 0.2062 0.2000 0.2000 0.2062 0.2236 0.2000 0.1500 0.1000 0.0500 -0.0500 -0.1000 -0.1000 -0.0707 -0.0500 -0.0500 -0.0500 -0.0500 -0.0500 0.0500 0.0500 -0.0500 -0.1000 -0.1500 -0.2000 -0.2500 -0.3000 -0.3500 -0.4000 -0.4500 -0.5000 -0.5500 -0.6000 -0.6500 -0.7000 -0.6500 -0.6000 -0.5500 -0.5000 -0.4500 -0.4000 -0.3500 -0.3000 -0.2500 -0.2000 -0.1500 -0.1000 -0.0500 0.0500 0.1000 0.0500 -0.0500 -0.0707 -0.0500 0.0500 -0.0500 -0.0707 -0.1118 -0.1581 -0.1500 -0.1000 -0.0500 0.0500 0.1000 0.1500 0.1581 0.1803 0.2121 0.2500 0.2828 0.3202 0.3606 0.4031 0.4472 0.4924 0.5385 0.5590 0.5148 0.4717 0.4301 0.3905 0.3536 0.3202 0.2828 0.2500 0.2121 0.1803 0.1581 0.1500 0.1500 0.1500 0.1500 0.1581 0.1414 0.1118 0.0707 0.0500 0.0500 0.0500 0.0707 0.1000 0.1000 0.1118 0.1000 0.0500 -0.0500 -0.1000 -0.1500 -0.2000 -0.2500 -0.3000 -0.3500 -0.4000 -0.4500 -0.5000 -0.5500 -0.6000 -0.6500 -0.6500 -0.6000 -0.5500 -0.5000 -0.4500 -0.4000 -0.3500 -0.3000 -0.2500 -0.2000 -0.1500 -0.1000 -0.0500 0.0500 0.1000 0.1500 0.1414 0.1118 0.1000 0.0707 0.0500 0.0500 -0.0500 -0.0500 -0.0500 -0.0500 0.0500 0.1000 0.1500 0.2000 0.2500 0.2500 0.2500 0.2550 0.2693 0.2915 0.3202 0.3536 0.3905 0.4301 0.4717 0.5148 0.5590 0.6042 0.6500 0.6964 0.7433 0.7906 0.8382 0.8860 0.9341 0.9657 0.9192 0.8732 0.8276 0.7826 0.7382 0.6946 0.6519 0.6103 0.5701 0.5315 0.4950 0.4610 0.4301 0.4031 0.3808 0.3640 0.3536 0.3162 0.2693 0.2236 0.1803 0.1414 0.1000 0.0500 -0.0500 -0.1000 -0.1500 -0.2000 -0.2500 -0.3000
1.0920 1.0440 0.9962 0.9487 0.9014 0.8544 0.8078 0.7616 0.7159 0.6708 0.6265 0.5831 0.5408 0.5000 0.4610 0.4243 0.3905 0.3606 0.3354 0.3000 0.2500 0.2000 0.1500 0.1000 0.0500 -0.0500 -0.1000 -0.1500 -0.2000 -0.2500 -0.3000 -0.3500 -0.4000 -0.4500 -0.5000 -0.5500 -0.6000 -0.6500 -0.7000 -0.7500 -0.8000 -0.8500 -0.9000 -0.9055 -0.8559 -0.8062 -0.7566 -0.7071 -0.6576 -0.6083 -0.5590 -0.5099 -0.4610 -0.4123 -0.3640 -0.3162 -0.2693 -0.2236 -0.1803 -0.1414 -0.1118 -0.0707 -0.0500 -0.0707 -0.1000 -0.0707 -0.0500 0.0500 0.1000 0.1500 0.2000 0.2500 0.3000 0.3500 0.4000 0.4500 0.5000 0.5500 0.6000 0.6500 0.7000 0.7500 0.8000 0.8500 0.9000 0.8631 0.8139 0.7649 0.7159 0.6671 0.6185 0.5701 0.5220 0.4743 0.4272 0.3808 0.3354 0.2915 0.2500 0.2121 0.1803 0.1581 0.1500 0.1500 0.1581 0.1803 0.2000 0.1500 0.1000 0.0500 -0.0500 -0.0500 -0.0500 -0.0500 0.0500 0.0500 0.0500 0.0500 0.0500 0.0707 0.0500 -0.0500 -0.1000 -0.1500 -0.2000 -0.2500 -0.3000 -0.3500 -0.4000 -0.4500 -0.5000 -0.5500 -0.6000 -0.6500 -0.7000 -0.6500 -0.6000 -0.5500 -0.5000 -0.4500 -0.4000 -0.3500 -0.3000 -0.2500 -0.2000 -0.1500 -0.1000 -0.0500 0.0500 0.1000 0.0707 0.0500 -0.0500 0.0500 0.0500 0.0500 -0.0500 -0.1000 -0.1500 -0.1500 -0.1000 -0.0500 0.0500 0.1000 0.1000 0.1118 0.1414 0.1803 0.2121 0.2500 0.2915 0.3354 0.3808 0.4272 0.4743 0.5220 0.5385 0.4924 0.4472 0.4031 0.3606 0.3202 0.2828 0.2500 0.2121 0.1803 0.1414 0.1118 0.1000 0.1000 0.1000 0.1000 0.1118 0.1000 0.0707 0.0500 -0.0500 -0.0500 -0.0500 0.0500 0.0500 0.0500 0.0707 0.1000 0.0500 -0.0500 -0.1000 -0.1500 -0.2000 -0.2500 -0.3000 -0.3500 -0.4000 -0.4500 -0.5000 -0.5500 -0.6000 -0.6500 -0.6500 -0.6000 -0.5500 -0.5000 -0.4500 -0.4000 -0.3500 -0.3000 -0.2500 -0.2000 -0.1500 -0.1000 -0.0500 0.0500 0.1000 0.1500 0.1803 0.1581 0.1414 0.1118 0.1000 0.0707 0.0500 0.0500 0.0500 0.0500 0.0707 0.1118 0.1581 0.2062 0.2062 0.2000 0.2000 0.2062 0.2236 0.2500 0.2828 0.3202 0.3606 0.4031 0.4472 0.4924 0.5385 0.5852 0.6325 0.6801 0.7280 0.7762 0.8246 0.8732 0.9220 0.9487 0.9014 0.8544 0.8078 0.7616 0.7159 0.6708 0.6265 0.5831 0.5408 0.5000 0.4610 0.4243 0.3905 0.3606 0.3354 0.3162 0.3041 0.3000 0.2915 0.2500 0.2000 0.1500 0.1000 0.0500 -0.0500 -0.1000 -0.1500 -0.2000 -0.2500 -0.3000
1.0794 1.0308 0.9823 0.9341 0.8860 0.8382 0.7906 0.7433 0.6964 0.6500 0.6042 0.5590 0.5148 0.4717 0.4301 0.3905 0.3536 0.3202 0.2915 0.2693 0.2500 0.2000 0.1500 0.1000 0.0500 -0.0500 -0.1000 -0.1500 -0.2000 -0.2500 -0.3000 -0.3500 -0.4000 -0.4500 -0.5000 -0.5500 -0.6000 -0.6500 -0.7000 -0.7500 -0.8000 -0.8500 -0.9000 -0.9124 -0.8631 -0.8139 -0.7649 -0.7159 -0.6671 -0.6185 -0.5701 -0.5220 -0.4743 -0.4272 -0.3808 -0.3354 -0.2915 -0.2500 -0.2121 -0.1803 -0.1414 -0.1118 -0.1000 -0.1118 -0.1414 -0.1000 -0.0500 0.0500 0.1000 0.1500 0.2000 0.2500 0.3000 0.3500 0.4000 0.4500 0.5000 0.5500 0.6000 0.6500 0.7000 0.7500 0.8000 0.8500 0.9000 0.8559 0.8062 0.7566 0.7071 0.6576 0.6083 0.5590 0.5099 0.4610 0.4123 0.3640 0.3162 0.2693 0.2236 0.1803 0.1414 0.1118 0.1000 0.1000 0.1118 0.1414 0.1803 0.1581 0.1118 0.0707 0.0500 0.0500 0.0500 0.0500 0.0707 0.1000 0.1000 0.1000 0.1000 0.1000 0.0500 -0.0500 -0.1000 -0.1500 -0.2000 -0.2500 -0.3000 -0.3500 -0.4000 -0.4500 -0.5000 -0.5500 -0.6000 -0.6500 -0.7000 -0.6500 -0.6000 -0.5500 -0.5000 -0.4500 -0.4000 -0.3500 -0.3000 -0.2500 -0.2000 -0.1500 -0.1000 -0.0500 0.0500 0.1000 0.1118 0.0707 0.0500 0.0500 -0.0500 -0.0500 -0.0707 -0.1000 -0.1118 -0.1414 -0.1000 -0.0500 0.0500 0.0707 0.0500 0.0707 0.1118 0.1414 0.1803 0.2236 0.2693 0.3162 0.3640 0.4123 0.4610 0.5099 0.5220 0.4743 0.4272 0.3808 0.3354 0.2915 0.2500 0.2121 0.1803 0.1414 0.1118 0.0707 0.0500 0.0500 0.0500 0.0500 0.0707 0.0500 0.0500 -0.0500 -0.0707 -0.1000 -0.0707 -0.0500 -0.0500 -0.0500 0.0500 0.1000 0.0500 -0.0500 -0.1000 -0.1500 -0.2000 -0.2500 -0.3000 -0.3500 -0.4000 -0.4500 -0.5000 -0.5500 -0.6000 -0.6500 -0.6500 -0.6000 -0.5500 -0.5000 -0.4500 -0.4000 -0.3500 -0.3000 -0.2500 -0.2000 -0.1500 -0.1000 -0.0500 0.0500 0.1000 0.1500 0.2000 0.2000 0.1803 0.1581 0.1414 0.1118 0.1000 0.1000 0.1000 0.1000 0.1118 0.1414 0.1803 0.1803 0.1581 0.1500 0.1500 0.1581 0.1803 0.2121 0.2500 0.2915 0.3354 0.3808 0.4272 0.4743 0.5220 0.5701 0.6185 0.6671 0.7159 0.7649 0.8139 0.8631 0.9124 0.9341 0.8860 0.8382 0.7906 0.7433 0.6964 0.6500 0.6042 0.5590 0.5148 0.4717 0.4301 0.3905 0.3536 0.3202 0.2915 0.2693 0.2550 0.2500 0.2500 0.2500 0.2000 0.1500 0.1000 0.0500 -0.0500 -0.1000 -0.1500 -0.2000 -0.2500 -0.3000
1.0689 1.0198 0.9708 0.9220 0.8732 0.8246 0.7762 0.7280 0.6801 0.6325 0.5852 0.5385 0.4924 0.4472 0.4031 0.3606 0.3202 0.2828 0.2500 0.2236 0.2062 0.1803 0.1500 0.1000 0.0500 -0.0500 -0.1000 -0.1500 -0.2000 -0.2500 -0.3000 -0.3500 -0.4000 -0.4500 -0.5000 -0.5500 -0.6000 -0.6500 -0.7000 -0.7500 -0.8000 -0.8500 -0.8631 -0.8732 -0.8732 -0.8246 -0.7762 -0.7280 -0.6801 -0.6325 -0.5852 -0.5385 -0.4924 -0.4472 -0.4031 -0.3606 -0.3202 -0.2828 -0.2500 -0.2121 -0.1803 -0.1581 -0.1500 -0.1581 -0.1500 -0.1000 -0.0500 0.0500 0.1000 0.1500 0.2000 0.2500 0.3000 0.3500 0.4000 0.4500 0.5000 0.5500 0.6000 0.6500 0.7000 0.7500 0.8000 0.8500 0.9000 0.8515 0.8016 0.7517 0.7018 0.6519 0.6021 0.5523 0.5025 0.4528 0.4031 0.3536 0.3041 0.2550 0.2062 0.1581 0.1118 0.0707 0.0500 0.0500 0.0707 0.1118 0.1500 0.1500 0.1414 0.1118 0.1000 0.1000 0.1000 0.1000 0.1118 0.1414 0.1500 0.1500 0.1500 0.1000 0.0500 -0.0500 -0.1000 -0.1500 -0.2000 -0.2500 -0.3000 -0.3500 -0.4000 -0.4500 -0.5000 -0.5500 -0.6000 -0.6500 -0.7000 -0.6500 -0.6000 -0.5500 -0.5000 -0.4500 -0.4000 -0.3500 -0.3000 -0.2500 -0.2000 -0.1500 -0.1000 -0.0500 0.0500 0.1000 0.1414 0.1118 0.1000 0.0500 -0.0500 -0.1000 -0.0707 -0.0500 -0.0707 -0.1118 -0.1000 -0.0500 0.0500 0.0500 -0.0500 0.0500 0.0707 0.1118 0.1581 0.2062 0.2550 0.3041 0.3536 0.4031 0.4528 0.5025 0.5099 0.4610 0.4123 0.3640 0.3162 0.2693 0.2236 0.1803 0.1414 0.1118 0.0707 0.0500 -0.0500 -0.0500 -0.0500 -0.0500 0.0500 -0.0500 -0.0500 -0.0707 -0.1118 -0.1414 -0.1118 -0.1000 -0.1000 -0.0500 0.0500 0.0500 0.0500 -0.0500 -0.1000 -0.1500 -0.2000 -0.2500 -0.3000 -0.3500 -0.4000 -0.4500 -0.5000 -0.5500 -0.6000 -0.6500 -0.6500 -0.6000 -0.5500 -0.5000 -0.4500 -0.4000 -0.3500 -0.3000 -0.2500 -0.2000 -0.1500 -0.1000 -0.0500 0.0500 0.1000 0.1500 0.1500 0.1500 0.1500 0.1500 0.1500 0.1500 0.1500 0.1500 0.1500 0.1500 0.1500 0.1500 0.1500 0.1414 0.1118 0.1000 0.1000 0.1118 0.1414 0.1803 0.2236 0.2693 0.3162 0.3640 0.4123 0.4610 0.5099 0.5590 0.6083 0.6576 0.7071 0.7566 0.8062 0.8559 0.9055 0.9192 0.8732 0.8246 0.7762 0.7280 0.6801 0.6325 0.5852 0.5385 0.4924 0.4472 0.4031 0.3606 0.3202 0.2828 0.2500 0.2236 0.2062 0.2000 0.2000 0.2062 0.2000 0.1500 0.1000 0.0500 -0.0500 -0.1000 -0.1500 -0.2000 -0.2500 -0.3000
1.0607 1.0112 0.9618 0.9124 0.8631 0.8139 0.7649 0.7159 0.6671 0.6185 0.5701 0.5220 0.4743 0.4272 0.3808 0.3354 0.2915 0.2500 0.2121 0.1803 0.1581 0.1414 0.1118 0.1000 0.0500 -0.0500 -0.1000 -0.1500 -0.2000 -0.2500 -0.3000 -0.3500 -0.4000 -0.4500 -0.5000 -0.5500 -0.6000 -0.6500 -0.7000 -0.7500 -0.8000 -0.8062 -0.8139 -0.8246 -0.8382 -0.8382 -0.7906 -0.7433 -0.6964 -0.6500 -0.6042 -0.5590 -0.5148 -0.4717 -0.4301 -0.3905 -0.3536 -0.3202 -0.2828 -0.2500 -0.2236 -0.2062 -0.2000 -0.2000 -0.1500 -0.1000 -0.0500 0.0500 0.1000 0.1500 0.2000 0.2500 0.3000 0.3500 0.4000 0.4500 0.5000 0.5500 0.6000 0.6500 0.7000 0.7500 0.8000 0.8500 0.9000 0.8500 0.8000 0.7500 0.7000 0.6500 0.6000 0.5500 0.5000 0.4500 0.4000 0.3500 0.3000 0.2500 0.2000 0.1500 0.1000 0.0500 -0.0500 -0.0500 0.0500 0.1000 0.1000 0.1000 0.1000 0.1000 0.1000 0.1000 0.1000 0.1000 0.1000 0.1000 0.1000 0.1000 0.1000 0.1000 0.0500 -0.0500 -0.1000 -0.1500 -0.2000 -0.2500 -0.3000 -0.3500 -0.4000 -0.4500 -0.5000 -0.5500 -0.6000 -0.6500 -0.7000 -0.6500 -0.6000 -0.5500 -0.5000 -0.4500 -0.4000 -0.3500 -0.3000 -0.2500 -0.2000 -0.1500 -0.1000 -0.0500 0.0500 0.1000 0.1000 0.1000 0.0707 0.0500 -0.0500 -0.1000 -0.0500 0.0500 -0.0500 -0.0707 -0.1000 -0.0500 0.0500 -0.0500 -0.0707 -0.0500 0.0500 0.1000 0.1500 0.2000 0.2500 0.3000 0.3500 0.4000 0.4500 0.5000 0.5025 0.4528 0.4031 0.3536 0.3041 0.2550 0.2062 0.1581 0.1118 0.0707 0.0500 -0.0500 -0.0500 -0.0500 -0.0500 -0.0500 -0.0500 -0.0707 -0.1000 -0.1118 -0.1414 -0.1803 -0.1581 -0.1500 -0.1118 -0.0707 -0.0500 -0.0500 0.0500 -0.0500 -0.1000 -0.1500 -0.2000 -0.2500 -0.3000 -0.3500 -0.4000 -0.4500 -0.5000 -0.5500 -0.6000 -0.6500 -0.6500 -0.6000 -0.5500 -0.5000 -0.4500 -0.4000 -0.3500 -0.3000 -0.2500 -0.2000 -0.1500 -0.1000 -0.0500 0.0500 0.1000 0.1000 0.1000 0.1000 0.1000 0.1000 0.1000 0.1000 0.1000 0.1000 0.1000 0.1000 0.1000 0.1000 0.1000 0.1000 0.0707 0.0500 0.0500 0.0707 0.1118 0.1581 0.2062 0.2550 0.3041 0.3536 0.4031 0.4528 0.5025 0.5523 0.6021 0.6519 0.7018 0.7517 0.8016 0.8515 0.9014 0.9014 0.8544 0.8078 0.7616 0.7159 0.6671 0.6185 0.5701 0.5220 0.4743 0.4272 0.3808 0.3354 0.2915 0.2500 0.2121 0.1803 0.1581 0.1500 0.1500 0.1581 0.1803 0.1500 0.1000 0.0500 -0.0500 -0.1000 -0.1500 -0.2000 -0.2500 -0.3000
1.0548 1.0050 0.9552 0.9055 0.8559 0.8062 0.7566 0.7071 0.6576 0.6083 0.5590 0.5099 0.4610 0.4123 0.3640 0.3162 0.2693 0.2236 0.1803 0.1414 0.1118 0.1000 0.0707 0.0500 0.0500 -0.0500 -0.1000 -0.1500 -0.2000 -0.2500 -0.3000 -0.3500 -0.4000 -0.4500 -0.5000 -0.5500 -0.6000 -0.6500 -0.7000 -0.7500 -0.7517 -0.7566 -0.7649 -0.7762 -0.7906 -0.8078 -0.8078 -0.7616 -0.7159 -0.6708 -0.6265 -0.5831 -0.5408 -0.5000 -0.4610 -0.4243 -0.3905 -0.3536 -0.3202 -0.2915 -0.2693 -0.2550 -0.2236 -0.1803 -0.1414 -0.1000 -0.0500 0.0500 0.1000 0.1500 0.2000 0.2500 0.3000 0.3500 0.4000 0.4500 0.5000 0.5500 0.6000 0.6500 0.7000 0.7500 0.8000 0.8500 0.9000 0.8500 0.8000 0.7500 0.7000 0.6500 0.6000 0.5500 0.5000 0.4500 0.4000 0.3500 0.3000 0.2500 0.2000 0.1500 0.1000 0.0500 -0.0500 0.0500 0.0500 0.0500 0.0500 0.0500 0.0500 0.0500 0.0500 0.0500 0.0500 0.0500 0.0500 0.0500 0.0500 0.0500 0.0500 0.0500 0.0500 -0.0500 -0.1000 -0.1500 -0.2000 -0.2500 -0.3000 -0.3500 -0.4000 -0.4500 -0.5000 -0.5500 -0.6000 -0.6500 -0.7000 -0.6500 -0.6000 -0.5500 -0.5000 -0.4500 -0.4000 -0.3500 -0.3000 -0.2500 -0.2000 -0.1500 -0.1000 -0.0500 0.0500 0.0500 0.0500 0.0500 0.0500 -0.0500 -0.0707 -0.1000 -0.0500 0.0500 0.0500 -0.0500 -0.1000 -0.0500 0.0500 -0.0500 -0.1000 -0.0500 0.0500 0.1000 0.1500 0.2000 0.2500 0.3000 0.3500 0.4000 0.4472 0.4924 0.5000 0.4500 0.4000 0.3500 0.3000 0.2500 0.2000 0.1500 0.1000 0.0500 -0.0500 -0.0500 0.0500 0.0500 0.0500 0.0500 -0.0500 -0.1000 -0.1414 -0.1581 -0.1803 -0.2121 -0.2062 -0.1803 -0.1414 -0.1118 -0.1000 -0.0500 0.0500 -0.0500 -0.1000 -0.1500 -0.2000 -0.2500 -0.3000 -0.3500 -0.4000 -0.4500 -0.5000 -0.5500 -0.6000 -0.6500 -0.6500 -0.6000 -0.5500 -0.5000 -0.4500 -0.4000 -0.3500 -0.3000 -0.2500 -0.2000 -0.1500 -0.1000 -0.0500 0.0500 0.0500 0.0500 0.0500 0.0500 0.0500 0.0500 0.0500 0.0500 0.0500 0.0500 0.0500 0.0500 0.0500 0.0500 0.0500 0.0500 0.0500 -0.0500 -0.0500 0.0500 0.1000 0.1500 0.2000 0.2500 0.3000 0.3500 0.4000 0.4500 0.5000 0.5500 0.6000 0.6500 0.7000 0.7500 0.8000 0.8500 0.9000 0.8860 0.8382 0.7906 0.7433 0.6964 0.6500 0.6042 0.5590 0.5099 0.4610 0.4123 0.3640 0.3162 0.2693 0.2236 0.1803 0.1414 0.1118 0.1000 0.1000 0.1118 0.1414 0.1118 0.1000 0.0500 -0.0500 -0.1000 -0.1500 -0.2000 -0.2500 -0.3000
1.0512 1.0012 0.9513 0.9014 0.8515 0.8016 0.7517 0.7018 0.6519 0.6021 0.5523 0.5025 0.4528 0.4031 0.3536 0.3041 0.2550 0.2062 0.1581 0.1118 0.0707 0.0500 0.0500 -0.0500 0.0500 -0.0500 -0.1000 -0.1500 -0.2000 -0.2500 -0.3000 -0.3500 -0.4000 -0.4500 -0.5000 -0.5500 -0.6000 -0.6500 -0.7000 -0.7000 -0.7018 -0.7071 -0.7159 -0.7280 -0.7433 -0.7616 -0.7826 -0.7826 -0.7382 -0.6946 -0.6519 -0.6103 -0.5701 -0.5315 -0.4950 -0.4610 -0.4243 -0.3905 -0.3536 -0.3202 -0.2828 -0.2500 -0.2062 -0.1581 -0.1118 -0.0707 -0.0500 0.0500 0.1000 0.1500 0.2000 0.2500 0.3000 0.3500 0.4000 0.4500 0.5000 0.5500 0.6000 0.6500 0.7000 0.7500 0.8000 0.8500 0.9000 0.8500 0.8000 0.7500 0.7000 0.6500 0.6000 0.5500 0.5000 0.4500 0.4000 0.3500 0.3000 0.2500 0.2000 0.1500 0.1000 0.0500 -0.0500 -0.0500 -0.0500 -0.0500 -0.0500 -0.0500 -0.0500 -0.0500 -0.0500 -0.0500 -0.0500 -0.0500 -0.0500 -0.0500 -0.0500 -0.0500 -0.0500 -0.0500 -0.0500 -0.0707 -0.1118 -0.1581 -0.2062 -0.2550 -0.3041 -0.3536 -0.4031 -0.4528 -0.5025 -0.5523 -0.6021 -0.6519 -0.7018 -0.6519 -0.6021 -0.5523 -0.5025 -0.4528 -0.4031 -0.3536 -0.3041 -0.2550 -0.2062 -0.1581 -0.1118 -0.0707 -0.0500 -0.0500 -0.0500 -0.0500 -0.0500 -0.0707 -0.1118 -0.1118 -0.0707 -0.0500 -0.0500 -0.0707 -0.1118 -0.0707 -0.0500 -0.0707 -0.1000 -0.0500 0.0500 0.1000 0.1500 0.2000 0.2500 0.2915 0.3354 0.3808 0.4272 0.4743 0.5000 0.4500 0.4000 0.3500 0.3000 0.2500 0.2000 0.1500 0.1000 0.0500 -0.0500 -0.0707 -0.0500 -0.0500 -0.0500 -0.0500 -0.0707 -0.1118 -0.1581 -0.2062 -0.2236 -0.2500 -0.2500 -0.2121 -0.1803 -0.1581 -0.1118 -0.0707 -0.0500 -0.0707 -0.1118 -0.1581 -0.2062 -0.2550 -0.3041 -0.3536 -0.4031 -0.4528 -0.5025 -0.5523 -0.6021 -0.6519 -0.6519 -0.6021 -0.5523 -0.5025 -0.4528 -0.4031 -0.3536 -0.3041 -0.2550 -0.2062 -0.1581 -0.1118 -0.0707 -0.0500 -0.0500 -0.0500 -0.0500 -0.0500 -0.0500 -0.0500 -0.0500 -0.0500 -0.0500 -0.0500 -0.0500 -0.0500 -0.0500 -0.0500 -0.0500 -0.0500 -0.0500 -0.0500 0.0500 0.0707 0.1118 0.1581 0.2062 0.2550 0.3041 0.3536 0.4031 0.4528 0.5025 0.5523 0.6021 0.6519 0.7018 0.7517 0.8016 0.8515 0.9014 0.8732 0.8246 0.7762 0.7280 0.6801 0.6325 0.5852 0.5385 0.4924 0.4472 0.4031 0.3536 0.3041 0.2550 0.2062 0.1581 0.1118 0.0707 0.0500 0.0500 0.0707 0.1000 0.0707 0.0500 0.0500 -0.0500 -0.1000 -0.1500 -0.2000 -0.2500 -0.3000
1.0440 0.9962 0.9487 0.9000 0.8500 0.8000 0.7500 0.7000 0.6500 0.6000 0.5500 0.5000 0.4500 0.4000 0.3500 0.3000 0.2500 0.2000 0.1500 0.1000 0.0500 -0.0500 -0.0500 -0.0707 -0.0500 -0.0707 -0.1118 -0.1581 -0.2062 -0.2550 -0.3041 -0.3536 -0.4031 -0.4528 -0.5025 -0.5523 -0.6021 -0.6519 -0.6519 -0.6500 -0.6519 -0.6576 -0.6671 -0.6801 -0.6964 -0.7159 -0.7382 -0.7500 -0.7382 -0.6946 -0.6519 -0.6103 -0.5701 -0.5315 -0.4924 -0.4472 -0.4031 -0.3606 -0.3202 -0.2828 -0.2500 -0.2121 -0.1803 -0.1500 -0.1000 -0.0500 0.0500 0.0707 0.1118 0.1581 0.2062 0.2550 0.3041 0.3536 0.4031 0.4528 0.5025 0.5523 0.6021 0.6519 0.7018 0.7517 0.8016 0.8515 0.9000 0.8500 0.8000 0.7500 0.7000 0.6500 0.6000 0.5500 0.5000 0.4500 0.4000 0.3500 0.3000 0.2500 0.2000 0.1500 0.1000 0.0500 -0.0500 -0.1000 -0.1000 -0.1000 -0.1000 -0.1000 -0.1000 -0.1000 -0.1000 -0.1000 -0.1000 -0.1000 -0.1000 -0.1000 -0.1000 -0.1000 -0.1000 -0.1000 -0.1000 -0.1118 -0.1414 -0.1803 -0.2236 -0.2693 -0.3162 -0.3640 -0.4123 -0.4610 -0.5099 -0.5590 -0.6083 -0.6576 -0.7000 -0.6576 -0.6083 -0.5590 -0.5099 -0.4610 -0.4123 -0.3640 -0.3162 -0.2693 -0.2236 -0.1803 -0.1414 -0.1118 -0.1000 -0.1000 -0.1000 -0.1000 -0.1000 -0.1118 -0.1414 -0.1414 -0.1118 -0.1000 -0.1000 -0.1118 -0.1414 -0.1118 -0.1000 -0.1118 -0.1000 -0.0500 0.0500 0.1000 0.1414 0.1803 0.2236 0.2693 0.3162 0.3640 0.4123 0.4610 0.5000 0.4500 0.4000 0.3500 0.3000 0.2500 0.2000 0.1500 0.1000 0.0500 -0.0500 -0.1000 -0.1000 -0.1000 -0.1000 -0.1000 -0.1118 -0.1414 -0.1803 -0.2236 -0.2693 -0.2915 -0.2828 -0.2500 -0.2236 -0.1803 -0.1414 -0.1118 -0.1000 -0.1118 -0.1414 -0.1803 -0.2236 -0.2693 -0.3162 -0.3640 -0.4123 -0.4610 -0.5099 -0.5590 -0.6083 -0.6576 -0.6576 -0.6083 -0.5590 -0.5099 -0.4610 -0.4123 -0.3640 -0.3162 -0.2693 -0.2236 -0.1803 -0.1414 -0.1118 -0.1000 -0.1000 -0.1000 -0.1000 -0.1000 -0.1000 -0.1000 -0.1000 -0.1000 -0.1000 -0.1000 -0.1000 -0.1000 -0.1000 -0.1000 -0.1000 -0.1000 -0.0500 0.0500 0.0707 0.1118 0.1414 0.1803 0.2236 0.2693 0.3162 0.3640 0.4123 0.4610 0.5099 0.5590 0.6083 0.6576 0.7071 0.7566 0.8062 0.8559 0.9055 0.8631 0.8139 0.7649 0.7159 0.6671 0.6185 0.5701 0.5220 0.4743 0.4272 0.3808 0.3354 0.2915 0.2500 0.2000 0.1500 0.1000 0.0500 -0.0500 -0.0500 0.0500 0.0500 0.0500 -0.0500 -0.0500 -0.0707 -0.1118 -0.1581 -0.2062 -0.2550 -0.3041
1.0308 0.9823 0.9341 0.8860 0.8382 0.7906 0.7433 0.6964 0.6500 0.6000 0.5500 0.5000 0.4500 0.4000 0.3500 0.3000 0.2500 0.2000 0.1500 0.1000 0.0500 -0.0500 -0.1000 -0.1118 -0.1000 -0.1118 -0.1414 -0.1803 -0.2236 -0.2693 -0.3162 -0.3640 -0.4123 -0.4610 -0.5099 -0.5590 -0.6083 -0.6083 -0.6021 -0.6000 -0.6021 -0.6083 -0.6185 -0.6325 -0.6500 -0.6708 -0.6946 -0.7000 -0.7000 -0.6708 -0.6265 -0.5831 -0.5408 -0.5000 -0.4610 -0.4243 -0.3808 -0.3354 -0.2915 -0.2500 -0.2121 -0.1803 -0.1414 -0.1118 -0.1000 -0.0500 0.0500 0.1000 0.1414 0.1803 0.2236 0.2693 0.3162 0.3640 0.4123 0.4610 0.5099 0.5590 0.6083 0.6576 0.7071 0.7566 0.8062 0.8559 0.9000 0.8500 0.8000 0.7500 0.7000 0.6500 0.6000 0.5500 0.5000 0.4500 0.4000 0.3500 0.3000 0.2500 0.2000 0.1500 0.1000 0.0500 -0.0500 -0.1000 -0.1500 -0.1500 -0.1500 -0.1500 -0.1500 -0.1500 -0.1500 -0.1500 -0.1500 -0.1500 -0.1500 -0.1500 -0.1500 -0.1500 -0.1500 -0.1500 -0.1500 -0.1581 -0.1803 -0.2121 -0.2500 -0.2915 -0.3354 -0.3808 -0.4272 -0.4743 -0.5220 -0.5701 -0.6185 -0.6500 -0.6500 -0.6500 -0.6185 -0.5701 -0.5220 -0.4743 -0.4272 -0.3808 -0.3354 -0.2915 -0.2500 -0.2121 -0.1803 -0.1581 -0.1500 -0.1500 -0.1500 -0.1500 -0.1500 -0.1581 -0.1803 -0.1803 -0.1581 -0.1500 -0.1500 -0.1581 -0.1803 -0.1581 -0.1500 -0.1500 -0.1000 -0.0500 0.0500 0.0707 0.1118 0.1581 0.2062 0.2550 0.3041 0.3536 0.4031 0.4528 0.5000 0.4500 0.4000 0.3500 0.3000 0.2500 0.2000 0.1500 0.1000 0.0500 -0.0500 -0.1000 -0.1500 -0.1500 -0.1500 -0.1500 -0.1581 -0.1803 -0.2121 -0.2500 -0.2915 -0.3354 -0.3202 -0.2915 -0.2500 -0.2121 -0.1803 -0.1581 -0.1500 -0.1581 -0.1803 -0.2121 -0.2500 -0.2915 -0.3354 -0.3808 -0.4272 -0.4743 -0.5220 -0.5701 -0.6185 -0.6500 -0.6500 -0.6185 -0.5701 -0.5220 -0.4743 -0.4272 -0.3808 -0.3354 -0.2915 -0.2500 -0.2121 -0.1803 -0.1581 -0.1500 -0.1500 -0.1500 -0.1500 -0.1500 -0.1500 -0.1500 -0.1500 -0.1500 -0.1500 -0.1500 -0.1500 -0.1500 -0.1500 -0.1500 -0.1500 -0.1000 -0.0500 0.0500 0.1000 0.1414 0.1803 0.2121 0.2500 0.2915 0.3354 0.3808 0.4272 0.4743 0.5220 0.5701 0.6185 0.6671 0.7159 0.7649 0.8139 0.8631 0.9055 0.8559 0.8062 0.7566 0.7071 0.6576 0.6083 0.5590 0.5099 0.4610 0.4123 0.3640 0.3162 0.2693 0.2236 0.1803 0.1414 0.1000 0.0500 -0.0500 -0.0500 0.0500 -0.0500 0.0500 -0.0500 -0.0500 -0.0707 -0.1118 -0.1581 -0.2062 -0.2550 -0.3041
1.0198 0.9708 0.9220 0.8732 0.8246 0.7762 0.7280 0.6801 0.6325 0.5852 0.5385 0.4924 0.4472 0.4000 0.3500 0.3000 0.2500 0.2000 0.1500 0.1000 0.0500 -0.0500 -0.1000 -0.1500 -0.1500 -0.1581 -0.1803 -0.2121 -0.2500 -0.2915 -0.3354 -0.3808 -0.4272 -0.4743 -0.5220 -0.5701 -0.5701 -0.5590 -0.5523 -0.5500 -0.5523 -0.5590 -0.5701 -0.5852 -0.6042 -0.6265 -0.6500 -0.6500 -0.6500 -0.6500 -0.6042 -0.5590 -0.5148 -0.4717 -0.4301 -0.3905 -0.3536 -0.3162 -0.2693 -0.2236 -0.1803 -0.1414 -0.1118 -0.0707 -0.0500 -0.0500 0.0500 0.1000 0.1500 0.2000 0.2500 0.2915 0.3354 0.3808 0.4272 0.4743 0.5220 0.5701 0.6185 0.6671 0.7159 0.7649 0.8139 0.8631 0.9000 0.8500 0.8000 0.7500 0.7000 0.6500 0.6000 0.5500 0.5000 0.4500 0.4000 0.3500 0.3000 0.2500 0.2000 0.1500 0.1000 0.0500 -0.0500 -0.1000 -0.1500 -0.2000 -0.2000 -0.2000 -0.2000 -0.2000 -0.2000 -0.2000 -0.2000 -0.2000 -0.2000 -0.2000 -0.2000 -0.2000 -0.2000 -0.2000 -0.2000 -0.2062 -0.2236 -0.2500 -0.2828 -0.3202 -0.3606 -0.4031 -0.4472 -0.4924 -0.5385 -0.5852 -0.6000 -0.6000 -0.6000 -0.6000 -0.6000 -0.5852 -0.5385 -0.4924 -0.4472 -0.4031 -0.3606 -0.3202 -0.2828 -0.2500 -0.2236 -0.2062 -0.2000 -0.2000 -0.2000 -0.2000 -0.2000 -0.2062 -0.2236 -0.2236 -0.2062 -0.2000 -0.2000 -0.2062 -0.2236 -0.2062 -0.2000 -0.1581 -0.1118 -0.0707 -0.0500 0.0500 0.1000 0.1500 0.2000 0.2500 0.3000 0.3500 0.4000 0.4500 0.5000 0.4500 0.4000 0.3500 0.3000 0.2500 0.2000 0.1500 0.1000 0.0500 -0.0500 -0.1000 -0.1500 -0.2000 -0.2000 -0.2000 -0.2062 -0.2236 -0.2500 -0.2828 -0.3202 -0.3606 -0.3606 -0.3202 -0.2828 -0.2500 -0.2236 -0.2062 -0.2000 -0.2062 -0.2236 -0.2500 -0.2828 -0.3202 -0.3606 -0.4031 -0.4472 -0.4924 -0.5385 -0.5852 -0.6000 -0.6000 -0.6000 -0.6000 -0.5852 -0.5385 -0.4924 -0.4472 -0.4031 -0.3606 -0.3202 -0.2828 -0.2500 -0.2236 -0.2062 -0.2000 -0.2000 -0.2000 -0.2000 -0.2000 -0.2000 -0.2000 -0.2000 -0.2000 -0.2000 -0.2000 -0.2000 -0.2000 -0.2000 -0.2000 -0.1500 -0.1000 -0.0500 0.0500 0.1000 0.1500 0.2000 0.2500 0.2828 0.3202 0.3606 0.4031 0.4472 0.4924 0.5385 0.5852 0.6325 0.6801 0.7280 0.7762 0.8246 0.8732 0.9014 0.8515 0.8016 0.7517 0.7018 0.6519 0.6021 0.5523 0.5025 0.4528 0.4031 0.3536 0.3041 0.2550 0.2062 0.1581 0.1118 0.0707 0.0500 -0.0500 -0.0707 -0.0500 -0.0707 -0.0500 0.0500 0.0500 -0.0500 -0.1000 -0.1500 -0.2000 -0.2500 -0.3000
1.0112 0.9618 0.9124 0.8631 0.8139 0.7649 0.7159 0.6671 0.6185 0.5701 0.5220 0.4743 0.4272 0.3808 0.3354 0.2915 0.2500 0.2000 0.1500 0.1000 0.0500 -0.0500 -0.1000 -0.1500 -0.2000 -0.2062 -0.2236 -0.2500 -0.2828 -0.3202 -0.3606 -0.4031 -0.4472 -0.4924 -0.5385 -0.5385 -0.5220 -0.5099 -0.5025 -0.5000 -0.5025 -0.5099 -0.5220 -0.5385 -0.5590 -0.5831 -0.6000 -0.6000 -0.6000 -0.6000 -0.5852 -0.5385 -0.4924 -0.4472 -0.4031 -0.3606 -0.3202 -0.2828 -0.2500 -0.2062 -0.1581 -0.1118 -0.0707 -0.0500 0.0500 0.0500 0.0707 0.1118 0.1581 0.2062 0.2550 0.3041 0.3536 0.4031 0.4472 0.4924 0.5385 0.5852 0.6325 0.6801 0.7280 0.7762 0.8246 0.8732 0.9000 0.8500 0.8000 0.7500 0.7000 0.6500 0.6000 0.5500 0.5000 0.4500 0.4000 0.3500 0.3000 0.2500 0.2000 0.1500 0.1000 0.0500 -0.0500 -0.1000 -0.1500 -0.2000 -0.2500 -0.2500 -0.2500 -0.2500 -0.2500 -0.2500 -0.2500 -0.2500 -0.2500 -0.2500 -0.2500 -0.2500 -0.2500 -0.2500 -0.2500 -0.2550 -0.2693 -0.2915 -0.3202 -0.3536 -0.3905 -0.4301 -0.4717 -0.5148 -0.5500 -0.5500 -0.5500 -0.5500 -0.5500 -0.5500 -0.5500 -0.5500 -0.5500 -0.5148 -0.4717 -0.4301 -0.3905 -0.3536 -0.3202 -0.2915 -0.2693 -0.2550 -0.2500 -0.2500 -0.2500 -0.2500 -0.2500 -0.2550 -0.2693 -0.2693 -0.2550 -0.2500 -0.2500 -0.2550 -0.2693 -0.2550 -0.2236 -0.1803 -0.1414 -0.1000 -0.0500 0.0500 0.1000 0.1500 0.2000 0.2500 0.3000 0.3500 0.4000 0.4500 0.5000 0.4500 0.4000 0.3500 0.3000 0.2500 0.2000 0.1500 0.1000 0.0500 -0.0500 -0.1000 -0.1500 -0.2000 -0.2500 -0.2500 -0.2550 -0.2693 -0.2915 -0.3202 -0.3536 -0.3905 -0.3905 -0.3536 -0.3202 -0.2915 -0.2693 -0.2550 -0.2500 -0.2550 -0.2693 -0.2915 -0.3202 -0.3536 -0.3905 -0.4301 -0.4717 -0.5148 -0.5500 -0.5500 -0.5500 -0.5500 -0.5500 -0.5500 -0.5500 -0.5500 -0.5148 -0.4717 -0.4301 -0.3905 -0.3536 -0.3202 -0.2915 -0.2693 -0.2550 -0.2500 -0.2500 -0.2500 -0.2500 -0.2500 -0.2500 -0.2500 -0.2500 -0.2500 -0.2500 -0.2500 -0.2500 -0.2500 -0.2500 -0.2000 -0.1500 -0.1000 -0.0500 0.0500 0.1000 0.1500 0.2000 0.2500 0.3000 0.3500 0.3905 0.4301 0.4717 0.5148 0.5590 0.6042 0.6500 0.6964 0.7433 0.7906 0.8382 0.8860 0.9000 0.8500 0.8000 0.7500 0.7000 0.6500 0.6000 0.5500 0.5000 0.4500 0.4000 0.3500 0.3000 0.2500 0.2000 0.1500 0.1000 0.0500 -0.0500 -0.0707 -0.1118 -0.1000 -0.1000 -0.0500 0.0500 -0.0500 -0.0707 -0.1118 -0.1581 -0.2062 -0.2550 -0.3041
1.0050 0.9552 0.9055 0.8559 0.8062 0.7566 0.7071 0.6576 0.6083 0.5590 0.5099 0.4610 0.4123 0.3640 0.3162 0.2693 0.2236 0.1803 0.1414 0.1000 0.0500 -0.0500 -0.1000 -0.1500 -0.2000 -0.2500 -0.2693 -0.2915 -0.3202 -0.3536 -0.3905 -0.4301 -0.4717 -0.5148 -0.5148 -0.4924 -0.4743 -0.4610 -0.4528 -0.4500 -0.4528 -0.4610 -0.4743 -0.4924 -0.5148 -0.5408 -0.5500 -0.5500 -0.5500 -0.5500 -0.5500 -0.5220 -0.4743 -0.4272 -0.3808 -0.3354 -0.2915 -0.2500 -0.2121 -0.1803 -0.1414 -0.1000 -0.0500 0.0500 0.0707 0.1000 0.1118 0.1414 0.1803 0.2236 0.2693 0.3162 0.3640 0.4123 0.4610 0.5099 0.5590 0.6042 0.6500 0.6964 0.7433 0.7906 0.8382 0.8860 0.9000 0.8500 0.8000 0.7500 0.7000 0.6500 0.6000 0.5500 0.5000 0.4500 0.4000 0.3500 0.3000 0.2500 0.2000 0.1500 0.1000 0.0500 -0.0500 -0.1000 -0.1500 -0.2000 -0.2500 -0.3000 -0.3000 -0.3000 -0.3000 -0.3000 -0.3000 -0.3000 -0.3000 -0.3000 -0.3000 -0.3000 -0.3000 -0.3000 -0.3000 -0.3041 -0.3162 -0.3354 -0.3606 -0.3905 -0.4243 -0.4610 -0.5000 -0.5000 -0.5000 -0.5000 -0.5000 -0.5000 -0.5000 -0.5000 -0.5000 -0.5000 -0.5000 -0.5000 -0.5000 -0.4610 -0.4243 -0.3905 -0.3606 -0.3354 -0.3162 -0.3041 -0.3000 -0.3000 -0.3000 -0.3000 -0.3000 -0.3041 -0.3162 -0.3162 -0.3041 -0.3000 -0.3000 -0.3041 -0.3162 -0.2915 -0.2500 -0.2000 -0.1500 -0.1000 -0.0500 0.0500 0.1000 0.1500 0.2000 0.2500 0.3000 0.3500 0.4000 0.4500 0.5000 0.4500 0.4000 0.3500 0.3000 0.2500 0.2000 0.1500 0.1000 0.0500 -0.0500 -0.1000 -0.1500 -0.2000 -0.2500 -0.3000 -0.3041 -0.3162 -0.3354 -0.3606 -0.3905 -0.4243 -0.4243 -0.3905 -0.3606 -0.3354 -0.3162 -0.3041 -0.3000 -0.3041 -0.3162 -0.3354 -0.3606 -0.3905 -0.4243 -0.4610 -0.5000 -0.5000 -0.5000 -0.5000 -0.5000 -0.5000 -0.5000 -0.5000 -0.5000 -0.5000 -0.5000 -0.5000 -0.4610 -0.4243 -0.3905 -0.3606 -0.3354 -0.3162 -0.3041 -0.3000 -0.3000 -0.3000 -0.3000 -0.3000 -0.3000 -0.3000 -0.3000 -0.3000 -0.3000 -0.3000 -0.3000 -0.3000 -0.2500 -0.2000 -0.1500 -0.1000 -0.0500 0.0500 0.1000 0.1500 0.2000 0.2500 0.3000 0.3500 0.4000 0.4500 0.5000 0.5408 0.5831 0.6265 0.6708 0.7159 0.7616 0.8078 0.8544 0.9014 0.9000 0.8500 0.8000 0.7500 0.7000 0.6500 0.6000 0.5500 0.5000 0.4500 0.4000 0.3500 0.3000 0.2500 0.2000 0.1500 0.1000 0.0500 -0.0500 -0.1000 -0.1414 -0.1500 -0.1118 -0.0707 -0.0500 -0.0707 -0.1118 -0.1414 -0.1803 -0.2236 -0.2693 -0.3162
1.0012 0.9513 0.9014 0.8515 0.8016 0.7517 0.7018 0.6519 0.6021 0.5523 0.5025 0.4528 0.4031 0.3536 0.3041 0.2550 0.2062 0.1581 0.1118 0.0707 0.0500 -0.0500 -0.1000 -0.1500 -0.2000 -0.2500 -0.3000 -0.3354 -0.3606 -0.3905 -0.4243 -0.4610 -0.5000 -0.5000 -0.4717 -0.4472 -0.4272 -0.4123 -0.4031 -0.4000 -0.4031 -0.4123 -0.4272 -0.4472 -0.4717 -0.5000 -0.5000 -0.5000 -0.5000 -0.5000 -0.5000 -0.5000 -0.4610 -0.4123 -0.3640 -0.3162 -0.2693 -0.2236 -0.1803 -0.1414 -0.1118 -0.0707 -0.0500 0.0500 0.1000 0.1414 0.1581 0.1803 0.2121 0.2500 0.2915 0.3354 0.3808 0.4272 0.4743 0.5220 0.5701 0.6185 0.6671 0.7159 0.7616 0.8078 0.8544 0.9014 0.9000 0.8500 0.8000 0.7500 0.7000 0.6500 0.6000 0.5500 0.5000 0.4500 0.4000 0.3500 0.3000 0.2500 0.2000 0.1500 0.1000 0.0500 -0.0500 -0.1000 -0.1500 -0.2000 -0.2500 -0.3000 -0.3500 -0.3500 -0.3500 -0.3500 -0.3500 -0.3500 -0.3500 -0.3500 -0.3500 -0.3500 -0.3500 -0.3500 -0.3500 -0.3536 -0.3640 -0.3808 -0.4031 -0.4301 -0.4500 -0.4500 -0.4500 -0.4500 -0.4500 -0.4500 -0.4500 -0.4500 -0.4500 -0.4500 -0.4500 -0.4500 -0.4500 -0.4500 -0.4500 -0.4500 -0.4500 -0.4301 -0.4031 -0.3808 -0.3640 -0.3536 -0.3500 -0.3500 -0.3500 -0.3500 -0.3500 -0.3536 -0.3640 -0.3640 -0.3536 -0.3500 -0.3500 -0.3536 -0.3162 -0.2693 -0.2236 -0.1803 -0.1414 -0.1000 -0.0500 0.0500 0.1000 0.1500 0.2000 0.2500 0.3000 0.3500 0.4000 0.4500 0.5000 0.4500 0.4000 0.3500 0.3000 0.2500 0.2000 0.1500 0.1000 0.0500 -0.0500 -0.1000 -0.1500 -0.2000 -0.2500 -0.3000 -0.3500 -0.3640 -0.3808 -0.4031 -0.4301 -0.4500 -0.4500 -0.4301 -0.4031 -0.3808 -0.3640 -0.3536 -0.3500 -0.3536 -0.3640 -0.3808 -0.4031 -0.4301 -0.4500 -0.4500 -0.4500 -0.4500 -0.4500 -0.4500 -0.4500 -0.4500 -0.4500 -0.4500 -0.4500 -0.4500 -0.4500 -0.4500 -0.4500 -0.4500 -0.4301 -0.4031 -0.3808 -0.3640 -0.3536 -0.3500 -0.3500 -0.3500 -0.3500 -0.3500 -0.3500 -0.3500 -0.3500 -0.3500 -0.3500 -0.3500 -0.3500 -0.3000 -0.2500 -0.2000 -0.1500 -0.1000 -0.0500 0.0500 0.1000 0.1500 0.2000 0.2500 0.3000 0.3500 0.3905 0.4301 0.4717 0.5148 0.5590 0.6042 0.6500 0.6964 0.7433 0.7906 0.8382 0.8860 0.9000 0.8500 0.8000 0.7500 0.7000 0.6500 0.6000 0.5500 0.5000 0.4500 0.4000 0.3500 0.3000 0.2500 0.2000 0.1500 0.1000 0.0500 -0.0500 -0.0707 -0.1118 -0.1414 -0.1000 -0.0500 0.0500 -0.0500 -0.1000 -0.1500 -0.2000 -0.2500 -0.2915 -0.3354
1.0000 0.9500 0.9000 0.8500 0.8000 0.7500 0.7000 0.6500 0.6000 0.5500 0.5000 0.4500 0.4000 0.3500 0.3000 0.2500 0.2000 0.1500 0.1000 0.0500 -0.0500 -0.0707 -0.1118 -0.1581 -0.2062 -0.2550 -0.2915 -0.3202 -0.3536 -0.3905 -0.4243 -0.4528 -0.4500 -0.4500 -0.4301 -0.4031 -0.3808 -0.3640 -0.3536 -0.3500 -0.3536 -0.3640 -0.3808 -0.4031 -0.4301 -0.4528 -0.4500 -0.4500 -0.4500 -0.4500 -0.4500 -0.4500 -0.4500 -0.4031 -0.3536 -0.3041 -0.2550 -0.2062 -0.1581 -0.1118 -0.0707 -0.0500 0.0500 0.0707 0.1118 0.1581 0.2062 0.2236 0.2500 0.2828 0.3202 0.3606 0.4031 0.4472 0.4924 0.5385 0.5852 0.6325 0.6801 0.7280 0.7762 0.8246 0.8732 0.9192 0.9000 0.8500 0.8000 0.7500 0.7000 0.6500 0.6000 0.5500 0.5000 0.4500 0.4000 0.3500 0.3000 0.2500 0.2000 0.1500 0.1000 0.0500 -0.0500 -0.1000 -0.1500 -0.2000 -0.2500 -0.3000 -0.3500 -0.4000 -0.4000 -0.4000 -0.4000 -0.4000 -0.4000 -0.4000 -0.4000 -0.4000 -0.4000 -0.4000 -0.4000 -0.4000 -0.4000 -0.4000 -0.4000 -0.4000 -0.4000 -0.4000 -0.4000 -0.4000 -0.4000 -0.4000 -0.4000 -0.4000 -0.4000 -0.4000 -0.4000 -0.4000 -0.4000 -0.4000 -0.4000 -0.4000 -0.4000 -0.4000 -0.4000 -0.4000 -0.4000 -0.4000 -0.4000 -0.4000 -0.4000 -0.4000 -0.4000 -0.4000 -0.4000 -0.4000 -0.4000 -0.4000 -0.4000 -0.3536 -0.3041 -0.2550 -0.2062 -0.1581 -0.1118 -0.0707 -0.0500 0.0500 0.1000 0.1500 0.2000 0.2500 0.3000 0.3500 0.4000 0.4500 0.5000 0.4500 0.4000 0.3500 0.3000 0.2500 0.2000 0.1500 0.1000 0.0500 -0.0500 -0.1000 -0.1500 -0.2000 -0.2500 -0.3000 -0.3500 -0.4000 -0.4000 -0.4000 -0.4000 -0.4000 -0.4000 -0.4000 -0.4000 -0.4000 -0.4000 -0.4000 -0.4000 -0.4000 -0.4000 -0.4000 -0.4000 -0.4000 -0.4000 -0.4000 -0.4000 -0.4000 -0.4000 -0.4000 -0.4000 -0.4000 -0.4000 -0.4000 -0.4000 -0.4000 -0.4000 -0.4000 -0.4000 -0.4000 -0.4000 -0.4000 -0.4000 -0.4000 -0.4000 -0.4000 -0.4000 -0.4000 -0.3808 -0.3640 -0.3536 -0.3500 -0.3500 -0.3500 -0.3500 -0.3500 -0.3500 -0.3000 -0.2500 -0.2000 -0.1500 -0.1000 -0.0500 0.0500 0.1000 0.1500 0.2000 0.2500 0.2828 0.3202 0.3606 0.4031 0.4472 0.4924 0.5385 0.5852 0.6325 0.6801 0.7280 0.7762 0.8246 0.8732 0.9014 0.8515 0.8016 0.7517 0.7018 0.6519 0.6021 0.5523 0.5025 0.4528 0.4031 0.3536 0.3041 0.2550 0.2062 0.1581 0.1118 0.0707 0.0500 -0.0500 -0.1000 -0.1000 -0.0707 -0.0500 -0.0500 -0.0707 -0.1118 -0.1581 -0.2062 -0.2550 -0.3041 -0.3536
1.0012 0.9513 0.9014 0.8515 0.8016 0.7517 0.7018 0.6519 0.6021 0.5523 0.5025 0.4528 0.4031 0.3536 0.3041 0.2550 0.2062 0.1581 0.1118 0.0707 0.0500 -0.0500 -0.1000 -0.1500 -0.2000 -0.2236 -0.2500 -0.2828 -0.3202 -0.3536 -0.3905 -0.4031 -0.4000 -0.4000 -0.3905 -0.3606 -0.3354 -0.3162 -0.3041 -0.3000 -0.3041 -0.3162 -0.3354 -0.3606 -0.3905 -0.4031 -0.4000 -0.4000 -0.4000 -0.4000 -0.4000 -0.4000 -0.4000 -0.4000 -0.3500 -0.3000 -0.2500 -0.2000 -0.1500 -0.1000 -0.0500 0.0500 0.0707 0.1118 0.1414 0.1803 0.2236 0.2693 0.2915 0.3202 0.3536 0.3905 0.4301 0.4717 0.5148 0.5590 0.6042 0.6500 0.6946 0.7382 0.7826 0.8276 0.8732 0.9192 0.9000 0.8500 0.8000 0.7500 0.7000 0.6500 0.6000 0.5500 0.5000 0.4500 0.4000 0.3500 0.3000 0.2500 0.2000 0.1500 0.1000 0.0500 -0.0500 -0.1000 -0.1500 -0.2000 -0.2500 -0.3000 -0.3500 -0.3500 -0.3500 -0.3500 -0.3500 -0.3500 -0.3500 -0.3500 -0.3500 -0.3500 -0.3500 -0.3500 -0.3500 -0.3500 -0.3500 -0.3500 -0.3500 -0.3500 -0.3500 -0.3500 -0.3500 -0.3500 -0.3500 -0.3500 -0.3500 -0.3500 -0.3500 -0.3500 -0.3500 -0.3500 -0.3500 -0.3500 -0.3500 -0.3500 -0.3500 -0.3500 -0.3500 -0.3500 -0.3500 -0.3500 -0.3500 -0.3500 -0.3500 -0.3500 -0.3500 -0.3500 -0.3500 -0.3500 -0.3500 -0.3500 -0.3500 -0.3500 -0.3000 -0.2500 -0.2000 -0.1500 -0.1000 -0.0500 0.0500 0.0707 0.1118 0.1581 0.2062 0.2550 0.3041 0.3536 0.4031 0.4528 0.5000 0.4500 0.4000 0.3500 0.3000 0.2500 0.2000 0.1500 0.1000 0.0500 -0.0500 -0.1000 -0.1500 -0.2000 -0.2500 -0.3000 -0.3500 -0.3500 -0.3500 -0.3500 -0.3500 -0.3500 -0.3500 -0.3500 -0.3500 -0.3500 -0.3500 -0.3500 -0.3500 -0.3500 -0.3500 -0.3500 -0.3500 -0.3500 -0.3500 -0.3500 -0.3500 -0.3500 -0.3500 -0.3500 -0.3500 -0.3500 -0.3500 -0.3500 -0.3500 -0.3500 -0.3500 -0.3500 -0.3500 -0.3500 -0.3500 -0.3500 -0.3500 -0.3500 -0.3500 -0.3500 -0.3500 -0.3500 -0.3354 -0.3162 -0.3041 -0.3000 -0.3000 -0.3000 -0.3000 -0.3000 -0.3000 -0.3000 -0.2500 -0.2000 -0.1500 -0.1000 -0.0500 0.0500 0.1000 0.1500 0.1803 0.2121 0.2500 0.2915 0.3354 0.3808 0.4272 0.4743 0.5220 0.5701 0.6185 0.6671 0.7159 0.7649 0.8139 0.8631 0.9055 0.8559 0.8062 0.7566 0.7071 0.6576 0.6083 0.5590 0.5099 0.4610 0.4123 0.3640 0.3162 0.2693 0.2236 0.1803 0.1414 0.1000 0.0500 -0.0500 -0.0707 -0.0500 -0.0500 0.0500 -0.0500 -0.0707 -0.1118 -0.1581 -0.2062 -0.2550 -0.3041 -0.3536
1.0050 0.9552 0.9055 0.8559 0.8062 0.7566 0.7071 0.6576 0.6083 0.5590 0.5099 0.4610 0.4123 0.3640 0.3162 0.2693 0.2236 0.1803 0.1414 0.1000 0.0500 -0.0500 -0.1000 -0.1414 -0.1581 -0.1803 -0.2121 -0.2500 -0.2828 -0.3202 -0.3500 -0.3536 -0.3500 -0.3500 -0.3500 -0.3202 -0.2915 -0.2693 -0.2550 -0.2500 -0.2550 -0.2693 -0.2915 -0.3202 -0.3536 -0.3536 -0.3500 -0.3500 -0.3500 -0.3500 -0.3500 -0.3500 -0.3500 -0.3500 -0.3500 -0.3000 -0.2500 -0.2000 -0.1500 -0.1000 -0.0500 0.0500 0.1000 0.1414 0.1803 0.2121 0.2500 0.2693 0.2915 0.3202 0.3536 0.3905 0.4243 0.4610 0.5000 0.5408 0.5831 0.6265 0.6708 0.7159 0.7616 0.8078 0.8544 0.9014 0.9000 0.8500 0.8000 0.7500 0.7000 0.6500 0.6000 0.5500 0.5000 0.4500 0.4000 0.3500 0.3000 0.2500 0.2000 0.1500 0.1000 0.0500 -0.0500 -0.1000 -0.1500 -0.2000 -0.2500 -0.3000 -0.3000 -0.3000 -0.3000 -0.3000 -0.3000 -0.3000 -0.3000 -0.3000 -0.3000 -0.3000 -0.3000 -0.3000 -0.3000 -0.3000 -0.3000 -0.3000 -0.3000 -0.3000 -0.3000 -0.3000 -0.3000 -0.3000 -0.3000 -0.3000 -0.3000 -0.3000 -0.3000 -0.3000 -0.3000 -0.3000 -0.3000 -0.3000 -0.3000 -0.3000 -0.3000 -0.3000 -0.3000 -0.3000 -0.3000 -0.3000 -0.3000 -0.3000 -0.3000 -0.3000 -0.3000 -0.3000 -0.3000 -0.3000 -0.3000 -0.3000 -0.3000 -0.3000 -0.3000 -0.2500 -0.2000 -0.1500 -0.1000 -0.0500 0.0500 0.1000 0.1414 0.1803 0.2236 0.2693 0.3162 0.3640 0.4123 0.4610 0.5000 0.4500 0.4000 0.3500 0.3000 0.2500 0.2000 0.1500 0.1000 0.0500 -0.0500 -0.1000 -0.1500 -0.2000 -0.2500 -0.2915 -0.3000 -0.3000 -0.3000 -0.3000 -0.3000 -0.3000 -0.3000 -0.3000 -0.3000 -0.3000 -0.3000 -0.3000 -0.3000 -0.3000 -0.3000 -0.3000 -0.3000 -0.3000 -0.3000 -0.3000 -0.3000 -0.3000 -0.3000 -0.3000 -0.3000 -0.3000 -0.3000 -0.3000 -0.3000 -0.3000 -0.3000 -0.3000 -0.3000 -0.3000 -0.3000 -0.3000 -0.3000 -0.3000 -0.3000 -0.3000 -0.3000 -0.3000 -0.2915 -0.2693 -0.2550 -0.2500 -0.2500 -0.2500 -0.2500 -0.2500 -0.2500 -0.2500 -0.2500 -0.2000 -0.1500 -0.1000 -0.0500 0.0500 0.1000 0.1118 0.1414 0.1803 0.2236 0.2693 0.3162 0.3640 0.4123 0.4610 0.5099 0.5590 0.6083 0.6576 0.7071 0.7566 0.8062 0.8559 0.9055 0.8631 0.8139 0.7649 0.7159 0.6671 0.6185 0.5701 0.5220 0.4743 0.4272 0.3808 0.3354 0.2915 0.2500 0.2000 0.1500 0.1000 0.0500 -0.0500 -0.0500 0.0500 0.0500 0.0500 0.0500 -0.0500 -0.1000 -0.1500 -0.2000 -0.2500 -0.3000 -0.3500
1.0112 0.9618 0.9124 0.8631 0.8139 0.7649 0.7159 0.6671 0.6185 0.5701 0.5220 0.4743 0.4272 0.3808 0.3354 0.2915 0.2500 0.2000 0.1500 0.1000 0.0500 -0.0500 -0.0707 -0.1000 -0.1118 -0.1414 -0.1803 -0.2121 -0.2500 -0.2915 -0.3000 -0.3041 -0.3000 -0.3000 -0.3000 -0.2828 -0.2500 -0.2236 -0.2062 -0.2000 -0.2062 -0.2236 -0.2500 -0.2828 -0.3162 -0.3041 -0.3000 -0.3000 -0.3000 -0.3000 -0.3000 -0.3000 -0.3000 -0.3000 -0.3000 -0.3000 -0.2500 -0.2000 -0.1500 -0.1000 -0.0500 0.0500 0.1000 0.1500 0.2000 0.2000 0.2062 0.2236 0.2500 0.2828 0.3202 0.3536 0.3905 0.4301 0.4717 0.5148 0.5590 0.6042 0.6500 0.6964 0.7433 0.7906 0.8382 0.8860 0.9000 0.8500 0.8000 0.7500 0.7000 0.6500 0.6000 0.5500 0.5000 0.4500 0.4000 0.3500 0.3000 0.2500 0.2000 0.1500 0.1000 0.0500 -0.0500 -0.1000 -0.1500 -0.2000 -0.2500 -0.2500 -0.2500 -0.2500 -0.2500 -0.2500 -0.2500 -0.2500 -0.2500 -0.2500 -0.2500 -0.2500 -0.2500 -0.2500 -0.2500 -0.2500 -0.2500 -0.2500 -0.2500 -0.2500 -0.2500 -0.2500 -0.2500 -0.2500 -0.2500 -0.2500 -0.2500 -0.2500 -0.2500 -0.2500 -0.2500 -0.2500 -0.2500 -0.2500 -0.2500 -0.2500 -0.2500 -0.2500 -0.2500 -0.2500 -0.2500 -0.2500 -0.2500 -0.2500 -0.2500 -0.2500 -0.2500 -0.2500 -0.2500 -0.2500 -0.2500 -0.2500 -0.2500 -0.2500 -0.2500 -0.2500 -0.2000 -0.1500 -0.1000 -0.0500 0.0500 0.1000 0.1414 0.1803 0.2236 0.2693 0.3162 0.3640 0.4123 0.4610 0.5000 0.4500 0.4000 0.3500 0.3000 0.2500 0.2000 0.1500 0.1000 0.0500 -0.0500 -0.1000 -0.1500 -0.2000 -0.2236 -0.2500 -0.2500 -0.2500 -0.2500 -0.2500 -0.2500 -0.2500 -0.2500 -0.2500 -0.2500 -0.2500 -0.2500 -0.2500 -0.2500 -0.2500 -0.2500 -0.2500 -0.2500 -0.2500 -0.2500 -0.2500 -0.2500 -0.2500 -0.2500 -0.2500 -0.2500 -0.2500 -0.2500 -0.2500 -0.2500 -0.2500 -0.2500 -0.2500 -0.2500 -0.2500 -0.2500 -0.2500 -0.2500 -0.2500 -0.2500 -0.2500 -0.2500 -0.2500 -0.2500 -0.2236 -0.2062 -0.2000 -0.2000 -0.2000 -0.2000 -0.2000 -0.2000 -0.2000 -0.2000 -0.2000 -0.1500 -0.1000 -0.0500 0.0500 0.0500 0.0707 0.1118 0.1581 0.2062 0.2550 0.3041 0.3536 0.4031 0.4528 0.5025 0.5523 0.6021 0.6519 0.7018 0.7517 0.8016 0.8515 0.9014 0.8732 0.8246 0.7762 0.7280 0.6801 0.6325 0.5852 0.5385 0.4924 0.4472 0.4000 0.3500 0.3000 0.2500 0.2000 0.1500 0.1000 0.0500 -0.0500 -0.0500 -0.0500 -0.0500 -0.0500 -0.0500 -0.0707 -0.1118 -0.1581 -0.2062 -0.2550 -0.3041 -0.3500
1.0198 0.9708 0.9220 0.8732 0.8246 0.7762 0.7280 0.6801 0.6325 0.5852 0.5385 0.4924 0.4472 0.4031 0.3536 0.3041 0.2550 0.2062 0.1581 0.1118 0.0707 0.0500 -0.0500 -0.0500 -0.0707 -0.1118 -0.1414 -0.1803 -0.2236 -0.2500 -0.2500 -0.2550 -0.2500 -0.2500 -0.2500 -0.2500 -0.2121 -0.1803 -0.1581 -0.1500 -0.1581 -0.1803 -0.2121 -0.2500 -0.2693 -0.2550 -0.2500 -0.2500 -0.2500 -0.2500 -0.2500 -0.2500 -0.2500 -0.2500 -0.2500 -0.2500 -0.2500 -0.2000 -0.1500 -0.1000 -0.0500 0.0500 0.1000 0.1414 0.1500 0.1500 0.1581 0.1803 0.2121 0.2500 0.2828 0.3202 0.3606 0.4031 0.4472 0.4924 0.5385 0.5852 0.6325 0.6801 0.7280 0.7762 0.8246 0.8732 0.9000 0.8500 0.8000 0.7500 0.7000 0.6500 0.6000 0.5500 0.5000 0.4500 0.4000 0.3500 0.3000 0.2500 0.2000 0.1500 0.1000 0.0500 -0.0500 -0.1000 -0.1500 -0.2000 -0.2000 -0.2000 -0.2000 -0.2000 -0.2000 -0.2000 -0.2000 -0.2000 -0.2000 -0.2000 -0.2000 -0.2000 -0.2000 -0.2000 -0.2000 -0.2000 -0.2000 -0.2000 -0.2000 -0.2000 -0.2000 -0.2000 -0.2000 -0.2000 -0.2000 -0.2000 -0.2000 -0.2000 -0.2000 -0.2000 -0.2000 -0.2000 -0.2000 -0.2000 -0.2000 -0.2000 -0.2000 -0.2000 -0.2000 -0.2000 -0.2000 -0.2000 -0.2000 -0.2000 -0.2000 -0.2000 -0.2000 -0.2000 -0.2000 -0.2000 -0.2000 -0.2000 -0.2000 -0.2000 -0.2000 -0.2000 -0.2000 -0.1500 -0.1000 -0.0500 0.0500 0.0707 0.1118 0.1581 0.2062 0.2550 0.3041 0.3536 0.4031 0.4528 0.5000 0.4500 0.4000 0.3500 0.3000 0.2500 0.2000 0.1500 0.1000 0.0500 -0.0500 -0.1000 -0.1500 -0.1581 -0.1803 -0.2000 -0.2000 -0.2000 -0.2000 -0.2000 -0.2000 -0.2000 -0.2000 -0.2000 -0.2000 -0.2000 -0.2000 -0.2000 -0.2000 -0.2000 -0.2000 -0.2000 -0.2000 -0.2000 -0.2000 -0.2000 -0.2000 -0.2000 -0.2000 -0.2000 -0.2000 -0.2000 -0.2000 -0.2000 -0.2000 -0.2000 -0.2000 -0.2000 -0.2000 -0.2000 -0.2000 -0.2000 -0.2000 -0.2000 -0.2000 -0.2000 -0.2000 -0.2000 -0.2000 -0.1803 -0.1581 -0.1500 -0.1500 -0.1500 -0.1500 -0.1500 -0.1500 -0.1500 -0.1500 -0.1500 -0.1500 -0.1000 -0.0500 0.0500 -0.0500 0.0500 0.1000 0.1500 0.2000 0.2500 0.3000 0.3500 0.4000 0.4500 0.5000 0.5500 0.6000 0.6500 0.7000 0.7500 0.8000 0.8500 0.9000 0.8860 0.8382 0.7906 0.7433 0.6964 0.6500 0.6021 0.5523 0.5025 0.4528 0.4031 0.3536 0.3041 0.2550 0.2062 0.1581 0.1118 0.0707 0.0500 0.0500 0.0500 0.0500 0.0500 0.0500 -0.0500 -0.1000 -0.1500 -0.2000 -0.2500 -0.3000 -0.3000
1.0308 0.9823 0.9341 0.8860 0.8382 0.7906 0.7433 0.6964 0.6500 0.6042 0.5590 0.5099 0.4610 0.4123 0.3640 0.3162 0.2693 0.2236 0.1803 0.1414 0.1118 0.0707 0.0500 0.0500 -0.0500 -0.0707 -0.1118 -0.1581 -0.2062 -0.2000 -0.2000 -0.2062 -0.2000 -0.2000 -0.2000 -0.2000 -0.1803 -0.1414 -0.1118 -0.1000 -0.1118 -0.1414 -0.1803 -0.2236 -0.2236 -0.2062 -0.2000 -0.2000 -0.2000 -0.2000 -0.2000 -0.2000 -0.2000 -0.2000 -0.2000 -0.2000 -0.2000 -0.2000 -0.1500 -0.1000 -0.0500 0.0500 0.0707 0.1000 0.1000 0.1000 0.1118 0.1414 0.1803 0.2121 0.2500 0.2915 0.3354 0.3808 0.4272 0.4743 0.5220 0.5701 0.6185 0.6671 0.7159 0.7649 0.8139 0.8631 0.9000 0.8500 0.8000 0.7500 0.7000 0.6500 0.6000 0.5500 0.5000 0.4500 0.4000 0.3500 0.3000 0.2500 0.2000 0.1500 0.1000 0.0500 -0.0500 -0.1000 -0.1500 -0.1500 -0.1500 -0.1500 -0.1500 -0.1500 -0.1500 -0.1500 -0.1500 -0.1500 -0.1500 -0.1500 -0.1500 -0.1500 -0.1500 -0.1500 -0.1500 -0.1500 -0.1500 -0.1500 -0.1500 -0.1500 -0.1500 -0.1500 -0.1500 -0.1500 -0.1500 -0.1500 -0.1500 -0.1500 -0.1500 -0.1500 -0.1500 -0.1500 -0.1500 -0.1500 -0.1500 -0.1500 -0.1500 -0.1500 -0.1500 -0.1500 -0.1500 -0.1500 -0.1500 -0.1500 -0.1500 -0.1500 -0.1500 -0.1500 -0.1500 -0.1500 -0.1500 -0.1500 -0.1500 -0.1500 -0.1500 -0.1500 -0.1500 -0.1500 -0.1118 -0.0707 -0.0500 0.0500 0.1000 0.1500 0.2000 0.2500 0.3000 0.3500 0.4000 0.4500 0.5000 0.4500 0.4000 0.3500 0.3000 0.2500 0.2000 0.1500 0.1000 0.0500 -0.0500 -0.1000 -0.1000 -0.1118 -0.1414 -0.1500 -0.1500 -0.1500 -0.1500 -0.1500 -0.1500 -0.1500 -0.1500 -0.1500 -0.1500 -0.1500 -0.1500 -0.1500 -0.1500 -0.1500 -0.1500 -0.1500 -0.1500 -0.1500 -0.1500 -0.1500 -0.1500 -0.1500 -0.1500 -0.1500 -0.1500 -0.1500 -0.1500 -0.1500 -0.1500 -0.1500 -0.1500 -0.1500 -0.1500 -0.1500 -0.1500 -0.1500 -0.1500 -0.1500 -0.1500 -0.1500 -0.1500 -0.1500 -0.1500 -0.1414 -0.1118 -0.1000 -0.1000 -0.1000 -0.1000 -0.1000 -0.1000 -0.1000 -0.1000 -0.1000 -0.1000 -0.1000 -0.0707 -0.0500 -0.0500 0.0500 0.1000 0.1500 0.2000 0.2500 0.3000 0.3500 0.4000 0.4500 0.5000 0.5500 0.6000 0.6500 0.7000 0.7500 0.8000 0.8500 0.9000 0.9014 0.8544 0.8062 0.7566 0.7071 0.6576 0.6083 0.5590 0.5099 0.4610 0.4123 0.3640 0.3162 0.2693 0.2236 0.1803 0.1414 0.1118 0.1000 0.1000 0.1000 0.1000 0.1000 0.0500 -0.0500 -0.1000 -0.1500 -0.2000 -0.2500 -0.2500 -0.2500
1.0440 0.9962 0.9487 0.9014 0.8515 0.8016 0.7517 0.7018 0.6519 0.6021 0.5523 0.5025 0.4528 0.4031 0.3536 0.3041 0.2550 0.2062 0.1581 0.1118 0.0707 0.0500 0.0500 0.0500 0.0500 -0.0500 -0.1000 -0.1500 -0.1581 -0.1500 -0.1500 -0.1581 -0.1500 -0.1500 -0.1500 -0.1500 -0.1581 -0.1118 -0.0707 -0.0500 -0.0707 -0.1118 -0.1581 -0.2000 -0.1803 -0.1581 -0.1500 -0.1500 -0.1500 -0.1500 -0.1500 -0.1500 -0.1500 -0.1500 -0.1500 -0.1500 -0.1500 -0.1500 -0.1500 -0.1118 -0.0707 -0.0500 0.0500 0.0500 0.0500 0.0500 0.0707 0.1118 0.1414 0.1803 0.2236 0.2693 0.3162 0.3640 0.4123 0.4610 0.5099 0.5590 0.6083 0.6576 0.7071 0.7566 0.8062 0.8559 0.9000 0.8500 0.8000 0.7500 0.7000 0.6500 0.6000 0.5500 0.5000 0.4500 0.4000 0.3500 0.3000 0.2500 0.2000 0.1500 0.1000 0.0500 -0.0500 -0.1000 -0.1000 -0.1000 -0.1000 -0.1000 -0.1000 -0.1000 -0.1000 -0.1000 -0.1000 -0.1000 -0.1000 -0.1000 -0.1000 -0.1000 -0.1000 -0.1000 -0.1000 -0.1000 -0.1000 -0.1000 -0.1000 -0.1000 -0.1000 -0.1000 -0.1000 -0.1000 -0.1000 -0.1000 -0.1000 -0.1000 -0.1000 -0.1000 -0.1000 -0.1000 -0.1000 -0.1000 -0.1000 -0.1000 -0.1000 -0.1000 -0.1000 -0.1000 -0.1000 -0.1000 -0.1000 -0.1000 -0.1000 -0.1000 -0.1000 -0.1000 -0.1000 -0.1000 -0.1000 -0.1000 -0.1000 -0.1000 -0.1000 -0.1000 -0.1000 -0.1000 -0.1000 -0.0707 -0.0500 0.0500 0.1000 0.1500 0.2000 0.2500 0.3000 0.3500 0.4000 0.4500 0.5000 0.4500 0.4000 0.3500 0.3000 0.2500 0.2000 0.1500 0.1000 0.0500 -0.0500 -0.0500 -0.0500 -0.0707 -0.1000 -0.1000 -0.1000 -0.1000 -0.1000 -0.1000 -0.1000 -0.1000 -0.1000 -0.1000 -0.1000 -0.1000 -0.1000 -0.1000 -0.1000 -0.1000 -0.1000 -0.1000 -0.1000 -0.1000 -0.1000 -0.1000 -0.1000 -0.1000 -0.1000 -0.1000 -0.1000 -0.1000 -0.1000 -0.1000 -0.1000 -0.1000 -0.1000 -0.1000 -0.1000 -0.1000 -0.1000 -0.1000 -0.1000 -0.1000 -0.1000 -0.1000 -0.1000 -0.1000 -0.1000 -0.1000 -0.0707 -0.0500 -0.0500 -0.0500 -0.0500 -0.0500 -0.0500 -0.0500 -0.0500 -0.0500 -0.0500 -0.0500 -0.0500 -0.0500 -0.0500 0.0500 0.1000 0.1500 0.2000 0.2500 0.3000 0.3500 0.4000 0.4500 0.5000 0.5500 0.6000 0.6500 0.7000 0.7500 0.8000 0.8500 0.9000 0.9055 0.8559 0.8062 0.7566 0.7071 0.6576 0.6083 0.5590 0.5099 0.4610 0.4123 0.3640 0.3162 0.2693 0.2236 0.1803 0.1414 0.1118 0.1000 0.1000 0.1000 0.1000 0.0707 0.0500 -0.0500 -0.1000 -0.1500 -0.2000 -0.2000 -0.2000 -0.2000
1.0500 1.0000 0.9500 0.9000 0.8500 0.8000 0.7500 0.7000 0.6500 0.6000 0.5500 0.5000 0.4500 0.4000 0.3500 0.3000 0.2500 0.2000 0.1500 0.1000 0.0500 -0.0500 -0.0500 -0.0500 -0.0500 -0.0707 -0.1118 -0.1000 -0.1118 -0.1000 -0.1000 -0.1118 -0.1000 -0.1000 -0.1000 -0.1000 -0.1118 -0.1000 -0.0500 0.0500 -0.0500 -0.1000 -0.1500 -0.1500 -0.1414 -0.1118 -0.1000 -0.1000 -0.1000 -0.1000 -0.1000 -0.1000 -0.1000 -0.1000 -0.1000 -0.1000 -0.1000 -0.1000 -0.1000 -0.1000 -0.1000 -0.0707 -0.0500 -0.0500 -0.0500 -0.0500 0.0500 0.0707 0.1118 0.1581 0.2062 0.2550 0.3041 0.3536 0.4031 0.4528 0.5025 0.5523 0.6021 0.6519 0.7018 0.7517 0.8016 0.8515 0.9000 0.8500 0.8000 0.7500 0.7000 0.6500 0.6000 0.5500 0.5000 0.4500 0.4000 0.3500 0.3000 0.2500 0.2000 0.1500 0.1000 0.0500 -0.0500 -0.0500 -0.0500 -0.0500 -0.0500 -0.0500 -0.0500 -0.0500 -0.0500 -0.0500 -0.0500 -0.0500 -0.0500 -0.0500 -0.0500 -0.0500 -0.0500 -0.0500 -0.0500 -0.0500 -0.0500 -0.0500 -0.0500 -0.0500 -0.0500 -0.0500 -0.0500 -0.0500 -0.0500 -0.0500 -0.0500 -0.0500 -0.0500 -0.0500 -0.0500 -0.0500 -0.0500 -0.0500 -0.0500 -0.0500 -0.0500 -0.0500 -0.0500 -0.0500 -0.0500 -0.0500 -0.0500 -0.0500 -0.0500 -0.0500 -0.0500 -0.0500 -0.0500 -0.0500 -0.0500 -0.0500 -0.0500 -0.0500 -0.0500 -0.0500 -0.0500 -0.0500 -0.0500 -0.0500 0.0500 0.0707 0.1118 0.1581 0.2062 0.2550 0.3041 0.3536 0.4031 0.4528 0.5025 0.4528 0.4031 0.3536 0.3041 0.2550 0.2062 0.1581 0.1118 0.0707 0.0500 0.0500 0.0500 -0.0500 -0.0500 -0.0500 -0.0500 -0.0500 -0.0500 -0.0500 -0.0500 -0.0500 -0.0500 -0.0500 -0.0500 -0.0500 -0.0500 -0.0500 -0.0500 -0.0500 -0.0500 -0.0500 -0.0500 -0.0500 -0.0500 -0.0500 -0.0500 -0.0500 -0.0500 -0.0500 -0.0500 -0.0500 -0.0500 -0.0500 -0.0500 -0.0500 -0.0500 -0.0500 -0.0500 -0.0500 -0.0500 -0.0500 -0.0500 -0.0500 -0.0500 -0.0500 -0.0500 -0.0500 -0.0500 -0.0500 -0.0500 0.0500 0.0500 0.0500 0.0500 0.0500 0.0500 0.0500 0.0500 0.0500 0.0500 0.0500 0.0500 0.0500 0.0500 0.0707 0.1118 0.1581 0.2062 0.2550 0.3041 0.3536 0.4031 0.4528 0.5025 0.5523 0.6021 0.6519 0.7018 0.7517 0.8016 0.8515 0.9014 0.9014 0.8515 0.8016 0.7517 0.7018 0.6519 0.6021 0.5523 0.5025 0.4528 0.4031 0.3536 0.3041 0.2550 0.2062 0.1581 0.1118 0.0707 0.0500 0.0500 0.0500 0.0500 0.0500 -0.0500 -0.0707 -0.1118 -0.1500 -0.1500 -0.1500 -0.1500 -0.1500
1.0512 1.0012 0.9513 0.9014 0.8515 0.8016 0.7517 0.7018 0.6519 0.6021 0.5523 0.5025 0.4528 0.4031 0.3536 0.3041 0.2550 0.2062 0.1581 0.1118 0.0707 0.0500 -0.0500 -0.0500 -0.0707 -0.1000 -0.0707 -0.0500 -0.0707 -0.0500 -0.0500 -0.0707 -0.0500 -0.0500 -0.0500 -0.0500 -0.0707 -0.1000 -0.0707 -0.0500 -0.0707 -0.1000 -0.1000 -0.1000 -0.1000 -0.0707 -0.0500 -0.0500 -0.0500 -0.0500 -0.0500 -0.0500 -0.0500 -0.0500 -0.0500 -0.0500 -0.0500 -0.0500 -0.0500 -0.0500 -0.0500 -0.0500 -0.0500 -0.0500 -0.0500 -0.0500 -0.0500 0.0500 0.1000 0.1500 0.2000 0.2500 0.3000 0.3500 0.4000 0.4500 0.5000 0.5500 0.6000 0.6500 0.7000 0.7500 0.8000 0.8500 0.9000 0.8515 0.8016 0.7517 0.7018 0.6519 0.6021 0.5523 0.5025 0.4528 0.4031 0.3536 0.3041 0.2550 0.2062 0.1581 0.1118 0.0707 0.0500 0.0500 0.0500 0.0500 0.0500 0.0500 0.0500 0.0500 0.0500 0.0500 0.0500 0.0500 0.0500 0.0500 0.0500 0.0500 0.0500 0.0500 0.0500 0.0500 0.0500 0.0500 0.0500 0.0500 0.0500 0.0500 0.0500 0.0500 0.0500 0.0500 0.0500 0.0500 0.0500 0.0500 0.0500 0.0500 0.0500 0.0500 0.0500 0.0500 0.0500 0.0500 0.0500 0.0500 0.0500 0.0500 0.0500 0.0500 0.0500 0.0500 0.0500 0.0500 0.0500 0.0500 0.0500 0.0500 0.0500 0.0500 0.0500 0.0500 0.0500 0.0500 0.0500 0.0500 0.0707 0.1118 0.1414 0.1803 0.2236 0.2693 0.3162 0.3640 0.4123 0.4610 0.5099 0.4610 0.4123 0.3640 0.3162 0.2693 0.2236 0.1803 0.1414 0.1118 0.1000 0.1000 0.0707 0.0500 0.0500 0.0500 0.0500 0.0500 0.0500 0.0500 0.0500 0.0500 0.0500 0.0500 0.0500 0.0500 0.0500 0.0500 0.0500 0.0500 0.0500 0.0500 0.0500 0.0500 0.0500 0.0500 0.0500 0.0500 0.0500 0.0500 0.0500 0.0500 0.0500 0.0500 0.0500 0.0500 0.0500 0.0500 0.0500 0.0500 0.0500 0.0500 0.0500 0.0500 0.0500 0.0500 0.0500 0.0500 0.0500 0.0500 0.0500 0.0707 0.1000 0.1000 0.1000 0.1000 0.1000 0.1000 0.1000 0.1000 0.1000 0.1000 0.1000 0.1000 0.1000 0.1118 0.1414 0.1803 0.2236 0.2693 0.3162 0.3640 0.4123 0.4610 0.5099 0.5590 0.6083 0.6576 0.7071 0.7566 0.8062 0.8559 0.9055 0.9000 0.8500 0.8000 0.7500 0.7000 0.6500 0.6000 0.5500 0.5000 0.4500 0.4000 0.3500 0.3000 0.2500 0.2000 0.1500 0.1000 0.0500 -0.0500 -0.0500 -0.0500 -0.0500 -0.0500 -0.0707 -0.1000 -0.1000 -0.1000 -0.1000 -0.1000 -0.1000 -0.1000
1.0548 1.0050 0.9552 0.9055 0.8559 0.8062 0.7566 0.7071 0.6576 0.6083 0.5590 0.5099 0.4610 0.4123 0.3640 0.3162 0.2693 0.2236 0.1803 0.1414 0.1118 0.0707 0.0500 0.0500 -0.0500 -0.0500 -0.0500 0.0500 -0.0500 0.0500 0.0500 -0.0500 0.0500 0.0500 0.0500 0.0500 -0.0500 -0.0500 -0.0500 -0.0500 -0.0500 -0.0500 -0.0500 -0.0500 -0.0500 -0.0500 0.0500 0.0500 0.0500 0.0500 0.0500 0.0500 0.0500 0.0500 0.0500 0.0500 0.0500 0.0500 0.0500 0.0500 0.0500 0.0500 0.0500 0.0500 0.0500 0.0500 0.0500 0.0707 0.1118 0.1581 0.2062 0.2550 0.3041 0.3536 0.4031 0.4528 0.5025 0.5523 0.6021 0.6519 0.7018 0.7517 0.8016 0.8515 0.9014 0.8559 0.8062 0.7566 0.7071 0.6576 0.6083 0.5590 0.5099 0.4610 0.4123 0.3640 0.3162 0.2693 0.2236 0.1803 0.1414 0.1118 0.1000 0.1000 0.1000 0.1000 0.1000 0.1000 0.1000 0.1000 0.1000 0.1000 0.1000 0.1000 0.1000 0.1000 0.1000 0.1000 0.1000 0.1000 0.1000 0.1000 0.1000 0.1000 0.1000 0.1000 0.1000 0.1000 0.1000 0.1000 0.1000 0.1000 0.1000 0.1000 0.1000 0.1000 0.1000 0.1000 0.1000 0.1000 0.1000 0.1000 0.1000 0.1000 0.1000 0.1000 0.1000 0.1000 0.1000 0.1000 0.1000 0.1000 0.1000 0.1000 0.1000 0.1000 0.1000 0.1000 0.1000 0.1000 0.1000 0.1000 0.1000 0.1000 0.1000 0.1000 0.1118 0.1414 0.1803 0.2121 0.2500 0.2915 0.3354 0.3808 0.4272 0.4743 0.5220 0.4743 0.4272 0.3808 0.3354 0.2915 0.2500 0.2121 0.1803 0.1581 0.1500 0.1414 0.1118 0.1000 0.1000 0.1000 0.1000 0.1000 0.1000 0.1000 0.1000 0.1000 0.1000 0.1000 0.1000 0.1000 0.1000 0.1000 0.1000 0.1000 0.1000 0.1000 0.1000 0.1000 0.1000 0.1000 0.1000 0.1000 0.1000 0.1000 0.1000 0.1000 0.1000 0.1000 0.1000 0.1000 0.1000 0.1000 0.1000 0.1000 0.1000 0.1000 0.1000 0.1000 0.1000 0.1000 0.1000 0.1000 0.1000 0.1000 0.1000 0.1118 0.1414 0.1500 0.1500 0.1500 0.1500 0.1500 0.1500 0.1500 0.1500 0.1500 0.1500 0.1500 0.1500 0.1581 0.1803 0.2121 0.2500 0.2915 0.3354 0.3808 0.4272 0.4743 0.5220 0.5701 0.6185 0.6671 0.7159 0.7649 0.8139 0.8631 0.9124 0.9014 0.8515 0.8016 0.7517 0.7018 0.6519 0.6021 0.5523 0.5025 0.4528 0.4031 0.3536 0.3041 0.2550 0.2062 0.1581 0.1118 0.0707 0.0500 -0.0500 -0.0500 -0.0500 -0.0500 -0.0500 -0.0500 -0.0500 -0.0500 -0.0500 -0.0500 -0.0500 -0.0500
1.0607 1.0112 0.9618 0.9124 0.8631 0.8139 0.7649 0.7159 0.6671 0.6185 0.5701 0.5220 0.4743 0.4272 0.3808 0.3354 0.2915 0.2500 0.2121 0.1803 0.1414 0.1118 0.1000 0.0707 0.0500 0.0500 0.0500 0.0707 0.0500 0.0707 0.0707 0.0500 0.0707 0.1000 0.1000 0.0707 0.0500 0.0500 0.0500 0.0500 0.0500 0.0500 0.0500 0.0500 0.0500 0.0500 0.0707 0.1000 0.1000 0.1000 0.1000 0.1000 0.1000 0.1000 0.1000 0.1000 0.1000 0.1000 0.1000 0.1000 0.1000 0.1000 0.1000 0.1000 0.1000 0.1000 0.1000 0.1118 0.1414 0.1803 0.2236 0.2693 0.3162 0.3640 0.4123 0.4610 0.5099 0.5590 0.6083 0.6576 0.7071 0.7566 0.8062 0.8559 0.9055 0.8631 0.8139 0.7649 0.7159 0.6671 0.6185 0.5701 0.5220 0.4743 0.4272 0.3808 0.3354 0.2915 0.2500 0.2121 0.1803 0.1581 0.1500 0.1500 0.1500 0.1500 0.1500 0.1500 0.1500 0.1500 0.1500 0.1500 0.1500 0.1500 0.1500 0.1500 0.1500 0.1500 0.1500 0.1500 0.1500 0.1500 0.1500 0.1500 0.1500 0.1500 0.1500 0.1500 0.1500 0.1500 0.1500 0.1500 0.1500 0.1500 0.1500 0.1500 0.1500 0.1500 0.1500 0.1500 0.1500 0.1500 0.1500 0.1500 0.1500 0.1500 0.1500 0.1500 0.1500 0.1500 0.1500 0.1500 0.1500 0.1500 0.1500 0.1500 0.1500 0.1500 0.1500 0.1500 0.1500 0.1500 0.1500 0.1500 0.1500 0.1500 0.1581 0.1803 0.2121 0.2500 0.2828 0.3202 0.3606 0.4031 0.4472 0.4924 0.5385 0.4924 0.4472 0.4031 0.3606 0.3202 0.2828 0.2500 0.2236 0.2062 0.2000 0.1803 0.1581 0.1500 0.1500 0.1500 0.1500 0.1500 0.1500 0.1500 0.1500 0.1500 0.1500 0.1500 0.1500 0.1500 0.1500 0.1500 0.1500 0.1500 0.1500 0.1500 0.1500 0.1500 0.1500 0.1500 0.1500 0.1500 0.1500 0.1500 0.1500 0.1500 0.1500 0.1500 0.1500 0.1500 0.1500 0.1500 0.1500 0.1500 0.1500 0.1500 0.1500 0.1500 0.1500 0.1500 0.1500 0.1500 0.1500 0.1500 0.1500 0.1581 0.1803 0.2000 0.2000 0.2000 0.2000 0.2000 0.2000 0.2000 0.2000 0.2000 0.2000 0.2000 0.2000 0.2062 0.2236 0.2500 0.2828 0.3202 0.3606 0.4031 0.4472 0.4924 0.5385 0.5852 0.6325 0.6801 0.7280 0.7762 0.8246 0.8732 0.9220 0.9055 0.8559 0.8062 0.7566 0.7071 0.6576 0.6083 0.5590 0.5099 0.4610 0.4123 0.3640 0.3162 0.2693 0.2236 0.1803 0.1414 0.1118 0.0707 0.0500 0.0500 0.0500 0.0500 0.0500 0.0500 0.0500 0.0500 0.0500 0.0500 0.0500 0.0500
1.0689 1.0198 0.9708 0.9220 0.8732 0.8246 0.7762 0.7280 0.6801 0.6325 0.5852 0.5385 0.4924 0.4472 0.4031 0.3606 0.3202 0.2828 0.2500 0.2121 0.1803 0.1581 0.1414 0.1118 0.1000 0.1000 0.1000 0.1118 0.1000 0.1118 0.1118 0.1000 0.1118 0.1414 0.1414 0.1118 0.1000 0.1000 0.1000 0.1000 0.1000 0.1000 0.1000 0.1000 0.1000 0.1000 0.1118 0.1414 0.1500 0.1500 0.1500 0.1500 0.1500 0.1500 0.1500 0.1500 0.1500 0.1500 0.1500 0.1500 0.1500 0.1500 0.1500 0.1500 0.1500 0.1500 0.1500 0.1581 0.1803 0.2121 0.2500 0.2915 0.3354 0.3808 0.4272 0.4743 0.5220 0.5701 0.6185 0.6671 0.7159 0.7649 0.8139 0.8631 0.9124 0.8732 0.8246 0.7762 0.7280 0.6801 0.6325 0.5852 0.5385 0.4924 0.4472 0.4031 0.3606 0.3202 0.2828 0.2500 0.2236 0.2062 0.2000 0.2000 0.2000 0.2000 0.2000 0.2000 0.2000 0.2000 0.2000 0.2000 0.2000 0.2000 0.2000 0.2000 0.2000 0.2000 0.2000 0.2000 0.2000 0.2000 0.2000 0.2000 0.2000 0.2000 0.2000 0.2000 0.2000 0.2000 0.2000 0.2000 0.2000 0.2000 0.2000 0.2000 0.2000 0.2000 0.2000 0.2000 0.2000 0.2000 0.2000 0.2000 0.2000 0.2000 0.2000 0.2000 0.2000 0.2000 0.2000 0.2000 0.2000 0.2000 0.2000 0.2000 0.2000 0.2000 0.2000 0.2000 0.2000 0.2000 0.2000 0.2000 0.2000 0.2000 0.2062 0.2236 0.2500 0.2828 0.3202 0.3536 0.3905 0.4301 0.4717 0.5148 0.5590 0.5148 0.4717 0.4301 0.3905 0.3536 0.3202 0.2915 0.2693 0.2550 0.2500 0.2236 0.2062 0.2000 0.2000 0.2000 0.2000 0.2000 0.2000 0.2000 0.2000 0.2000 0.2000 0.2000 0.2000 0.2000 0.2000 0.2000 0.2000 0.2000 0.2000 0.2000 0.2000 0.2000 0.2000 0.2000 0.2000 0.2000 0.2000 0.2000 0.2000 0.2000 0.2000 0.2000 0.2000 0.2000 0.2000 0.2000 0.2000 0.2000 0.2000 0.2000 0.2000 0.2000 0.2000 0.2000 0.2000 0.2000 0.2000 0.2000 0.2000 0.2062 0.2236 0.2500 0.2500 0.2500 0.2500 0.2500 0.2500 0.2500 0.2500 0.2500 0.2500 0.2500 0.2500 0.2550 0.2693 0.2915 0.3202 0.3536 0.3905 0.4301 0.4717 0.5148 0.5590 0.6042 0.6500 0.6964 0.7433 0.7906 0.8382 0.8860 0.9341 0.9124 0.8631 0.8139 0.7649 0.7159 0.6671 0.6185 0.5701 0.5220 0.4743 0.4272 0.3808 0.3354 0.2915 0.2500 0.2121 0.1803 0.1414 0.1118 0.1000 0.1000 0.1000 0.1000 0.1000 0.1000 0.1000 0.1000 0.1000 0.1000 0.1000 0.1000
1.0440 1.0308 0.9823 0.9341 0.8860 0.8382 0.7906 0.7433 0.6964 0.6500 0.6042 0.5590 0.5148 0.4717 0.4301 0.3905 0.3536 0.3202 0.2828 0.2500 0.2236 0.2062 0.1803 0.1581 0.1500 0.1500 0.1500 0.1581 0.1500 0.1581 0.1581 0.1500 0.1581 0.1803 0.1803 0.1581 0.1500 0.1500 0.1500 0.1500 0.1500 0.1500 0.1500 0.1500 0.1500 0.1500 0.1581 0.1803 0.2000 0.2000 0.2000 0.2000 0.2000 0.2000 0.2000 0.2000 0.2000 0.2000 0.2000 0.2000 0.2000 0.2000 0.2000 0.2000 0.2000 0.2000 0.2000 0.2062 0.2236 0.2500 0.2828 0.3202 0.3606 0.4031 0.4472 0.4924 0.5385 0.5852 0.6325 0.6801 0.7280 0.7762 0.8246 0.8732 0.9220 0.8860 0.8382 0.7906 0.7433 0.6964 0.6500 0.6042 0.5590 0.5148 0.4717 0.4301 0.3905 0.3536 0.3202 0.2915 0.2693 0.2550 0.2500 0.2500 0.2500 0.2500 0.2500 0.2500 0.2500 0.2500 0.2500 0.2500 0.2500 0.2500 0.2500 0.2500 0.2500 0.2500 0.2500 0.2500 0.2500 0.2500 0.2500 0.2500 0.2500 0.2500 0.2500 0.2500 0.2500 0.2500 0.2500 0.2500 0.2500 0.2500 0.2500 0.2500 0.2500 0.2500 0.2500 0.2500 0.2500 0.2500 0.2500 0.2500 0.2500 0.2500 0.2500 0.2500 0.2500 0.2500 0.2500 0.2500 0.2500 0.2500 0.2500 0.2500 0.2500 0.2500 0.2500 0.2500 0.2500 0.2500 0.2500 0.2500 0.2500 0.2500 0.2550 0.2693 0.2915 0.3202 0.3536 0.3905 0.4243 0.4610 0.5000 0.5408 0.5831 0.5408 0.5000 0.4610 0.4243 0.3905 0.3606 0.3354 0.3162 0.3041 0.2915 0.2693 0.2550 0.2500 0.2500 0.2500 0.2500 0.2500 0.2500 0.2500 0.2500 0.2500 0.2500 0.2500 0.2500 0.2500 0.2500 0.2500 0.2500 0.2500 0.2500 0.2500 0.2500 0.2500 0.2500 0.2500 0.2500 0.2500 0.2500 0.2500 0.2500 0.2500 0.2500 0.2500 0.2500 0.2500 0.2500 0.2500 0.2500 0.2500 0.2500 0.2500 0.2500 0.2500 0.2500 0.2500 0.2500 0.2500 0.2500 0.2500 0.2500 0.2550 0.2693 0.2915 0.3000 0.3000 0.3000 0.3000 0.3000 0.3000 0.3000 0.3000 0.3000 0.3000 0.3000 0.3041 0.3162 0.3354 0.3606 0.3905 0.4243 0.4610 0.5000 0.5408 0.5831 0.6265 0.6708 0.7159 0.7616 0.8078 0.8544 0.9014 0.9487 0.9220 0.8732 0.8246 0.7762 0.7280 0.6801 0.6325 0.5852 0.5385 0.4924 0.4472 0.4031 0.3606 0.3202 0.2828 0.2500 0.2121 0.1803 0.1581 0.1500 0.1500 0.1500 0.1500 0.1500 0.1500 0.1500 0.1500 0.1500 0.1500 0.1500 0.1500
0.9962 0.9823 0.9708 0.9487 0.9014 0.8544 0.8078 0.7616 0.7159 0.6708 0.6265 0.5831 0.5408 0.5000 0.4610 0.4243 0.3905 0.3536 0.3202 0.2915 0.2693 0.2500 0.2236 0.2062 0.2000 0.2000 0.2000 0.2062 0.2000 0.2062 0.2062 0.2000 0.2062 0.2236 0.2236 0.2062 0.2000 0.2000 0.2000 0.2000 0.2000 0.2000 0.2000 0.2000 0.2000 0.2000 0.2062 0.2236 0.2500 0.2500 0.2500 0.2500 0.2500 0.2500 0.2500 0.2500 0.2500 0.2500 0.2500 0.2500 0.2500 0.2500 0.2500 0.2500 0.2500 0.2500 0.2500 0.2550 0.2693 0.2915 0.3202 0.3536 0.3905 0.4301 0.4717 0.5148 0.5590 0.6042 0.6500 0.6964 0.7433 0.7906 0.8382 0.8860 0.9341 0.9014 0.8544 0.8078 0.7616 0.7159 0.6708 0.6265 0.5831 0.5408 0.5000 0.4610 0.4243 0.3905 0.3606 0.3354 0.3162 0.3041 0.3000 0.3000 0.3000 0.3000 0.3000 0.3000 0.3000 0.3000 0.3000 0.3000 0.3000 0.3000 0.3000 0.3000 0.3000 0.3000 0.3000 0.3000 0.3000 0.3000 0.3000 0.3000 0.3000 0.3000 0.3000 0.3000 0.3000 0.3000 0.3000 0.3000 0.3000 0.3000 0.3000 0.3000 0.3000 0.3000 0.3000 0.3000 0.3000 0.3000 0.3000 0.3000 0.3000 0.3000 0.3000 0.3000 0.3000 0.3000 0.3000 0.3000 0.3000 0.3000 0.3000 0.3000 0.3000 0.3000 0.3000 0.3000 0.3000 0.3000 0.3000 0.3000 0.3000 0.3000 0.3041 0.3162 0.3354 0.3606 0.3905 0.4243 0.4610 0.4950 0.5315 0.5701 0.6103 0.5701 0.5315 0.4950 0.4610 0.4301 0.4031 0.3808 0.3640 0.3536 0.3354 0.3162 0.3041 0.3000 0.3000 0.3000 0.3000 0.3000 0.3000 0.3000 0.3000 0.3000 0.3000 0.3000 0.3000 0.3000 0.3000 0.3000 0.3000 0.3000 0.3000 0.3000 0.3000 0.3000 0.3000 0.3000 0.3000 0.3000 0.3000 0.3000 0.3000 0.3000 0.3000 0.3000 0.3000 0.3000 0.3000 0.3000 0.3000 0.3000 0.3000 0.3000 0.3000 0.3000 0.3000 0.3000 0.3000 0.3000 0.3000 0.3000 0.3000 0.3041 0.3162 0.3354 0.3500 0.3500 0.3500 0.3500 0.3500 0.3500 0.3500 0.3500 0.3500 0.3500 0.3500 0.3536 0.3640 0.3808 0.4031 0.4301 0.4610 0.4950 0.5315 0.5701 0.6103 0.6519 0.6946 0.7382 0.7826 0.8276 0.8732 0.9192 0.9657 0.9341 0.8860 0.8382 0.7906 0.7433 0.6964 0.6500 0.6042 0.5590 0.5148 0.4717 0.4301 0.3905 0.3536 0.3202 0.2828 0.2500 0.2236 0.2062 0.2000 0.2000 0.2000 0.2000 0.2000 0.2000 0.2000 0.2000 0.2000 0.2000 0.2000 0.2000
0.9487 0.9341 0.9220 0.9124 0.9055 0.8732 0.8276 0.7826 0.7382 0.6946 0.6519 0.6103 0.5701 0.5315 0.4950 0.4610 0.4243 0.3905 0.3606 0.3354 0.3162 0.2915 0.2693 0.2550 0.2500 0.2500 0.2500 0.2550 0.2500 0.2550 0.2550 0.2500 0.2550 0.2693 0.2693 0.2550 0.2500 0.2500 0.2500 0.2500 0.2500 0.2500 0.2500 0.2500 0.2500 0.2500 0.2550 0.2693 0.2915 0.3000 0.3000 0.3000 0.3000 0.3000 0.3000 0.3000 0.3000 0.3000 0.3000 0.3000 0.3000 0.3000 0.3000 0.3000 0.3000 0.3000 0.3000 0.3041 0.3162 0.3354 0.3606 0.3905 0.4243 0.4610 0.5000 0.5408 0.5831 0.6265 0.6708 0.7159 0.7616 0.8078 0.8544 0.9014 0.9487 0.9192 0.8732 0.8276 0.7826 0.7382 0.6946 0.6519 0.6103 0.5701 0.5315 0.4950 0.4610 0.4301 0.4031 0.3808 0.3640 0.3536 0.3500 0.3500 0.3500 0.3500 0.3500 0.3500 0.3500 0.3500 0.3500 0.3500 0.3500 0.3500 0.3500 0.3500 0.3500 0.3500 0.3500 0.3500 0.3500 0.3500 0.3500 0.3500 0.3500 0.3500 0.3500 0.3500 0.3500 0.3500 0.3500 0.3500 0.3500 0.3500 0.3500 0.3500 0.3500 0.3500 0.3500 0.3500 0.3500 0.3500 0.3500 0.3500 0.3500 0.3500 0.3500 0.3500 0.3500 0.3500 0.3500 0.3500 0.3500 0.3500 0.3500 0.3500 0.3500 0.3500 0.3500 0.3500 0.3500 0.3500 0.3500 0.3500 0.3500 0.3500 0.3536 0.3640 0.3808 0.4031 0.4301 0.4610 0.4950 0.5315 0.5657 0.6021 0.6403 0.6021 0.5657 0.5315 0.5000 0.4717 0.4472 0.4272 0.4123 0.4031 0.3808 0.3640 0.3536 0.3500 0.3500 0.3500 0.3500 0.3500 0.3500 0.3500 0.3500 0.3500 0.3500 0.3500 0.3500 0.3500 0.3500 0.3500 0.3500 0.3500 0.3500 0.3500 0.3500 0.3500 0.3500 0.3500 0.3500 0.3500 0.3500 0.3500 0.3500 0.3500 0.3500 0.3500 0.3500 0.3500 0.3500 0.3500 0.3500 0.3500 0.3500 0.3500 0.3500 0.3500 0.3500 0.3500 0.3500 0.3500 0.3500 0.3500 0.3500 0.3536 0.3640 0.3808 0.4000 0.4000 0.4000 0.4000 0.4000 0.4000 0.4000 0.4000 0.4000 0.4000 0.4000 0.4031 0.4123 0.4272 0.4472 0.4717 0.5000 0.5315 0.5657 0.6021 0.6403 0.6801 0.7211 0.7632 0.8062 0.8500 0.8944 0.9394 0.9849 0.9487 0.9014 0.8544 0.8078 0.7616 0.7159 0.6708 0.6265 0.5831 0.5408 0.5000 0.4610 0.4243 0.3905 0.3536 0.3202 0.2915 0.2693 0.2550 0.2500 0.2500 0.2500 0.2500 0.2500 0.2500 0.2500 0.2500 0.2500 0.2500 0.2500 0.2500
0.9014 0.8860 0.8732 0.8631 0.8559 0.8515 0.8500 0.8062 0.7632 0.7211 0.6801 0.6403 0.6021 0.5657 0.5315 0.4950 0.4610 0.4301 0.4031 0.3808 0.3606 0.3354 0.3162 0.3041 0.3000 0.3000 0.3000 0.3041 0.3000 0.3041 0.3041 0.3000 0.3041 0.3162 0.3162 0.3041 0.3000 0.3000 0.3000 0.3000 0.3000 0.3000 0.3000 0.3000 0.3000 0.3000 0.3041 0.3162 0.3354 0.3500 0.3500 0.3500 0.3500 0.3500 0.3500 0.3500 0.3500 0.3500 0.3500 0.3500 0.3500 0.3500 0.3500 0.3500 0.3500 0.3500 0.3500 0.3536 0.3640 0.3808 0.4031 0.4301 0.4610 0.4950 0.5315 0.5701 0.6103 0.6519 0.6946 0.7382 0.7826 0.8276 0.8732 0.9192 0.9657 0.9394 0.8944 0.8500 0.8062 0.7632 0.7211 0.6801 0.6403 0.6021 0.5657 0.5315 0.5000 0.4717 0.4472 0.4272 0.4123 0.4031 0.4000 0.4000 0.4000 0.4000 0.4000 0.4000 0.4000 0.4000 0.4000 0.4000 0.4000 0.4000 0.4000 0.4000 0.4000 0.4000 0.4000 0.4000 0.4000 0.4000 0.4000 0.4000 0.4000 0.4000 0.4000 0.4000 0.4000 0.4000 0.4000 0.4000 0.4000 0.4000 0.4000 0.4000 0.4000 0.4000 0.4000 0.4000 0.4000 0.4000 0.4000 0.4000 0.4000 0.4000 0.4000 0.4000 0.4000 0.4000 0.4000 0.4000 0.4000 0.4000 0.4000 0.4000 0.4000 0.4000 0.4000 0.4000 0.4000 0.4000 0.4000 0.4000 0.4000 0.4000 0.4031 0.4123 0.4272 0.4472 0.4717 0.5000 0.5315 0.5657 0.6021 0.6364 0.6727 0.6364 0.6021 0.5701 0.5408 0.5148 0.4924 0.4743 0.4610 0.4472 0.4272 0.4123 0.4031 0.4000 0.4000 0.4000 0.4000 0.4000 0.4000 0.4000 0.4000 0.4000 0.4000 0.4000 0.4000 0.4000 0.4000 0.4000 0.4000 0.4000 0.4000 0.4000 0.4000 0.4000 0.4000 0.4000 0.4000 0.4000 0.4000 0.4000 0.4000 0.4000 0.4000 0.4000 0.4000 0.4000 0.4000 0.4000 0.4000 0.4000 0.4000 0.4000 0.4000 0.4000 0.4000 0.4000 0.4000 0.4000 0.4000 0.4000 0.4000 0.4031 0.4123 0.4272 0.4472 0.4500 0.4500 0.4500 0.4500 0.4500 0.4500 0.4500 0.4500 0.4500 0.4500 0.4528 0.4610 0.4743 0.4924 0.5148 0.5408 0.5701 0.6021 0.6364 0.6727 0.7106 0.7500 0.7906 0.8322 0.8746 0.9179 0.9618 1.0062 0.9657 0.9192 0.8732 0.8276 0.7826 0.7382 0.6946 0.6519 0.6103 0.5701 0.5315 0.4950 0.4610 0.4243 0.3905 0.3606 0.3354 0.3162 0.3041 0.3000 0.3000 0.3000 0.3000 0.3000 0.3000 0.3000 0.3000 0.3000 0.3000 0.3000 0.3000
0.8544 0.8382 0.8246 0.8139 0.8062 0.8016 0.8000 0.8000 0.7906 0.7500 0.7106 0.6727 0.6364 0.6021 0.5657 0.5315 0.5000 0.4717 0.4472 0.4272 0.4031 0.3808 0.3640 0.3536 0.3500 0.3500 0.3500 0.3536 0.3500 0.3536 0.3536 0.3500 0.3536 0.3640 0.3640 0.3536 0.3500 0.3500 0.3500 0.3500 0.3500 0.3500 0.3500 0.3500 0.3500 0.3500 0.3536 0.3640 0.3808 0.4000 0.4000 0.4000 0.4000 0.4000 0.4000 0.4000 0.4000 0.4000 0.4000 0.4000 0.4000 0.4000 0.4000 0.4000 0.4000 0.4000 0.4000 0.4031 0.4123 0.4272 0.4472 0.4717 0.5000 0.5315 0.5657 0.6021 0.6403 0.6801 0.7211 0.7632 0.8062 0.8500 0.8944 0.9394 0.9849 0.9618 0.9179 0.8746 0.8322 0.7906 0.7500 0.7106 0.6727 0.6364 0.6021 0.5701 0.5408 0.5148 0.4924 0.4743 0.4610 0.4528 0.4500 0.4500 0.4500 0.4500 0.4500 0.4500 0.4500 0.4500 0.4500 0.4500 0.4500 0.4500 0.4500 0.4500 0.4500 0.4500 0.4500 0.4500 0.4500 0.4500 0.4500 0.4500 0.4500 0.4500 0.4500 0.4500 0.4500 0.4500 0.4500 0.4500 0.4500 0.4500 0.4500 0.4500 0.4500 0.4500 0.4500 0.4500 0.4500 0.4500 0.4500 0.4500 0.4500 0.4500 0.4500 0.4500 0.4500 0.4500 0.4500 0.4500 0.4500 0.4500 0.4500 0.4500 0.4500 0.4500 0.4500 0.4500 0.4500 0.4500 0.4500 0.4500 0.4500 0.4500 0.4528 0.4610 0.4743 0.4924 0.5148 0.5408 0.5701 0.6021 0.6364 0.6727 0.7071 0.6727 0.6403 0.6103 0.5831 0.5590 0.5385 0.5220 0.5099 0.4924 0.4743 0.4610 0.4528 0.4500 0.4500 0.4500 0.4500 0.4500 0.4500 0.4500 0.4500 0.4500 0.4500 0.4500 0.4500 0.4500 0.4500 0.4500 0.4500 0.4500 0.4500 0.4500 0.4500 0.4500 0.4500 0.4500 0.4500 0.4500 0.4500 0.4500 0.4500 0.4500 0.4500 0.4500 0.4500 0.4500 0.4500 0.4500 0.4500 0.4500 0.4500 0.4500 0.4500 0.4500 0.4500 0.4500 0.4500 0.4500 0.4500 0.4500 0.4500 0.4528 0.4610 0.4743 0.4924 0.5000 0.5000 0.5000 0.5000 0.5000 0.5000 0.5000 0.5000 0.5000 0.5000 0.5025 0.5099 0.5220 0.5385 0.5590 0.5831 0.6103 0.6403 0.6727 0.7071 0.7433 0.7810 0.8201 0.8602 0.9014 0.9434 0.9862 1.0296 0.9849 0.9394 0.8944 0.8500 0.8062 0.7632 0.7211 0.6801 0.6403 0.6021 0.5657 0.5315 0.4950 0.4610 0.4301 0.4031 0.3808 0.3640 0.3536 0.3500 0.3500 0.3500 0.3500 0.3500 0.3500 0.3500 0.3500 0.3500 0.3500 0.3500 0.3500
0.8078 0.7906 0.7762 0.7649 0.7566 0.7517 0.7500 0.7500 0.7500 0.7500 0.7433 0.7071 0.6727 0.6364 0.6021 0.5701 0.5408 0.5148 0.4924 0.4717 0.4472 0.4272 0.4123 0.4031 0.4000 0.4000 0.4000 0.4031 0.4000 0.4031 0.4031 0.4000 0.4031 0.4123 0.4123 0.4031 0.4000 0.4000 0.4000 0.4000 0.4000 0.4000 0.4000 0.4000 0.4000 0.4000 0.4031 0.4123 0.4272 0.4472 0.4500 0.4500 0.4500 0.4500 0.4500 0.4500 0.4500 0.4500 0.4500 0.4500 0.4500 0.4500 0.4500 0.4500 0.4500 0.4500 0.4500 0.4528 0.4610 0.4743 0.4924 0.5148 0.5408 0.5701 0.6021 0.6364 0.6727 0.7106 0.7500 0.7906 0.8322 0.8746 0.9179 0.9618 1.0062 0.9862 0.9434 0.9014 0.8602 0.8201 0.7810 0.7433 0.7071 0.6727 0.6403 0.6103 0.5831 0.5590 0.5385 0.5220 0.5099 0.5025 0.5000 0.5000 0.5000 0.5000 0.5000 0.5000 0.5000 0.5000 0.5000 0.5000 0.5000 0.5000 0.5000 0.5000 0.5000 0.5000 0.5000 0.5000 0.5000 0.5000 0.5000 0.5000 0.5000 0.5000 0.5000 0.5000 0.5000 0.5000 0.5000 0.5000 0.5000 0.5000 0.5000 0.5000 0.5000 0.5000 0.5000 0.5000 0.5000 0.5000 0.5000 0.5000 0.5000 0.5000 0.5000 0.5000 0.5000 0.5000 0.5000 0.5000 0.5000 0.5000 0.5000 0.5000 0.5000 0.5000 0.5000 0.5000 0.5000 0.5000 0.5000 0.5000 0.5000 0.5000 0.5025 0.5099 0.5220 0.5385 0.5590 0.5831 0.6103 0.6403 0.6727 0.7071 0.7433 0.7106 0.6801 0.6519 0.6265 0.6042 0.5852 0.5701 0.5590 0.5385 0.5220 0.5099 0.5025 0.5000 0.5000 0.5000 0.5000 0.5000 0.5000 0.5000 0.5000 0.5000 0.5000 0.5000 0.5000 0.5000 0.5000 0.5000 0.5000 0.5000 0.5000 0.5000 0.5000 0.5000 0.5000 0.5000 0.5000 0.5000 0.5000 0.5000 0.5000 0.5000 0.5000 0.5000 0.5000 0.5000 0.5000 0.5000 0.5000 0.5000 0.5000 0.5000 0.5000 0.5000 0.5000 0.5000 0.5000 0.5000 0.5000 0.5000 0.5000 0.5025 0.5099 0.5220 0.5385 0.5500 0.5500 0.5500 0.5500 0.5500 0.5500 0.5500 0.5500 0.5500 0.5500 0.5523 0.5590 0.5701 0.5852 0.6042 0.6265 0.6519 0.6801 0.7106 0.7433 0.7778 0.8139 0.8515 0.8902 0.9301 0.9708 1.0124 1.0512 1.0062 0.9618 0.9179 0.8746 0.8322 0.7906 0.7500 0.7106 0.6727 0.6364 0.6021 0.5657 0.5315 0.5000 0.4717 0.4472 0.4272 0.4123 0.4031 0.4000 0.4000 0.4000 0.4000 0.4000 0.4000 0.4000 0.4000 0.4000 0.4000 0.4000 0.4000
0.7616 0.7433 0.7280 0.7159 0.7071 0.7018 0.7000 0.7000 0.7000 0.7000 0.7000 0.7000 0.7000 0.6727 0.6403 0.6103 0.5831 0.5590 0.5385 0.5148 0.4924 0.4743 0.4610 0.4528 0.4500 0.4500 0.4500 0.4528 0.4500 0.4528 0.4528 0.4500 0.4528 0.4610 0.4610 0.4528 0.4500 0.4500 0.4500 0.4500 0.4500 0.4500 0.4500 0.4500 0.4500 0.4500 0.4528 0.4610 0.4743 0.4924 0.5000 0.5000 0.5000 0.5000 0.5000 0.5000 0.5000 0.5000 0.5000 0.5000 0.5000 0.5000 0.5000 0.5000 0.5000 0.5000 0.5000 0.5025 0.5099 0.5220 0.5385 0.5590 0.5831 0.6103 0.6403 0.6727 0.7071 0.7433 0.7810 0.8201 0.8602 0.8944 0.9179 0.9434 0.9708 1.0000 0.9708 0.9301 0.8902 0.8515 0.8139 0.7778 0.7433 0.7106 0.6801 0.6519 0.6265 0.6042 0.5852 0.5701 0.5590 0.5523 0.5500 0.5500 0.5500 0.5500 0.5500 0.5500 0.5500 0.5500 0.5500 0.5500 0.5500 0.5500 0.5500 0.5500 0.5500 0.5500 0.5500 0.5500 0.5500 0.5500 0.5500 0.5500 0.5500 0.5500 0.5500 0.5500 0.5500 0.5500 0.5500 0.5500 0.5500 0.5500 0.5500 0.5500 0.5500 0.5500 0.5500 0.5500 0.5500 0.5500 0.5500 0.5500 0.5500 0.5500 0.5500 0.5500 0.5500 0.5500 0.5500 0.5500 0.5500 0.5500 0.5500 0.5500 0.5500 0.5500 0.5500 0.5500 0.5500 0.5500 0.5500 0.5500 0.5500 0.5500 0.5523 0.5590 0.5701 0.5852 0.6042 0.6265 0.6519 0.6801 0.7106 0.7433 0.7778 0.7500 0.7211 0.6946 0.6708 0.6500 0.6325 0.6185 0.6042 0.5852 0.5701 0.5590 0.5523 0.5500 0.5500 0.5500 0.5500 0.5500 0.5500 0.5500 0.5500 0.5500 0.5500 0.5500 0.5500 0.5500 0.5500 0.5500 0.5500 0.5500 0.5500 0.5500 0.5500 0.5500 0.5500 0.5500 0.5500 0.5500 0.5500 0.5500 0.5500 0.5500 0.5500 0.5500 0.5500 0.5500 0.5500 0.5500 0.5500 0.5500 0.5500 0.5500 0.5500 0.5500 0.5500 0.5500 0.5500 0.5500 0.5500 0.5500 0.5500 0.5523 0.5590 0.5701 0.5852 0.6000 0.6000 0.6000 0.6000 0.6000 0.6000 0.6000 0.6000 0.6000 0.6000 0.6021 0.6083 0.6185 0.6325 0.6500 0.6708 0.6946 0.7211 0.7500 0.7810 0.8139 0.8485 0.8846 0.9220 0.9605 1.0000 1.0404 1.0500 1.0296 0.9862 0.9434 0.9014 0.8602 0.8201 0.7810 0.7433 0.7071 0.6727 0.6364 0.6021 0.5701 0.5408 0.5148 0.4924 0.4743 0.4610 0.4528 0.4500 0.4500 0.4500 0.4500 0.4500 0.4500 0.4500 0.4500 0.4500 0.4500 0.4500 0.4500
0.7159 0.6964 0.6801 0.6671 0.6576 0.6519 0.6500 0.6500 0.6500 0.6500 0.6500 0.6500 0.6500 0.6500 0.6500 0.6500 0.6265 0.6042 0.5831 0.5590 0.5385 0.5220 0.5099 0.5025 0.5000 0.5000 0.5000 0.5025 0.5000 0.5025 0.5025 0.5000 0.5025 0.5099 0.5099 0.5025 0.5000 0.5000 0.5000 0.5000 0.5000 0.5000 0.5000 0.5000 0.5000 0.5000 0.5025 0.5099 0.5220 0.5385 0.5500 0.5500 0.5500 0.5500 0.5500 0.5500 0.5500 0.5500 0.5500 0.5500 0.5500 0.5500 0.5500 0.5500 0.5500 0.5500 0.5500 0.5523 0.5590 0.5701 0.5852 0.6042 0.6265 0.6519 0.6801 0.7106 0.7433 0.7762 0.7906 0.8078 0.8276 0.8500 0.8746 0.9014 0.9301 0.9605 0.9925 0.9605 0.9220 0.8846 0.8485 0.8139 0.7810 0.7500 0.7211 0.6946 0.6708 0.6500 0.6325 0.6185 0.6083 0.6021 0.6000 0.6000 0.6000 0.6000 0.6000 0.6000 0.6000 0.6000 0.6000 0.6000 0.6000 0.6000 0.6000 0.6000 0.6000 0.6000 0.6000 0.6000 0.6000 0.6000 0.6000 0.6000 0.6000 0.6000 0.6000 0.6000 0.6000 0.6000 0.6000 0.6000 0.6000 0.6000 0.6000 0.6000 0.6000 0.6000 0.6000 0.6000 0.6000 0.6000 0.6000 0.6000 0.6000 0.6000 0.6000 0.6000 0.6000 0.6000 0.6000 0.6000 0.6000 0.6000 0.6000 0.6000 0.6000 0.6000 0.6000 0.6000 0.6000 0.6000 0.6000 0.6000 0.6000 0.6000 0.6021 0.6083 0.6185 0.6325 0.6500 0.6708 0.6946 0.7211 0.7500 0.7810 0.8139 0.7906 0.7632 0.7382 0.7159 0.6964 0.6801 0.6671 0.6500 0.6325 0.6185 0.6083 0.6021 0.6000 0.6000 0.6000 0.6000 0.6000 0.6000 0.6000 0.6000 0.6000 0.6000 0.6000 0.6000 0.6000 0.6000 0.6000 0.6000 0.6000 0.6000 0.6000 0.6000 0.6000 0.6000 0.6000 0.6000 0.6000 0.6000 0.6000 0.6000 0.6000 0.6000 0.6000 0.6000 0.6000 0.6000 0.6000 0.6000 0.6000 0.6000 0.6000 0.6000 0.6000 0.6000 0.6000 0.6000 0.6000 0.6000 0.6000 0.6000 0.6021 0.6083 0.6185 0.6325 0.6500 0.6500 0.6500 0.6500 0.6500 0.6500 0.6500 0.6500 0.6500 0.6500 0.6519 0.6576 0.6671 0.6801 0.6964 0.7159 0.7382 0.7632 0.7906 0.8201 0.8515 0.8846 0.9192 0.9552 0.9925 1.0000 1.0000 1.0000 1.0000 1.0000 0.9708 0.9301 0.8902 0.8515 0.8139 0.7778 0.7433 0.7071 0.6727 0.6403 0.6103 0.5831 0.5590 0.5385 0.5220 0.5099 0.5025 0.5000 0.5000 0.5000 0.5000 0.5000 0.5000 0.5000 0.5000 0.5000 0.5000 0.5000 0.5000
0.6671 0.6500 0.6325 0.6185 0.6083 0.6021 0.6000 0.6000 0.6000 0.6000 0.6000 0.6000 0.6000 0.6000 0.6000 0.6000 0.6021 0.6083 0.6185 0.6042 0.5852 0.5701 0.5590 0.5523 0.5500 0.5500 0.5500 0.5523 0.5500 0.5523 0.5523 0.5500 0.5523 0.5590 0.5590 0.5523 0.5500 0.5500 0.5500 0.5500 0.5500 0.5500 0.5500 0.5500 0.5500 0.5500 0.5523 0.5590 0.5701 0.5852 0.6000 0.6000 0.6000 0.6000 0.6000 0.6000 0.6000 0.6000 0.6000 0.6000 0.6000 0.6000 0.6000 0.6000 0.6000 0.6000 0.6000 0.6021 0.6083 0.6185 0.6325 0.6500 0.6576 0.6671 0.6801 0.6964 0.7159 0.7280 0.7433 0.7616 0.7826 0.8062 0.8322 0.8602 0.8902 0.9220 0.9552 0.9899 0.9552 0.9192 0.8846 0.8515 0.8201 0.7906 0.7632 0.7382 0.7159 0.6964 0.6801 0.6671 0.6576 0.6519 0.6500 0.6500 0.6500 0.6500 0.6500 0.6500 0.6500 0.6500 0.6500 0.6500 0.6500 0.6500 0.6500 0.6500 0.6500 0.6500 0.6500 0.6500 0.6500 0.6500 0.6500 0.6500 0.6500 0.6500 0.6500 0.6500 0.6500 0.6500 0.6500 0.6500 0.6500 0.6500 0.6500 0.6500 0.6500 0.6500 0.6500 0.6500 0.6500 0.6500 0.6500 0.6500 0.6500 0.6500 0.6500 0.6500 0.6500 0.6500 0.6500 0.6500 0.6500 0.6500 0.6500 0.6500 0.6500 0.6500 0.6500 0.6500 0.6500 0.6500 0.6500 0.6500 0.6500 0.6500 0.6519 0.6576 0.6671 0.6801 0.6964 0.7159 0.7382 0.7632 0.7906 0.8201 0.8515 0.8322 0.8062 0.7826 0.7616 0.7433 0.7280 0.7159 0.6964 0.6801 0.6671 0.6576 0.6519 0.6500 0.6500 0.6500 0.6500 0.6500 0.6500 0.6500 0.6500 0.6500 0.6500 0.6500 0.6500 0.6500 0.6500 0.6500 0.6500 0.6500 0.6500 0.6500 0.6500 0.6500 0.6500 0.6500 0.6500 0.6500 0.6500 0.6500 0.6500 0.6500 0.6500 0.6500 0.6500 0.6500 0.6500 0.6500 0.6500 0.6500 0.6500 0.6500 0.6500 0.6500 0.6500 0.6500 0.6500 0.6500 0.6500 0.6500 0.6500 0.6519 0.6576 0.6671 0.6801 0.6964 0.7000 0.7000 0.7000 0.7000 0.7000 0.7000 0.7000 0.7000 0.7000 0.7018 0.7071 0.7159 0.7280 0.7433 0.7616 0.7826 0.8062 0.8322 0.8602 0.8902 0.9220 0.9500 0.9500 0.9500 0.9500 0.9500 0.9500 0.9500 0.9500 0.9500 0.9500 0.9220 0.8846 0.8485 0.8139 0.7778 0.7433 0.7106 0.6801 0.6519 0.6265 0.6042 0.5852 0.5701 0.5590 0.5523 0.5500 0.5500 0.5500 0.5500 0.5500 0.5500 0.5500 0.5500 0.5500 0.5500 0.5500 0.5500
0.6185 0.6042 0.5852 0.5701 0.5590 0.5523 0.5500 0.5500 0.5500 0.5500 0.5500 0.5500 0.5500 0.5500 0.5500 0.5500 0.5523 0.5590 0.5701 0.5852 0.6042 0.6185 0.6083 0.6021 0.6000 0.6000 0.6000 0.6021 0.6000 0.6021 0.6021 0.6000 0.6021 0.6083 0.6083 0.6021 0.6000 0.6000 0.6000 0.6000 0.6000 0.6000 0.6000 0.6000 0.6000 0.6000 0.6021 0.6083 0.6185 0.6325 0.6500 0.6500 0.6500 0.6500 0.6500 0.6500 0.6500 0.6500 0.6500 0.6500 0.6500 0.6500 0.6500 0.6500 0.6325 0.6185 0.6083 0.6021 0.6000 0.6000 0.6000 0.6021 0.6083 0.6185 0.6325 0.6500 0.6671 0.6801 0.6964 0.7159 0.7382 0.7632 0.7906 0.8201 0.8515 0.8846 0.9192 0.9552 0.9899 0.9552 0.9220 0.8902 0.8602 0.8322 0.8062 0.7826 0.7616 0.7433 0.7280 0.7159 0.7071 0.7018 0.7000 0.7000 0.7000 0.7000 0.7000 0.7000 0.7000 0.7000 0.7000 0.7000 0.7000 0.7000 0.7000 0.7000 0.7000 0.7000 0.7000 0.7000 0.7000 0.7000 0.7000 0.7000 0.7000 0.7000 0.7000 0.7000 0.7000 0.7000 0.7000 0.7000 0.7000 0.7000 0.7000 0.7000 0.7000 0.7000 0.7000 0.7000 0.7000 0.7000 0.7000 0.7000 0.7000 0.7000 0.7000 0.7000 0.7000 0.7000 0.7000 0.7000 0.7000 0.7000 0.7000 0.7000 0.7000 0.7000 0.7000 0.7000 0.7000 0.7000 0.7000 0.7000 0.7000 0.7000 0.7018 0.7071 0.7159 0.7280 0.7433 0.7616 0.7826 0.8062 0.8322 0.8602 0.8902 0.8746 0.8500 0.8276 0.8078 0.7906 0.7762 0.7616 0.7433 0.7280 0.7159 0.7071 0.7018 0.7000 0.7000 0.7000 0.7000 0.7000 0.7000 0.7000 0.7000 0.7000 0.7000 0.7000 0.7000 0.7000 0.7000 0.7000 0.7000 0.7000 0.7000 0.7000 0.7000 0.7000 0.7000 0.7000 0.7000 0.7000 0.7000 0.7000 0.7000 0.7000 0.7000 0.7000 0.7000 0.7000 0.7000 0.7000 0.7000 0.7000 0.7000 0.7000 0.7000 0.7000 0.7000 0.7000 0.7000 0.7000 0.7000 0.7000 0.7000 0.7018 0.7071 0.7159 0.7280 0.7433 0.7500 0.7500 0.7500 0.7500 0.7500 0.7500 0.7500 0.7500 0.7500 0.7517 0.7566 0.7649 0.7762 0.7906 0.8078 0.8276 0.8500 0.8746 0.9000 0.9000 0.9000 0.9000 0.9000 0.9000 0.9000 0.9000 0.9000 0.9000 0.9000 0.9000 0.9000 0.9000 0.9000 0.8846 0.8485 0.8139 0.7810 0.7500 0.7211 0.6946 0.6708 0.6500 0.6325 0.6185 0.6083 0.6021 0.6000 0.6000 0.6000 0.6000 0.6000 0.6000 0.6000 0.6000 0.6000 0.6000 0.6000 0.6000
0.5701 0.5590 0.5385 0.5220 0.5099 0.5025 0.5000 0.5000 0.5000 0.5000 0.5000 0.5000 0.5000 0.5000 0.5000 0.5000 0.5025 0.5099 0.5220 0.5385 0.5590 0.5831 0.6021 0.6083 0.6185 0.6325 0.6500 0.6519 0.6500 0.6519 0.6519 0.6500 0.6519 0.6576 0.6576 0.6519 0.6500 0.6500 0.6500 0.6500 0.6500 0.6500 0.6500 0.6500 0.6500 0.6500 0.6519 0.6576 0.6671 0.6801 0.6964 0.7000 0.7000 0.7000 0.7000 0.7000 0.7000 0.6946 0.6708 0.6500 0.6325 0.6185 0.6083 0.6021 0.5852 0.5701 0.5590 0.5523 0.5500 0.5500 0.5500 0.5523 0.5590 0.5701 0.5852 0.6042 0.6185 0.6325 0.6500 0.6708 0.6946 0.7211 0.7500 0.7810 0.8139 0.8485 0.8846 0.9220 0.9487 0.9657 0.9605 0.9301 0.9014 0.8746 0.8500 0.8276 0.8078 0.7906 0.7762 0.7649 0.7566 0.7517 0.7500 0.7500 0.7500 0.7500 0.7500 0.7500 0.7500 0.7500 0.7500 0.7500 0.7500 0.7500 0.7500 0.7500 0.7500 0.7500 0.7500 0.7500 0.7500 0.7500 0.7500 0.7500 0.7500 0.7500 0.7500 0.7500 0.7500 0.7500 0.7500 0.7500 0.7500 0.7500 0.7500 0.7500 0.7500 0.7500 0.7500 0.7500 0.7500 0.7500 0.7500 0.7500 0.7500 0.7500 0.7500 0.7500 0.7500 0.7500 0.7500 0.7500 0.7500 0.7500 0.7500 0.7500 0.7500 0.7500 0.7500 0.7500 0.7500 0.7500 0.7500 0.7500 0.7500 0.7500 0.7517 0.7566 0.7649 0.7762 0.7906 0.8078 0.8276 0.8500 0.8500 0.8500 0.8500 0.8500 0.8500 0.8500 0.8500 0.8382 0.8246 0.8078 0.7906 0.7762 0.7649 0.7566 0.7517 0.7500 0.7500 0.7500 0.7500 0.7500 0.7500 0.7500 0.7500 0.7500 0.7500 0.7500 0.7500 0.7500 0.7500 0.7500 0.7500 0.7500 0.7500 0.7500 0.7500 0.7500 0.7500 0.7500 0.7500 0.7500 0.7500 0.7500 0.7500 0.7500 0.7500 0.7500 0.7500 0.7500 0.7500 0.7500 0.7500 0.7500 0.7500 0.7500 0.7500 0.7500 0.7500 0.7500 0.7500 0.7500 0.7500 0.7500 0.7500 0.7517 0.7566 0.7649 0.7762 0.7906 0.8000 0.8000 0.8000 0.8000 0.8000 0.8000 0.8000 0.8000 0.8000 0.8016 0.8062 0.8139 0.8246 0.8382 0.8500 0.8500 0.8500 0.8500 0.8500 0.8500 0.8500 0.8500 0.8500 0.8500 0.8500 0.8500 0.8500 0.8500 0.8500 0.8500 0.8500 0.8500 0.8500 0.8500 0.8500 0.8500 0.8201 0.7906 0.7632 0.7382 0.7159 0.6964 0.6801 0.6671 0.6576 0.6519 0.6500 0.6500 0.6500 0.6500 0.6500 0.6500 0.6500 0.6500 0.6500 0.6500 0.6500 0.6500
0.5220 0.5099 0.4924 0.4743 0.4610 0.4528 0.4500 0.4500 0.4500 0.4500 0.4500 0.4500 0.4500 0.4500 0.4500 0.4500 0.4528 0.4610 0.4743 0.4924 0.5148 0.5385 0.5523 0.5590 0.5701 0.5852 0.6042 0.6265 0.6519 0.6801 0.7018 0.7000 0.7018 0.7071 0.7071 0.7018 0.7000 0.7000 0.7000 0.7000 0.7000 0.7000 0.7000 0.7000 0.7000 0.7000 0.7018 0.7071 0.7159 0.7280 0.7433 0.7500 0.7500 0.7500 0.7433 0.7106 0.6801 0.6519 0.6265 0.6042 0.5852 0.5701 0.5590 0.5523 0.5385 0.5220 0.5099 0.5025 0.5000 0.5000 0.5000 0.5025 0.5099 0.5220 0.5385 0.5590 0.5701 0.5852 0.6042 0.6265 0.6519 0.6801 0.7106 0.7433 0.7778 0.8139 0.8515 0.8860 0.9014 0.9192 0.9394 0.9618 0.9434 0.9179 0.8944 0.8732 0.8544 0.8382 0.8246 0.8139 0.8062 0.8016 0.8000 0.8000 0.8000 0.8000 0.8000 0.8000 0.8000 0.8000 0.8000 0.8000 0.8000 0.8000 0.8000 0.8000 0.8000 0.8000 0.8000 0.8000 0.8000 0.8000 0.8000 0.8000 0.8000 0.8000 0.8000 0.8000 0.8000 0.8000 0.8000 0.8000 0.8000 0.8000 0.8000 0.8000 0.8000 0.8000 0.8000 0.8000 0.8000 0.8000 0.8000 0.8000 0.8000 0.8000 0.8000 0.8000 0.8000 0.8000 0.8000 0.8000 0.8000 0.8000 0.8000 0.8000 0.8000 0.8000 0.8000 0.8000 0.8000 0.8000 0.8000 0.8000 0.8000 0.8000 0.8016 0.8062 0.8139 0.8062 0.8016 0.8000 0.8000 0.8000 0.8000 0.8000 0.8000 0.8000 0.8000 0.8000 0.8000 0.8000 0.8000 0.8016 0.8062 0.8062 0.8016 0.8000 0.8000 0.8000 0.8000 0.8000 0.8000 0.8000 0.8000 0.8000 0.8000 0.8000 0.8000 0.8000 0.8000 0.8000 0.8000 0.8000 0.8000 0.8000 0.8000 0.8000 0.8000 0.8000 0.8000 0.8000 0.8000 0.8000 0.8000 0.8000 0.8000 0.8000 0.8000 0.8000 0.8000 0.8000 0.8000 0.8000 0.8000 0.8000 0.8000 0.8000 0.8000 0.8000 0.8000 0.8000 0.8000 0.8000 0.8000 0.8000 0.8000 0.8000 0.8000 0.8000 0.8000 0.8000 0.8000 0.8000 0.8000 0.8000 0.8000 0.8000 0.8000 0.8000 0.8000 0.8000 0.8000 0.8000 0.8000 0.8000 0.8000 0.8000 0.8000 0.8000 0.8000 0.8000 0.8000 0.8000 0.8000 0.8000 0.8000 0.8000 0.8000 0.8000 0.8000 0.8000 0.8000 0.8000 0.8000 0.8000 0.8000 0.8000 0.8000 0.8000 0.8000 0.7826 0.7616 0.7433 0.7280 0.7159 0.7071 0.7018 0.7000 0.7000 0.7000 0.7000 0.7000 0.7000 0.7000 0.7000 0.7000 0.7000 0.7000 0.7000
0.4743 0.4610 0.4472 0.4272 0.4123 0.4031 0.4000 0.4000 0.4000 0.4000 0.4000 0.4000 0.4000 0.4000 0.4000 0.4000 0.4031 0.4123 0.4272 0.4472 0.4717 0.4924 0.5025 0.5099 0.5220 0.5385 0.5590 0.5831 0.6103 0.6403 0.6727 0.7071 0.7433 0.7566 0.7566 0.7517 0.7500 0.7500 0.7500 0.7500 0.7500 0.7500 0.7500 0.7500 0.7500 0.7500 0.7517 0.7566 0.7649 0.7762 0.7906 0.8000 0.7810 0.7433 0.7071 0.6727 0.6403 0.6103 0.5831 0.5590 0.5385 0.5220 0.5099 0.5025 0.4924 0.4743 0.4610 0.4528 0.4500 0.4500 0.4500 0.4528 0.4610 0.4743 0.4924 0.5099 0.5220 0.5385 0.5590 0.5831 0.6103 0.6403 0.6727 0.7071 0.7433 0.7810 0.8201 0.8382 0.8544 0.8732 0.8944 0.9179 0.9434 0.9618 0.9394 0.9192 0.9014 0.8860 0.8732 0.8631 0.8559 0.8515 0.8500 0.8500 0.8500 0.8500 0.8500 0.8500 0.8500 0.8500 0.8500 0.8500 0.8500 0.8500 0.8276 0.8078 0.7906 0.7762 0.7649 0.7566 0.7517 0.7500 0.7500 0.7500 0.7500 0.7500 0.7500 0.7500 0.7500 0.7500 0.7500 0.7500 0.7500 0.7500 0.7500 0.7500 0.7500 0.7500 0.7500 0.7500 0.7500 0.7500 0.7500 0.7500 0.7500 0.7500 0.7500 0.7500 0.7500 0.7500 0.7500 0.7500 0.7500 0.7500 0.7500 0.7500 0.7500 0.7500 0.7500 0.7500 0.7500 0.7500 0.7517 0.7566 0.7649 0.7762 0.7906 0.7762 0.7649 0.7566 0.7517 0.7500 0.7500 0.7500 0.7500 0.7500 0.7500 0.7500 0.7500 0.7500 0.7500 0.7500 0.7500 0.7517 0.7566 0.7566 0.7517 0.7500 0.7500 0.7500 0.7500 0.7500 0.7500 0.7500 0.7500 0.7500 0.7500 0.7500 0.7500 0.7500 0.7500 0.7500 0.7500 0.7500 0.7500 0.7500 0.7500 0.7500 0.7500 0.7500 0.7500 0.7517 0.7566 0.7517 0.7500 0.7500 0.7500 0.7500 0.7500 0.7500 0.7500 0.7500 0.7500 0.7517 0.7500 0.7500 0.7500 0.7500 0.7500 0.7500 0.7500 0.7500 0.7500 0.7500 0.7500 0.7500 0.7500 0.7500 0.7500 0.7500 0.7500 0.7500 0.7500 0.7500 0.7500 0.7500 0.7500 0.7500 0.7500 0.7500 0.7500 0.7500 0.7500 0.7500 0.7500 0.7500 0.7500 0.7500 0.7500 0.7500 0.7500 0.7500 0.7500 0.7500 0.7500 0.7500 0.7500 0.7500 0.7500 0.7500 0.7500 0.7500 0.7500 0.7500 0.7500 0.7500 0.7500 0.7500 0.7500 0.7500 0.7500 0.7500 0.7500 0.7500 0.7500 0.7500 0.7500 0.7500 0.7500 0.7500 0.7500 0.7500 0.7500 0.7500 0.7500 0.7500 0.7500 0.7500 0.7500 0.7500
0.4272 0.4123 0.4031 0.3808 0.3640 0.3536 0.3500 0.3500 0.3500 0.3500 0.3500 0.3500 0.3500 0.3500 0.3500 0.3500 0.3536 0.3640 0.3808 0.4031 0.4272 0.4472 0.4528 0.4610 0.4743 0.4924 0.5148 0.5408 0.5701 0.6021 0.6364 0.6727 0.7106 0.7500 0.7906 0.8016 0.8000 0.8000 0.8000 0.8000 0.8000 0.8000 0.8000 0.8000 0.8000 0.8000 0.8016 0.8062 0.8139 0.8246 0.8322 0.7906 0.7500 0.7106 0.6727 0.6364 0.6021 0.5701 0.5408 0.5148 0.4924 0.4743 0.4610 0.4528 0.4472 0.4272 0.4123 0.4031 0.4000 0.4000 0.4000 0.4031 0.4123 0.4272 0.4472 0.4610 0.4743 0.4924 0.5148 0.5408 0.5701 0.6021 0.6364 0.6727 0.7106 0.7500 0.7762 0.7906 0.8078 0.8276 0.8500 0.8746 0.9014 0.9301 0.9605 0.9657 0.9487 0.9341 0.9220 0.9124 0.9055 0.9014 0.9000 0.9000 0.9000 0.9000 0.9000 0.9000 0.9000 0.9000 0.8746 0.8500 0.8276 0.8062 0.7826 0.7616 0.7433 0.7280 0.7159 0.7071 0.7018 0.7000 0.7000 0.7000 0.7000 0.7000 0.7000 0.7000 0.7000 0.7000 0.7000 0.7000 0.7000 0.7000 0.7000 0.7000 0.7000 0.7000 0.7000 0.7000 0.7000 0.7000 0.7000 0.7000 0.7000 0.7000 0.7000 0.7000 0.7000 0.7000 0.7000 0.7000 0.7000 0.7000 0.7000 0.7000 0.7000 0.7000 0.7000 0.7000 0.7000 0.7000 0.7018 0.7071 0.7159 0.7280 0.7433 0.7280 0.7159 0.7071 0.7018 0.7000 0.7000 0.7000 0.7000 0.7000 0.7000 0.7000 0.7000 0.7000 0.7000 0.7000 0.7000 0.7018 0.7071 0.7071 0.7018 0.7000 0.7000 0.7000 0.7000 0.7000 0.7000 0.7000 0.7000 0.7000 0.7000 0.7000 0.7000 0.7000 0.7000 0.7000 0.7000 0.7000 0.7000 0.7000 0.7000 0.7000 0.7000 0.7000 0.7000 0.7018 0.7071 0.7018 0.7000 0.7000 0.7000 0.7000 0.7000 0.7000 0.7000 0.7000 0.7000 0.7018 0.7000 0.7000 0.7000 0.7000 0.7000 0.7000 0.7000 0.7000 0.7000 0.7000 0.7000 0.7000 0.7000 0.7000 0.7000 0.7000 0.7000 0.7000 0.7000 0.7000 0.7000 0.7000 0.7000 0.7000 0.7000 0.7000 0.7000 0.7000 0.7000 0.7000 0.7000 0.7000 0.7000 0.7000 0.7000 0.7000 0.7000 0.7000 0.7000 0.7000 0.7000 0.7000 0.7000 0.7000 0.7000 0.7000 0.7000 0.7000 0.7000 0.7000 0.7000 0.7000 0.7000 0.7000 0.7000 0.7000 0.7000 0.7000 0.7000 0.7000 0.7000 0.7000 0.7000 0.7000 0.7000 0.7000 0.7000 0.7000 0.7000 0.7000 0.7000 0.7000 0.7000 0.7000 0.7000 0.7000
0.3808 0.3640 0.3536 0.3354 0.3162 0.3041 0.3000 0.3000 0.3000 0.3000 0.3000 0.3000 0.3000 0.3000 0.3000 0.3000 0.3041 0.3162 0.3354 0.3606 0.3808 0.4000 0.4031 0.4123 0.4272 0.4472 0.4717 0.5000 0.5315 0.5657 0.6021 0.6403 0.6801 0.7211 0.7632 0.8062 0.8500 0.8500 0.8500 0.8500 0.8500 0.8500 0.8500 0.8500 0.8500 0.8500 0.8515 0.8559 0.8631 0.8500 0.8062 0.7632 0.7211 0.6801 0.6403 0.6021 0.5657 0.5315 0.5000 0.4717 0.4472 0.4272 0.4123 0.4031 0.4000 0.3808 0.3640 0.3536 0.3500 0.3500 0.3500 0.3536 0.3640 0.3808 0.4031 0.4123 0.4272 0.4472 0.4717 0.5000 0.5315 0.5657 0.6021 0.6403 0.6801 0.7159 0.7280 0.7433 0.7616 0.7826 0.8062 0.8322 0.8602 0.8902 0.9220 0.9552 0.9899 0.9823 0.9708 0.9618 0.9552 0.9513 0.9500 0.9500 0.9500 0.9500 0.9500 0.9220 0.8902 0.8602 0.8322 0.8062 0.7826 0.7616 0.7382 0.7159 0.6964 0.6801 0.6671 0.6576 0.6519 0.6500 0.6500 0.6500 0.6500 0.6500 0.6500 0.6500 0.6500 0.6500 0.6500 0.6500 0.6500 0.6500 0.6500 0.6500 0.6500 0.6500 0.6500 0.6500 0.6500 0.6500 0.6500 0.6500 0.6500 0.6500 0.6500 0.6500 0.6500 0.6500 0.6500 0.6500 0.6500 0.6500 0.6500 0.6500 0.6500 0.6500 0.6500 0.6500 0.6500 0.6500 0.6519 0.6576 0.6671 0.6801 0.6964 0.6801 0.6671 0.6576 0.6519 0.6500 0.6500 0.6500 0.6500 0.6500 0.6500 0.6500 0.6500 0.6500 0.6500 0.6500 0.6500 0.6519 0.6576 0.6576 0.6519 0.6500 0.6500 0.6500 0.6500 0.6500 0.6500 0.6500 0.6500 0.6500 0.6500 0.6500 0.6500 0.6500 0.6500 0.6500 0.6500 0.6500 0.6500 0.6500 0.6500 0.6500 0.6500 0.6500 0.6500 0.6519 0.6576 0.6519 0.6500 0.6500 0.6500 0.6500 0.6500 0.6500 0.6500 0.6500 0.6500 0.6519 0.6500 0.6500 0.6500 0.6500 0.6500 0.6500 0.6500 0.6500 0.6500 0.6500 0.6500 0.6500 0.6500 0.6500 0.6500 0.6500 0.6500 0.6500 0.6500 0.6500 0.6500 0.6500 0.6500 0.6500 0.6500 0.6500 0.6500 0.6500 0.6500 0.6500 0.6500 0.6500 0.6500 0.6500 0.6500 0.6500 0.6500 0.6500 0.6500 0.6500 0.6500 0.6500 0.6500 0.6500 0.6500 0.6500 0.6500 0.6500 0.6500 0.6500 0.6500 0.6500 0.6500 0.6500 0.6500 0.6500 0.6500 0.6500 0.6500 0.6500 0.6500 0.6500 0.6500 0.6500 0.6500 0.6500 0.6500 0.6500 0.6500 0.6500 0.6500 0.6500 0.6500 0.6500 0.6500 0.6500
0.3354 0.3162 0.3041 0.2915 0.2693 0.2550 0.2500 0.2500 0.2500 0.2500 0.2500 0.2500 0.2500 0.2500 0.2500 0.2500 0.2550 0.2693 0.2915 0.3162 0.3354 0.3500 0.3536 0.3640 0.3808 0.4031 0.4301 0.4610 0.4950 0.5315 0.5701 0.6103 0.6519 0.6946 0.7382 0.7826 0.8276 0.8732 0.9000 0.9000 0.9000 0.9000 0.9000 0.9000 0.9000 0.9000 0.9014 0.9055 0.8732 0.8276 0.7826 0.7382 0.6946 0.6519 0.6103 0.5701 0.5315 0.4950 0.4610 0.4301 0.4031 0.3808 0.3640 0.3536 0.3500 0.3354 0.3162 0.3041 0.3000 0.3000 0.3000 0.3041 0.3162 0.3354 0.3536 0.3640 0.3808 0.4031 0.4301 0.4610 0.4950 0.5315 0.5701 0.6103 0.6519 0.6671 0.6801 0.6964 0.7159 0.7382 0.7632 0.7906 0.8201 0.8515 0.8846 0.9192 0.9552 0.9925 1.0198 1.0112 1.0050 1.0012 1.0000 1.0000 0.9925 0.9552 0.9192 0.8846 0.8515 0.8201 0.7906 0.7632 0.7382 0.7159 0.6946 0.6708 0.6500 0.6325 0.6185 0.6083 0.6021 0.6000 0.6000 0.6000 0.6000 0.6000 0.6000 0.6000 0.6000 0.6000 0.6000 0.6000 0.6000 0.6000 0.6000 0.6000 0.6000 0.6000 0.6000 0.6000 0.6000 0.6000 0.6000 0.6000 0.6000 0.6000 0.6000 0.6000 0.6000 0.6000 0.6000 0.6000 0.6000 0.6000 0.6000 0.6000 0.6000 0.6000 0.6000 0.6000 0.6000 0.6000 0.6021 0.6083 0.6185 0.6325 0.6500 0.6325 0.6185 0.6083 0.6021 0.6000 0.6000 0.6000 0.6000 0.6000 0.6000 0.6000 0.6000 0.6000 0.6000 0.6000 0.6000 0.6021 0.6083 0.6083 0.6021 0.6000 0.6000 0.6000 0.6000 0.6000 0.6000 0.6000 0.6000 0.6000 0.6000 0.6000 0.6000 0.6000 0.6000 0.6000 0.6000 0.6000 0.6000 0.6000 0.6000 0.6000 0.6000 0.6000 0.6000 0.6021 0.6083 0.6021 0.6000 0.6000 0.6000 0.6000 0.6000 0.6000 0.6000 0.6000 0.6000 0.6021 0.6000 0.6000 0.6000 0.6000 0.6000 0.6000 0.6000 0.6000 0.6000 0.6000 0.6000 0.6000 0.6000 0.6000 0.6000 0.6000 0.6000 0.6000 0.6000 0.6000 0.6000 0.6000 0.6000 0.6000 0.6000 0.6000 0.6000 0.6000 0.6000 0.6000 0.6000 0.6000 0.6000 0.6000 0.6000 0.6000 0.6000 0.6000 0.6000 0.6000 0.6000 0.6000 0.6000 0.6000 0.6000 0.6000 0.6000 0.6000 0.6000 0.6000 0.6000 0.6000 0.6000 0.6000 0.6000 0.6000 0.6000 0.6000 0.6000 0.6000 0.6000 0.6000 0.6000 0.6000 0.6000 0.6000 0.6000 0.6000 0.6000 0.6000 0.6000 0.6000 0.6000 0.6000 0.6000 0.6000
0.2915 0.2693 0.2550 0.2500 0.2236 0.2062 0.2000 0.2000 0.2000 0.2000 0.2000 0.2000 0.2000 0.2000 0.2000 0.2000 0.2062 0.2236 0.2500 0.2693 0.2915 0.3000 0.3041 0.3162 0.3354 0.3606 0.3905 0.4243 0.4610 0.5000 0.5408 0.5831 0.6265 0.6708 0.7159 0.7616 0.8078 0.8544 0.9014 0.9487 0.9500 0.9500 0.9500 0.9500 0.9500 0.9500 0.9487 0.9014 0.8544 0.8078 0.7616 0.7159 0.6708 0.6265 0.5831 0.5408 0.5000 0.4610 0.4243 0.3905 0.3606 0.3354 0.3162 0.3041 0.3000 0.2915 0.2693 0.2550 0.2500 0.2500 0.2500 0.2550 0.2693 0.2915 0.3041 0.3162 0.3354 0.3606 0.3905 0.4243 0.4610 0.5000 0.5408 0.5831 0.6083 0.6185 0.6325 0.6500 0.6708 0.6946 0.7211 0.7500 0.7810 0.8139 0.8485 0.8846 0.9220 0.9605 1.0000 1.0404 1.0548 1.0512 1.0404 1.0000 0.9605 0.9220 0.8846 0.8485 0.8139 0.7810 0.7500 0.7211 0.6946 0.6708 0.6500 0.6265 0.6042 0.5852 0.5701 0.5590 0.5523 0.5500 0.5500 0.5500 0.5500 0.5500 0.5500 0.5500 0.5500 0.5500 0.5500 0.5500 0.5500 0.5500 0.5500 0.5500 0.5500 0.5500 0.5500 0.5500 0.5500 0.5500 0.5500 0.5500 0.5500 0.5500 0.5500 0.5500 0.5500 0.5500 0.5500 0.5500 0.5500 0.5500 0.5500 0.5500 0.5500 0.5500 0.5500 0.5500 0.5500 0.5500 0.5523 0.5590 0.5701 0.5852 0.6000 0.5852 0.5701 0.5590 0.5523 0.5500 0.5500 0.5500 0.5500 0.5500 0.5500 0.5500 0.5500 0.5500 0.5500 0.5500 0.5500 0.5523 0.5590 0.5590 0.5523 0.5500 0.5500 0.5500 0.5500 0.5500 0.5500 0.5500 0.5500 0.5500 0.5500 0.5500 0.5500 0.5500 0.5500 0.5500 0.5500 0.5500 0.5500 0.5500 0.5500 0.5500 0.5500 0.5500 0.5500 0.5523 0.5590 0.5523 0.5500 0.5500 0.5500 0.5500 0.5500 0.5500 0.5500 0.5500 0.5500 0.5523 0.5500 0.5500 0.5500 0.5500 0.5500 0.5500 0.5500 0.5500 0.5500 0.5500 0.5500 0.5500 0.5500 0.5500 0.5500 0.5500 0.5500 0.5500 0.5500 0.5500 0.5500 0.5500 0.5500 0.5500 0.5500 0.5500 0.5500 0.5500 0.5500 0.5500 0.5500 0.5500 0.5500 0.5500 0.5500 0.5500 0.5500 0.5500 0.5500 0.5500 0.5500 0.5500 0.5500 0.5500 0.5500 0.5500 0.5500 0.5500 0.5500 0.5500 0.5500 0.5500 0.5500 0.5500 0.5500 0.5500 0.5500 0.5500 0.5500 0.5500 0.5500 0.5500 0.5500 0.5500 0.5500 0.5500 0.5500 0.5500 0.5500 0.5500 0.5500 0.5500 0.5500 0.5500 0.5500 0.5500
0.2500 0.2236 0.2062 0.2000 0.1803 0.1581 0.1500 0.1500 0.1500 0.1500 0.1500 0.1500 0.1500 0.1500 0.1500 0.1500 0.1581 0.1803 0.2062 0.2236 0.2500 0.2500 0.2550 0.2693 0.2915 0.3202 0.3536 0.3905 0.4301 0.4717 0.5148 0.5590 0.6042 0.6500 0.6964 0.7433 0.7906 0.8382 0.8860 0.9341 0.9823 1.0000 1.0000 1.0000 1.0000 0.9823 0.9341 0.8860 0.8382 0.7906 0.7433 0.6964 0.6500 0.6042 0.5590 0.5148 0.4717 0.4301 0.3905 0.3536 0.3202 0.2915 0.2693 0.2550 0.2500 0.2500 0.2236 0.2062 0.2000 0.2000 0.2000 0.2062 0.2236 0.2500 0.2550 0.2693 0.2915 0.3202 0.3536 0.3905 0.4301 0.4717 0.5148 0.5523 0.5590 0.5701 0.5852 0.6042 0.6265 0.6519 0.6801 0.7106 0.7433 0.7778 0.8139 0.8515 0.8902 0.9301 0.9708 1.0124 1.0548 1.0548 1.0124 0.9708 0.9301 0.8902 0.8515 0.8139 0.7778 0.7433 0.7106 0.6801 0.6519 0.6265 0.6042 0.5831 0.5590 0.5385 0.5220 0.5099 0.5025 0.5000 0.5000 0.5000 0.5000 0.5000 0.5000 0.5000 0.5000 0.5000 0.5000 0.5000 0.5000 0.5000 0.5000 0.5000 0.5000 0.5000 0.5000 0.5000 0.5000 0.5000 0.5000 0.5000 0.5000 0.5000 0.5000 0.5000 0.5000 0.5000 0.5000 0.5000 0.5000 0.5000 0.5000 0.5000 0.5000 0.5000 0.5000 0.5000 0.5000 0.5000 0.5025 0.5099 0.5220 0.5385 0.5500 0.5385 0.5220 0.5099 0.5025 0.5000 0.5000 0.5000 0.5000 0.5000 0.5000 0.5000 0.5000 0.5000 0.5000 0.5000 0.5000 0.5025 0.5099 0.5099 0.5025 0.5000 0.5000 0.5000 0.5000 0.5000 0.5000 0.5000 0.5000 0.5000 0.5000 0.5000 0.5000 0.5000 0.5000 0.5000 0.5000 0.5000 0.5000 0.5000 0.5000 0.5000 0.5000 0.5000 0.5000 0.5025 0.5099 0.5025 0.5000 0.5000 0.5000 0.5000 0.5000 0.5000 0.5000 0.5000 0.5000 0.5025 0.5000 0.5000 0.5000 0.5000 0.5000 0.5000 0.5000 0.5000 0.5000 0.5000 0.5000 0.5000 0.5000 0.5000 0.5000 0.5000 0.5000 0.5000 0.5000 0.5000 0.5000 0.5000 0.5000 0.5000 0.5000 0.5000 0.5000 0.5000 0.5000 0.5000 0.5000 0.5000 0.5000 0.5000 0.5000 0.5000 0.5000 0.5000 0.5000 0.5000 0.5000 0.5000 0.5000 0.5000 0.5000 0.5000 0.5000 0.5000 0.5000 0.5000 0.5000 0.5000 0.5000 0.5000 0.5000 0.5000 0.5000 0.5000 0.5000 0.5000 0.5000 0.5000 0.5000 0.5000 0.5000 0.5000 0.5000 0.5000 0.5000 0.5000 0.5000 0.5000 0.5000 0.5000 0.5000 0.5000
0.2121 0.1803 0.1581 0.1500 0.1414 0.1118 0.1000 0.1000 0.1000 0.1000 0.1000 0.1000 0.1000 0.1000 0.1000 0.1000 0.1118 0.1414 0.1581 0.1803 0.2000 0.2000 0.2062 0.2236 0.2500 0.2828 0.3202 0.3606 0.4031 0.4472 0.4924 0.5385 0.5852 0.6325 0.6801 0.7280 0.7762 0.8246 0.8732 0.9220 0.9708 1.0198 1.0500 1.0500 1.0198 0.9708 0.9220 0.8732 0.8246 0.7762 0.7280 0.6801 0.6325 0.5852 0.5385 0.4924 0.4472 0.4031 0.3606 0.3202 0.2828 0.2500 0.2236 0.2062 0.2000 0.2000 0.1803 0.1581 0.1500 0.1500 0.1500 0.1581 0.1803 0.2000 0.2062 0.2236 0.2500 0.2828 0.3202 0.3606 0.4031 0.4472 0.4924 0.5025 0.5099 0.5220 0.5385 0.5590 0.5831 0.6103 0.6403 0.6727 0.7071 0.7433 0.7810 0.8201 0.8602 0.9014 0.9434 0.9862 1.0296 1.0296 0.9862 0.9434 0.9014 0.8602 0.8201 0.7810 0.7433 0.7071 0.6727 0.6403 0.6103 0.5831 0.5590 0.5385 0.5148 0.4924 0.4743 0.4610 0.4528 0.4500 0.4500 0.4500 0.4500 0.4500 0.4500 0.4500 0.4500 0.4500 0.4500 0.4500 0.4500 0.4500 0.4500 0.4500 0.4500 0.4500 0.4500 0.4500 0.4500 0.4500 0.4500 0.4500 0.4500 0.4500 0.4500 0.4500 0.4500 0.4500 0.4500 0.4500 0.4500 0.4500 0.4500 0.4500 0.4500 0.4500 0.4500 0.4500 0.4500 0.4500 0.4528 0.4610 0.4743 0.4924 0.5000 0.4924 0.4743 0.4610 0.4528 0.4500 0.4500 0.4500 0.4500 0.4500 0.4500 0.4500 0.4500 0.4500 0.4500 0.4500 0.4500 0.4528 0.4610 0.4610 0.4528 0.4500 0.4500 0.4500 0.4500 0.4500 0.4500 0.4500 0.4500 0.4500 0.4500 0.4500 0.4500 0.4500 0.4500 0.4500 0.4500 0.4500 0.4500 0.4500 0.4500 0.4500 0.4500 0.4500 0.4500 0.4528 0.4610 0.4528 0.4500 0.4500 0.4500 0.4500 0.4500 0.4500 0.4500 0.4500 0.4500 0.4528 0.4500 0.4500 0.4500 0.4500 0.4500 0.4500 0.4500 0.4500 0.4500 0.4500 0.4500 0.4500 0.4500 0.4500 0.4500 0.4500 0.4500 0.4500 0.4500 0.4500 0.4500 0.4500 0.4500 0.4500 0.4500 0.4500 0.4500 0.4500 0.4500 0.4500 0.4500 0.4500 0.4500 0.4500 0.4500 0.4500 0.4500 0.4500 0.4500 0.4500 0.4500 0.4500 0.4500 0.4500 0.4500 0.4500 0.4500 0.4500 0.4500 0.4500 0.4500 0.4500 0.4500 0.4500 0.4500 0.4500 0.4500 0.4500 0.4500 0.4500 0.4500 0.4500 0.4500 0.4500 0.4500 0.4500 0.4500 0.4500 0.4500 0.4500 0.4500 0.4500 0.4500 0.4500 0.4500 0.4500
0.1803 0.1414 0.1118 0.1000 0.1000 0.0707 0.0500 0.0500 0.0500 0.0500 0.0500 0.0500 0.0500 0.0500 0.0500 0.0500 0.0707 0.1000 0.1118 0.1414 0.1500 0.1500 0.1581 0.1803 0.2121 0.2500 0.2915 0.3354 0.3808 0.4272 0.4743 0.5220 0.5701 0.6185 0.6671 0.7159 0.7649 0.8139 0.8631 0.9124 0.9618 1.0112 1.0607 1.0595 1.0112 0.9618 0.9124 0.8631 0.8139 0.7649 0.7159 0.6671 0.6185 0.5701 0.5220 0.4743 0.4272 0.3808 0.3354 0.2915 0.2500 0.2121 0.1803 0.1581 0.1500 0.1500 0.1414 0.1118 0.1000 0.1000 0.1000 0.1118 0.1414 0.1500 0.1581 0.1803 0.2121 0.2500 0.2915 0.3354 0.3808 0.4272 0.4500 0.4528 0.4610 0.4743 0.4924 0.5148 0.5408 0.5701 0.6021 0.6364 0.6727 0.7106 0.7500 0.7906 0.8322 0.8746 0.9179 0.9618 1.0062 1.0062 0.9618 0.9179 0.8746 0.8322 0.7906 0.7500 0.7106 0.6727 0.6364 0.6021 0.5701 0.5408 0.5148 0.4924 0.4717 0.4472 0.4272 0.4123 0.4031 0.4000 0.4000 0.4000 0.4000 0.4000 0.4000 0.4000 0.4000 0.4000 0.4000 0.4000 0.4000 0.4000 0.4000 0.4000 0.4000 0.4000 0.4000 0.4000 0.4000 0.4000 0.4000 0.4000 0.4000 0.4000 0.4000 0.4000 0.4000 0.4000 0.4000 0.4000 0.4000 0.4000 0.4000 0.4000 0.4000 0.4000 0.4000 0.4000 0.4000 0.4000 0.4031 0.4123 0.4272 0.4472 0.4500 0.4472 0.4272 0.4123 0.4031 0.4000 0.4000 0.4000 0.4000 0.4000 0.4000 0.4000 0.4000 0.4000 0.4000 0.4000 0.4000 0.4031 0.4123 0.4123 0.4031 0.4000 0.4000 0.4000 0.4000 0.4000 0.4000 0.4000 0.4000 0.4000 0.4000 0.4000 0.4000 0.4000 0.4000 0.4000 0.4000 0.4000 0.4000 0.4000 0.4000 0.4000 0.4000 0.4000 0.4000 0.4031 0.4123 0.4031 0.4000 0.4000 0.4000 0.4000 0.4000 0.4000 0.4000 0.4000 0.4000 0.4031 0.4000 0.4000 0.4000 0.4000 0.4000 0.4000 0.4000 0.4000 0.4000 0.4000 0.4000 0.4000 0.4000 0.4000 0.4000 0.4000 0.4000 0.4000 0.4000 0.4000 0.4000 0.4000 0.4000 0.4000 0.4000 0.4000 0.4000 0.4000 0.4000 0.4000 0.4000 0.4000 0.4000 0.4000 0.4000 0.4000 0.4000 0.4000 0.4000 0.4000 0.4000 0.4000 0.4000 0.4000 0.4000 0.4000 0.4000 0.4000 0.4000 0.4000 0.4000 0.4000 0.4000 0.4000 0.4000 0.4000 0.4000 0.4000 0.4000 0.4000 0.4000 0.4000 0.4000 0.4000 0.4000 0.4000 0.4000 0.4000 0.4000 0.4000 0.4000 0.4000 0.4000 0.4000 0.4000 0.4000
0.1581 0.1118 0.0707 0.0500 0.0500 0.0500 -0.0500 -0.0500 -0.0500 -0.0500 -0.0500 -0.0500 -0.0500 -0.0500 -0.0500 -0.0500 0.0500 0.0500 0.0707 0.1000 0.1000 0.1000 0.1118 0.1414 0.1803 0.2236 0.2693 0.3162 0.3640 0.4123 0.4610 0.5099 0.5590 0.6083 0.6576 0.7071 0.7566 0.8062 0.8559 0.9055 0.9552 1.0050 1.0548 1.0440 0.9962 0.9487 0.9014 0.8544 0.8062 0.7566 0.7071 0.6576 0.6083 0.5590 0.5099 0.4610 0.4123 0.3640 0.3162 0.2693 0.2236 0.1803 0.1414 0.1118 0.1000 0.1000 0.1000 0.0707 0.0500 0.0500 0.0500 0.0707 0.1000 0.1000 0.1118 0.1414 0.1803 0.2236 0.2693 0.3162 0.3640 0.4000 0.4000 0.4031 0.4123 0.4272 0.4472 0.4717 0.5000 0.5315 0.5657 0.6021 0.6403 0.6801 0.7211 0.7632 0.8062 0.8500 0.8944 0.9394 0.9849 0.9849 0.9394 0.8944 0.8500 0.8062 0.7632 0.7211 0.6801 0.6403 0.6021 0.5657 0.5315 0.5000 0.4717 0.4472 0.4272 0.4031 0.3808 0.3640 0.3536 0.3500 0.3500 0.3500 0.3500 0.3500 0.3500 0.3500 0.3500 0.3500 0.3500 0.3500 0.3500 0.3500 0.3500 0.3500 0.3500 0.3500 0.3500 0.3500 0.3500 0.3500 0.3500 0.3500 0.3500 0.3500 0.3500 0.3500 0.3500 0.3500 0.3500 0.3500 0.3500 0.3500 0.3500 0.3500 0.3500 0.3500 0.3500 0.3500 0.3500 0.3500 0.3536 0.3640 0.3808 0.4000 0.4000 0.4000 0.3808 0.3640 0.3536 0.3500 0.3500 0.3500 0.3500 0.3500 0.3500 0.3500 0.3500 0.3500 0.3500 0.3500 0.3500 0.3536 0.3640 0.3640 0.3536 0.3500 0.3500 0.3500 0.3500 0.3500 0.3500 0.3500 0.3500 0.3500 0.3500 0.3500 0.3500 0.3500 0.3500 0.3500 0.3500 0.3500 0.3500 0.3500 0.3500 0.3500 0.3500 0.3500 0.3500 0.3536 0.3640 0.3536 0.3500 0.3500 0.3500 0.3500 0.3500 0.3500 0.3500 0.3500 0.3500 0.3536 0.3500 0.3500 0.3500 0.3500 0.3500 0.3500 0.3500 0.3500 0.3500 0.3500 0.3500 0.3500 0.3500 0.3500 0.3500 0.3500 0.3500 0.3500 0.3500 0.3500 0.3500 0.3500 0.3500 0.3500 0.3500 0.3500 0.3500 0.3500 0.3500 0.3500 0.3500 0.3500 0.3500 0.3500 0.3500 0.3500 0.3500 0.3500 0.3500 0.3500 0.3500 0.3500 0.3500 0.3500 0.3500 0.3500 0.3500 0.3500 0.3500 0.3500 0.3500 0.3500 0.3500 0.3500 0.3500 0.3500 0.3500 0.3500 0.3500 0.3500 0.3500 0.3500 0.3500 0.3500 0.3500 0.3500 0.3500 0.3500 0.3500 0.3500 0.3500 0.3500 0.3500 0.3500 0.3500 0.3500
0.1500 0.1000 0.0500 -0.0500 -0.0500 -0.0500 -0.0707 -0.1000 -0.1000 -0.1000 -0.1000 -0.1000 -0.1000 -0.1000 -0.1000 -0.0707 -0.0500 -0.0500 0.0500 0.0500 0.0500 0.0500 0.0707 0.1118 0.1581 0.2062 0.2550 0.3041 0.3536 0.4031 0.4528 0.5025 0.5523 0.6021 0.6519 0.7018 0.7517 0.8016 0.8515 0.9014 0.9513 1.0012 1.0512 1.0308 0.9823 0.9341 0.8860 0.8382 0.7906 0.7433 0.6964 0.6500 0.6021 0.5523 0.5025 0.4528 0.4031 0.3536 0.3041 0.2550 0.2062 0.1581 0.1118 0.0707 0.0500 0.0500 0.0500 0.0500 -0.0500 -0.0500 -0.0500 0.0500 0.0500 0.0500 0.0707 0.1118 0.1581 0.2062 0.2550 0.3041 0.3500 0.3500 0.3500 0.3536 0.3640 0.3808 0.4031 0.4301 0.4610 0.4950 0.5315 0.5701 0.6103 0.6519 0.6946 0.7382 0.7826 0.8276 0.8732 0.9192 0.9657 0.9657 0.9192 0.8732 0.8276 0.7826 0.7382 0.6946 0.6519 0.6103 0.5701 0.5315 0.4950 0.4610 0.4301 0.4031 0.3808 0.3606 0.3354 0.3162 0.3041 0.3000 0.3000 0.3000 0.3000 0.3000 0.3000 0.3000 0.3000 0.3000 0.3000 0.3000 0.3000 0.3000 0.3000 0.3000 0.3000 0.3000 0.3000 0.3000 0.3000 0.3000 0.3000 0.3000 0.3000 0.3000 0.3000 0.3000 0.3000 0.3000 0.3000 0.3000 0.3000 0.3000 0.3000 0.3000 0.3000 0.3000 0.3000 0.3000 0.3000 0.3000 0.3041 0.3162 0.3354 0.3500 0.3500 0.3500 0.3354 0.3162 0.3041 0.3000 0.3000 0.3000 0.3000 0.3000 0.3000 0.3000 0.3000 0.3000 0.3000 0.3000 0.3000 0.3041 0.3162 0.3162 0.3041 0.3000 0.3000 0.3000 0.3000 0.3000 0.3000 0.3000 0.3000 0.3000 0.3000 0.3000 0.3000 0.3000 0.3000 0.3000 0.3000 0.3000 0.3000 0.3000 0.3000 0.3000 0.3000 0.3000 0.3000 0.3041 0.3162 0.3041 0.3000 0.3000 0.3000 0.3000 0.3000 0.3000 0.3000 0.3000 0.3000 0.3041 0.3000 0.3000 0.3000 0.3000 0.3000 0.3000 0.3000 0.3000 0.3000 0.3000 0.3000 0.3000 0.3000 0.3000 0.3000 0.3000 0.3000 0.3000 0.3000 0.3000 0.3000 0.3000 0.3000 0.3000 0.3000 0.3000 0.3000 0.3000 0.3000 0.3000 0.3000 0.3000 0.3000 0.3000 0.3000 0.3000 0.3000 0.3000 0.3000 0.3000 0.3000 0.3000 0.3000 0.3000 0.3000 0.3000 0.3000 0.3000 0.3000 0.3000 0.3000 0.3000 0.3000 0.3000 0.3000 0.3000 0.3000 0.3000 0.3000 0.3000 0.3000 0.3000 0.3000 0.3000 0.3000 0.3000 0.3000 0.3000 0.3000 0.3000 0.3000 0.3000 0.3000 0.3000 0.3000 0.3000
0.1581 0.1118 0.0707 0.0500 -0.0500 -0.1000 -0.1118 -0.1414 -0.1500 -0.1500 -0.1500 -0.1500 -0.1500 -0.1500 -0.1414 -0.1118 -0.1000 -0.0707 -0.0500 -0.0500 -0.0500 -0.0500 0.0500 0.1000 0.1500 0.2000 0.2500 0.3000 0.3500 0.4000 0.4500 0.5000 0.5500 0.6000 0.6500 0.7000 0.7500 0.8000 0.8500 0.9000 0.9500 1.0000 1.0500 1.0198 0.9708 0.9220 0.8732 0.8246 0.7762 0.7280 0.6801 0.6325 0.5852 0.5385 0.4924 0.4472 0.4000 0.3500 0.3000 0.2500 0.2000 0.1500 0.1000 0.0500 -0.0500 -0.0500 -0.0500 -0.0500 -0.0707 -0.1000 -0.0707 -0.0500 -0.0500 -0.0500 0.0500 0.1000 0.1500 0.2000 0.2500 0.3000 0.3000 0.3000 0.3000 0.3041 0.3162 0.3354 0.3606 0.3905 0.4243 0.4610 0.5000 0.5408 0.5831 0.6265 0.6708 0.7159 0.7616 0.8078 0.8544 0.9014 0.9487 0.9487 0.9014 0.8544 0.8078 0.7616 0.7159 0.6708 0.6265 0.5831 0.5408 0.5000 0.4610 0.4243 0.3905 0.3606 0.3354 0.3162 0.2915 0.2693 0.2550 0.2500 0.2500 0.2500 0.2500 0.2500 0.2500 0.2500 0.2500 0.2500 0.2500 0.2500 0.2500 0.2500 0.2500 0.2500 0.2500 0.2500 0.2500 0.2500 0.2500 0.2500 0.2500 0.2500 0.2500 0.2500 0.2500 0.2500 0.2500 0.2500 0.2500 0.2500 0.2500 0.2500 0.2500 0.2500 0.2500 0.2500 0.2500 0.2500 0.2500 0.2500 0.2550 0.2693 0.2915 0.3000 0.3000 0.3000 0.2915 0.2693 0.2550 0.2500 0.2500 0.2500 0.2500 0.2500 0.2500 0.2500 0.2500 0.2500 0.2500 0.2500 0.2500 0.2550 0.2693 0.2693 0.2550 0.2500 0.2500 0.2500 0.2500 0.2500 0.2500 0.2500 0.2500 0.2500 0.2500 0.2500 0.2500 0.2500 0.2500 0.2500 0.2500 0.2500 0.2500 0.2500 0.2500 0.2500 0.2500 0.2500 0.2500 0.2550 0.2693 0.2550 0.2500 0.2500 0.2500 0.2500 0.2500 0.2500 0.2500 0.2500 0.2500 0.2550 0.2500 0.2500 0.2500 0.2500 0.2500 0.2500 0.2500 0.2500 0.2500 0.2500 0.2500 0.2500 0.2500 0.2500 0.2500 0.2500 0.2500 0.2500 0.2500 0.2500 0.2500 0.2500 0.2500 0.2500 0.2500 0.2500 0.2500 0.2500 0.2500 0.2500 0.2500 0.2500 0.2500 0.2500 0.2500 0.2500 0.2500 0.2500 0.2500 0.2500 0.2500 0.2500 0.2500 0.2500 0.2500 0.2500 0.2500 0.2500 0.2500 0.2500 0.2500 0.2500 0.2500 0.2500 0.2500 0.2500 0.2500 0.2500 0.2500 0.2500 0.2500 0.2500 0.2500 0.2500 0.2500 0.2500 0.2500 0.2500 0.2500 0.2500 0.2500 0.2500 0.2500 0.2500 0.2500 0.2500
0.1581 0.1118 0.0707 0.0500 -0.0500 -0.1000 -0.1500 -0.1803 -0.2000 -0.2000 -0.2000 -0.2000 -0.2000 -0.2000 -0.1803 -0.1581 -0.1414 -0.1118 -0.1000 -0.1000 -0.1000 -0.0500 0.0500 0.1000 0.1500 0.2000 0.2500 0.3000 0.3500 0.4000 0.4500 0.5000 0.5500 0.6000 0.6500 0.7000 0.7500 0.8000 0.8500 0.9000 0.9500 1.0000 1.0500 1.0112 0.9618 0.9124 0.8631 0.8139 0.7649 0.7159 0.6671 0.6185 0.5701 0.5220 0.4743 0.4272 0.3808 0.3354 0.2915 0.2500 0.2000 0.1500 0.1000 0.0500 -0.0500 -0.1000 -0.1000 -0.1000 -0.1118 -0.1414 -0.1118 -0.1000 -0.1000 -0.0500 0.0500 0.1000 0.1500 0.2000 0.2500 0.2500 0.2500 0.2500 0.2500 0.2550 0.2693 0.2915 0.3202 0.3536 0.3905 0.4301 0.4717 0.5148 0.5590 0.6042 0.6500 0.6964 0.7433 0.7906 0.8382 0.8860 0.9341 0.9341 0.8860 0.8382 0.7906 0.7433 0.6964 0.6500 0.6042 0.5590 0.5148 0.4717 0.4301 0.3905 0.3536 0.3202 0.2915 0.2693 0.2500 0.2236 0.2062 0.2000 0.2000 0.2000 0.2000 0.2000 0.2000 0.2000 0.2000 0.2000 0.2000 0.2000 0.2000 0.2000 0.2000 0.2000 0.2000 0.2000 0.2000 0.2000 0.2000 0.2000 0.2000 0.2000 0.2000 0.2000 0.2000 0.2000 0.2000 0.2000 0.2000 0.2000 0.2000 0.2000 0.2000 0.2000 0.2000 0.2000 0.2000 0.2000 0.2000 0.2000 0.2062 0.2236 0.2500 0.2500 0.2500 0.2500 0.2500 0.2236 0.2062 0.2000 0.2000 0.2000 0.2000 0.2000 0.2000 0.2000 0.2000 0.2000 0.2000 0.2000 0.2000 0.2062 0.2236 0.2236 0.2062 0.2000 0.2000 0.2000 0.2000 0.2000 0.2000 0.2000 0.2000 0.2000 0.2000 0.2000 0.2000 0.2000 0.2000 0.2000 0.2000 0.2000 0.2000 0.2000 0.2000 0.2000 0.2000 0.2000 0.2000 0.2062 0.2236 0.2062 0.2000 0.2000 0.2000 0.2000 0.2000 0.2000 0.2000 0.2000 0.2000 0.2062 0.2000 0.2000 0.2000 0.2000 0.2000 0.2000 0.2000 0.2000 0.2000 0.2000 0.2000 0.2000 0.2000 0.2000 0.2000 0.2000 0.2000 0.2000 0.2000 0.2000 0.2000 0.2000 0.2000 0.2000 0.2000 0.2000 0.2000 0.2000 0.2000 0.2000 0.2000 0.2000 0.2000 0.2000 0.2000 0.2000 0.2000 0.2000 0.2000 0.2000 0.2000 0.2000 0.2000 0.2000 0.2000 0.2000 0.2000 0.2000 0.2000 0.2000 0.2000 0.2000 0.2000 0.2000 0.2000 0.2000 0.2000 0.2000 0.2000 0.2000 0.2000 0.2000 0.2000 0.2000 0.2000 0.2000 0.2000 0.2000 0.2000 0.2000 0.2000 0.2000 0.2000 0.2000 0.2000 0.2000
0.1500 0.1000 0.0500 -0.0500 -0.0707 -0.1118 -0.1581 -0.2062 -0.2500 -0.2500 -0.2500 -0.2500 -0.2500 -0.2500 -0.2236 -0.2062 -0.1803 -0.1581 -0.1500 -0.1500 -0.1000 -0.0500 0.0500 0.1000 0.1500 0.2000 0.2500 0.3000 0.3500 0.4000 0.4500 0.5000 0.5500 0.6000 0.6500 0.7000 0.7500 0.8000 0.8500 0.9000 0.9500 1.0000 1.0500 1.0050 0.9552 0.9055 0.8559 0.8062 0.7566 0.7071 0.6576 0.6083 0.5590 0.5099 0.4610 0.4123 0.3640 0.3162 0.2693 0.2236 0.1803 0.1414 0.1000 0.0500 -0.0500 -0.1000 -0.1500 -0.1500 -0.1581 -0.1803 -0.1581 -0.1500 -0.1000 -0.0500 0.0500 0.1000 0.1500 0.2000 0.2000 0.2000 0.2000 0.2000 0.2000 0.2062 0.2236 0.2500 0.2828 0.3202 0.3606 0.4031 0.4472 0.4924 0.5385 0.5852 0.6325 0.6801 0.7280 0.7762 0.8246 0.8732 0.9220 0.9220 0.8732 0.8246 0.7762 0.7280 0.6801 0.6325 0.5852 0.5385 0.4924 0.4472 0.4031 0.3606 0.3202 0.2828 0.2500 0.2236 0.2062 0.1803 0.1581 0.1500 0.1500 0.1500 0.1500 0.1500 0.1500 0.1500 0.1500 0.1500 0.1500 0.1500 0.1500 0.1500 0.1500 0.1500 0.1500 0.1500 0.1500 0.1500 0.1500 0.1500 0.1500 0.1500 0.1500 0.1500 0.1500 0.1500 0.1500 0.1500 0.1500 0.1500 0.1500 0.1500 0.1500 0.1500 0.1500 0.1500 0.1500 0.1500 0.1500 0.1500 0.1581 0.1803 0.2000 0.2000 0.2000 0.2000 0.2000 0.1803 0.1581 0.1500 0.1500 0.1500 0.1500 0.1500 0.1500 0.1500 0.1500 0.1500 0.1500 0.1500 0.1500 0.1581 0.1803 0.1803 0.1581 0.1500 0.1500 0.1500 0.1500 0.1500 0.1500 0.1500 0.1500 0.1500 0.1500 0.1500 0.1500 0.1500 0.1500 0.1500 0.1500 0.1500 0.1500 0.1500 0.1500 0.1500 0.1500 0.1500 0.1500 0.1581 0.1803 0.1581 0.1500 0.1500 0.1500 0.1500 0.1500 0.1500 0.1500 0.1500 0.1500 0.1581 0.1500 0.1500 0.1500 0.1500 0.1500 0.1500 0.1500 0.1500 0.1500 0.1500 0.1500 0.1500 0.1500 0.1500 0.1500 0.1500 0.1500 0.1500 0.1500 0.1500 0.1500 0.1500 0.1500 0.1500 0.1500 0.1500 0.1500 0.1500 0.1500 0.1500 0.1500 0.1500 0.1500 0.1500 0.1500 0.1500 0.1500 0.1500 0.1500 0.1500 0.1500 0.1500 0.1500 0.1500 0.1500 0.1500 0.1500 0.1500 0.1500 0.1500 0.1500 0.1500 0.1500 0.1500 0.1500 0.1500 0.1500 0.1500 0.1500 0.1500 0.1500 0.1500 0.1500 0.1500 0.1500 0.1500 0.1500 0.1500 0.1500 0.1500 0.1500 0.1500 0.1500 0.1500 0.1500 0.1500
0.1500 0.1000 0.0500 -0.0500 -0.1000 -0.1414 -0.1803 -0.2236 -0.2693 -0.3000 -0.3000 -0.3000 -0.3000 -0.2915 -0.2693 -0.2500 -0.2236 -0.2062 -0.2000 -0.1500 -0.1000 -0.0500 0.0500 0.1000 0.1500 0.2000 0.2500 0.3000 0.3500 0.4000 0.4500 0.5000 0.5500 0.6000 0.6500 0.7000 0.7500 0.8000 0.8500 0.9000 0.9500 1.0000 1.0500 1.0012 0.9513 0.9014 0.8515 0.8016 0.7517 0.7018 0.6519 0.6021 0.5523 0.5025 0.4528 0.4031 0.3536 0.3041 0.2550 0.2062 0.1581 0.1118 0.0707 0.0500 -0.0500 -0.1000 -0.1500 -0.2000 -0.2062 -0.2236 -0.2000 -0.1500 -0.1000 -0.0500 0.0500 0.1000 0.1414 0.1500 0.1500 0.1500 0.1500 0.1500 0.1500 0.1581 0.1803 0.2121 0.2500 0.2915 0.3354 0.3808 0.4272 0.4743 0.5220 0.5701 0.6185 0.6671 0.7159 0.7649 0.8139 0.8631 0.9124 0.9124 0.8631 0.8139 0.7649 0.7159 0.6671 0.6185 0.5701 0.5220 0.4743 0.4272 0.3808 0.3354 0.2915 0.2500 0.2121 0.1803 0.1581 0.1414 0.1118 0.1000 0.1000 0.1000 0.1000 0.1000 0.1000 0.1000 0.1000 0.1000 0.1000 0.1000 0.1000 0.1000 0.1000 0.1000 0.1000 0.1000 0.1000 0.1000 0.1000 0.1000 0.1000 0.1000 0.1000 0.1000 0.1000 0.1000 0.1000 0.1000 0.1000 0.1000 0.1000 0.1000 0.1000 0.1000 0.1000 0.1000 0.1000 0.1000 0.1000 0.1000 0.1118 0.1414 0.1500 0.1500 0.1500 0.1500 0.1500 0.1414 0.1118 0.1000 0.1000 0.1000 0.1000 0.1000 0.1000 0.1000 0.1000 0.1000 0.1000 0.1000 0.1000 0.1118 0.1414 0.1414 0.1118 0.1000 0.1000 0.1000 0.1000 0.1000 0.1000 0.1000 0.1000 0.1000 0.1000 0.1000 0.1000 0.1000 0.1000 0.1000 0.1000 0.1000 0.1000 0.1000 0.1000 0.1000 0.1000 0.1000 0.1000 0.1118 0.1414 0.1118 0.1000 0.1000 0.1000 0.1000 0.1000 0.1000 0.1000 0.1000 0.1000 0.1118 0.1000 0.1000 0.1000 0.1000 0.1000 0.1000 0.1000 0.1000 0.1000 0.1000 0.1000 0.1000 0.1000 0.1000 0.1000 0.1000 0.1000 0.1000 0.1000 0.1000 0.1000 0.1000 0.1000 0.1000 0.1000 0.1000 0.1000 0.1000 0.1000 0.1000 0.1000 0.1000 0.1000 0.1000 0.1000 0.1000 0.1000 0.1000 0.1000 0.1000 0.1000 0.1000 0.1000 0.1000 0.1000 0.1000 0.1000 0.1000 0.1000 0.1000 0.1000 0.1000 0.1000 0.1000 0.1000 0.1000 0.1000 0.1000 0.1000 0.1000 0.1000 0.1000 0.1000 0.1000 0.1000 0.1000 0.1000 0.1000 0.1000 0.1000 0.1000 0.1000 0.1000 0.1000 0.1000 0.1000
0.1500 0.1000 0.0500 -0.0500 -0.1000 -0.1500 -0.2000 -0.2500 -0.2915 -0.3354 -0.3500 -0.3500 -0.3500 -0.3354 -0.3162 -0.2915 -0.2693 -0.2500 -0.2000 -0.1500 -0.1000 -0.0500 0.0500 0.1000 0.1500 0.2000 0.2500 0.3000 0.3500 0.4000 0.4500 0.5000 0.5500 0.6000 0.6500 0.7000 0.7500 0.8000 0.8500 0.9000 0.9500 1.0000 1.0500 1.0000 0.9500 0.9000 0.8500 0.8000 0.7500 0.7000 0.6500 0.6000 0.5500 0.5000 0.4500 0.4000 0.3500 0.3000 0.2500 0.2000 0.1500 0.1000 0.0500 -0.0500 -0.0707 -0.1118 -0.1581 -0.2062 -0.2550 -0.2500 -0.2000 -0.1500 -0.1000 -0.0500 0.0500 0.0707 0.1000 0.1000 0.1000 0.1000 0.1000 0.1000 0.1000 0.1118 0.1414 0.1803 0.2236 0.2693 0.3162 0.3640 0.4123 0.4610 0.5099 0.5590 0.6083 0.6576 0.7071 0.7566 0.8062 0.8559 0.9055 0.9055 0.8559 0.8062 0.7566 0.7071 0.6576 0.6083 0.5590 0.5099 0.4610 0.4123 0.3640 0.3162 0.2693 0.2236 0.1803 0.1414 0.1118 0.1000 0.0707 0.0500 0.0500 0.0500 0.0500 0.0500 0.0500 0.0500 0.0500 0.0500 0.0500 0.0500 0.0500 0.0500 0.0500 0.0500 0.0500 0.0500 0.0500 0.0500 0.0500 0.0500 0.0500 0.0500 0.0500 0.0500 0.0500 0.0500 0.0500 0.0500 0.0500 0.0500 0.0500 0.0500 0.0500 0.0500 0.0500 0.0500 0.0500 0.0500 0.0500 0.0500 0.0707 0.1000 0.1000 0.1000 0.1000 0.1000 0.1000 0.1000 0.0707 0.0500 0.0500 0.0500 0.0500 0.0500 0.0500 0.0500 0.0500 0.0500 0.0500 0.0500 0.0500 0.0707 0.1000 0.1000 0.0707 0.0500 0.0500 0.0500 0.0500 0.0500 0.0500 0.0500 0.0500 0.0500 0.0500 0.0500 0.0500 0.0500 0.0500 0.0500 0.0500 0.0500 0.0500 0.0500 0.0500 0.0500 0.0500 0.0500 0.0500 0.0707 0.1000 0.0707 0.0500 0.0500 0.0500 0.0500 0.0500 0.0500 0.0500 0.0500 0.0500 0.0707 0.0500 0.0500 0.0500 0.0500 0.0500 0.0500 0.0500 0.0500 0.0500 0.0500 0.0500 0.0500 0.0500 0.0500 0.0500 0.0500 0.0500 0.0500 0.0500 0.0500 0.0500 0.0500 0.0500 0.0500 0.0500 0.0500 0.0500 0.0500 0.0500 0.0500 0.0500 0.0500 0.0500 0.0500 0.0500 0.0500 0.0500 0.0500 0.0500 0.0500 0.0500 0.0500 0.0500 0.0500 0.0500 0.0500 0.0500 0.0500 0.0500 0.0500 0.0500 0.0500 0.0500 0.0500 0.0500 0.0500 0.0500 0.0500 0.0500 0.0500 0.0500 0.0500 0.0500 0.0500 0.0500 0.0500 0.0500 0.0500 0.0500 0.0500 0.0500 0.0500 0.0500 0.0500 0.0500 0.0500
0.1500 0.1000 0.0500 -0.0500 -0.1000 -0.1500 -0.2000 -0.2500 -0.3000 -0.3500 -0.4000 -0.4000 -0.4000 -0.3808 -0.3536 -0.3202 -0.2915 -0.2500 -0.2000 -0.1500 -0.1000 -0.0500 0.0500 0.1000 0.1500 0.2000 0.2500 0.3000 0.3500 0.4000 0.4500 0.5000 0.5500 0.6000 0.6500 0.7000 0.7500 0.8000 0.8500 0.9000 0.9500 1.0000 1.0500 1.0000 0.9500 0.9000 0.8500 0.8000 0.7500 0.7000 0.6500 0.6000 0.5500 0.5000 0.4500 0.4000 0.3500 0.3000 0.2500 0.2000 0.1500 0.1000 0.0500 -0.0500 -0.1000 -0.1414 -0.1803 -0.2236 -0.2693 -0.2550 -0.2062 -0.1581 -0.1118 -0.0707 -0.0500 0.0500 0.0500 0.0500 0.0500 0.0500 0.0500 0.0500 0.0500 0.0707 0.1118 0.1581 0.2062 0.2550 0.3041 0.3536 0.4031 0.4528 0.5025 0.5523 0.6021 0.6519 0.7018 0.7517 0.8016 0.8515 0.9014 0.9014 0.8515 0.8016 0.7517 0.7018 0.6519 0.6021 0.5523 0.5025 0.4528 0.4031 0.3536 0.3041 0.2550 0.2062 0.1581 0.1118 0.0707 0.0500 0.0500 -0.0500 -0.0500 -0.0500 -0.0500 -0.0500 -0.0500 -0.0500 -0.0500 -0.0500 -0.0500 -0.0500 -0.0500 -0.0500 -0.0500 -0.0500 -0.0500 -0.0500 -0.0500 -0.0500 -0.0500 -0.0500 -0.0500 -0.0500 -0.0500 -0.0500 -0.0500 -0.0500 -0.0500 -0.0500 -0.0500 -0.0500 -0.0500 -0.0500 -0.0500 -0.0500 -0.0500 -0.0500 -0.0500 -0.0500 -0.0500 -0.0500 0.0500 0.0500 0.0500 0.0500 0.0500 0.0500 0.0500 0.0500 0.0500 -0.0500 -0.0500 -0.0500 -0.0500 -0.0500 -0.0500 -0.0500 -0.0500 -0.0500 -0.0500 -0.0500 -0.0500 0.0500 0.0500 0.0500 0.0500 -0.0500 -0.0500 -0.0500 -0.0500 -0.0500 -0.0500 -0.0500 -0.0500 -0.0500 -0.0500 -0.0500 -0.0500 -0.0500 -0.0500 -0.0500 -0.0500 -0.0500 -0.0500 -0.0500 -0.0500 -0.0500 -0.0500 -0.0500 -0.0500 0.0500 0.0500 0.0500 -0.0500 -0.0500 -0.0500 -0.0500 -0.0500 -0.0500 -0.0500 -0.0500 -0.0500 0.0500 -0.0500 -0.0500 -0.0500 -0.0500 -0.0500 -0.0500 -0.0500 -0.0500 -0.0500 -0.0500 -0.0500 -0.0500 -0.0500 -0.0500 -0.0500 -0.0500 -0.0500 -0.0500 -0.0500 -0.0500 -0.0500 -0.0500 -0.0500 -0.0500 -0.0500 -0.0500 -0.0500 -0.0500 -0.0500 -0.0500 -0.0500 -0.0500 -0.0500 -0.0500 -0.0500 -0.0500 -0.0500 -0.0500 -0.0500 -0.0500 -0.0500 -0.0500 -0.0500 -0.0500 -0.0500 -0.0500 -0.0500 -0.0500 -0.0500 -0.0500 -0.0500 -0.0500 -0.0500 -0.0500 -0.0500 -0.0500 -0.0500 -0.0500 -0.0500 -0.0500 -0.0500 -0.0500 -0.0500 -0.0500 -0.0500 -0.0500 -0.0500 -0.0500 -0.0500 -0.0500 -0.0500 -0.0500 -0.0500 -0.0500 -0.0500 -0.0500
0.1500 0.1000 0.0500 -0.0500 -0.1000 -0.1500 -0.2000 -0.2500 -0.3000 -0.3500 -0.4000 -0.4000 -0.3905 -0.3536 -0.3202 -0.2828 -0.2500 -0.2236 -0.2000 -0.1500 -0.1000 -0.0500 0.0500 0.1000 0.1500 0.2000 0.2500 0.3000 0.3500 0.4000 0.4500 0.5000 0.5500 0.6000 0.6500 0.7000 0.7500 0.8000 0.8500 0.9000 0.9500 1.0000 1.0500 1.0000 0.9500 0.9000 0.8500 0.8000 0.7500 0.7000 0.6500 0.6000 0.5500 0.5000 0.4500 0.4000 0.3500 0.3000 0.2500 0.2000 0.1500 0.1000 0.0500 -0.0500 -0.1000 -0.1500 -0.2000 -0.2500 -0.2915 -0.2693 -0.2236 -0.1803 -0.1414 -0.1118 -0.0707 -0.0500 -0.0500 -0.0500 -0.0500 -0.0500 -0.0500 -0.0500 -0.0500 0.0500 0.1000 0.1500 0.2000 0.2500 0.3000 0.3500 0.4000 0.4500 0.5000 0.5500 0.6000 0.6500 0.7000 0.7500 0.8000 0.8500 0.9000 0.9000 0.8500 0.8000 0.7500 0.7000 0.6500 0.6000 0.5500 0.5000 0.4500 0.4000 0.3500 0.3000 0.2500 0.2000 0.1500 0.1000 0.0500 -0.0500 -0.0500 -0.0707 -0.1000 -0.1000 -0.1000 -0.1000 -0.1000 -0.1000 -0.1000 -0.1000 -0.1000 -0.1000 -0.1000 -0.1000 -0.1000 -0.1000 -0.1000 -0.1000 -0.1000 -0.1000 -0.1000 -0.1000 -0.1000 -0.1000 -0.1000 -0.1000 -0.1000 -0.1000 -0.1000 -0.1000 -0.1000 -0.1000 -0.1000 -0.1000 -0.1000 -0.1000 -0.1000 -0.1000 -0.1000 -0.1000 -0.1000 -0.0707 -0.0500 -0.0500 -0.0500 -0.0500 -0.0500 -0.0500 -0.0500 -0.0500 -0.0500 -0.0707 -0.1000 -0.1000 -0.1000 -0.1000 -0.1000 -0.1000 -0.1000 -0.1000 -0.1000 -0.1000 -0.0707 -0.0500 -0.0500 -0.0500 -0.0500 -0.0707 -0.1000 -0.1000 -0.1000 -0.1000 -0.1000 -0.1000 -0.1000 -0.1000 -0.1000 -0.1000 -0.1000 -0.1000 -0.1000 -0.1000 -0.1000 -0.1000 -0.1000 -0.1000 -0.1000 -0.1000 -0.1000 -0.1000 -0.0707 -0.0500 -0.0500 -0.0500 -0.0707 -0.1000 -0.1000 -0.1000 -0.1000 -0.1000 -0.1000 -0.1000 -0.0707 -0.0500 -0.0707 -0.1000 -0.1000 -0.1000 -0.1000 -0.1000 -0.1000 -0.1000 -0.1000 -0.1000 -0.1000 -0.1000 -0.1000 -0.1000 -0.1000 -0.1000 -0.1000 -0.1000 -0.1000 -0.1000 -0.1000 -0.1000 -0.1000 -0.1000 -0.1000 -0.1000 -0.1000 -0.1000 -0.1000 -0.1000 -0.1000 -0.1000 -0.1000 -0.1000 -0.1000 -0.1000 -0.1000 -0.1000 -0.1000 -0.1000 -0.1000 -0.1000 -0.1000 -0.1000 -0.1000 -0.1000 -0.1000 -0.1000 -0.1000 -0.1000 -0.1000 -0.1000 -0.1000 -0.1000 -0.1000 -0.1000 -0.1000 -0.1000 -0.1000 -0.1000 -0.1000 -0.1000 -0.1000 -0.1000 -0.1000 -0.1000 -0.1000 -0.1000 -0.1000 -0.1000 -0.1000 -0.1000 -0.1000 -0.1000 -0.1000 -0.1000
0.1500 0.1000 0.0500 -0.0500 -0.1000 -0.1500 -0.2000 -0.2500 -0.3000 -0.3500 -0.3500 -0.3500 -0.3500 -0.3202 -0.2828 -0.2500 -0.2121 -0.1803 -0.1581 -0.1500 -0.1000 -0.0500 0.0500 0.1000 0.1500 0.2000 0.2500 0.3000 0.3500 0.4000 0.4500 0.5000 0.5500 0.6000 0.6500 0.7000 0.7500 0.8000 0.8500 0.9000 0.9500 1.0000 1.0500 1.0000 0.9500 0.9000 0.8500 0.8000 0.7500 0.7000 0.6500 0.6000 0.5500 0.5000 0.4500 0.4000 0.3500 0.3000 0.2500 0.2000 0.1500 0.1000 0.0500 -0.0500 -0.1000 -0.1500 -0.2000 -0.2500 -0.3000 -0.2915 -0.2500 -0.2121 -0.1803 -0.1414 -0.1118 -0.1000 -0.1000 -0.1000 -0.1000 -0.1000 -0.1000 -0.1000 -0.0500 0.0500 0.1000 0.1500 0.2000 0.2500 0.3000 0.3500 0.4000 0.4500 0.5000 0.5500 0.6000 0.6500 0.7000 0.7500 0.8000 0.8500 0.9000 0.9000 0.8500 0.8000 0.7500 0.7000 0.6500 0.6000 0.5500 0.5000 0.4500 0.4000 0.3500 0.3000 0.2500 0.2000 0.1500 0.1000 0.0500 -0.0500 -0.1000 -0.1118 -0.1414 -0.1500 -0.1500 -0.1500 -0.1500 -0.1500 -0.1500 -0.1500 -0.1500 -0.1500 -0.1500 -0.1500 -0.1500 -0.1500 -0.1500 -0.1500 -0.1500 -0.1500 -0.1500 -0.1500 -0.1500 -0.1500 -0.1500 -0.1500 -0.1500 -0.1500 -0.1500 -0.1500 -0.1500 -0.1500 -0.1500 -0.1500 -0.1500 -0.1500 -0.1500 -0.1500 -0.1500 -0.1500 -0.1414 -0.1118 -0.1000 -0.1000 -0.1000 -0.1000 -0.1000 -0.1000 -0.1000 -0.1000 -0.1000 -0.1118 -0.1414 -0.1500 -0.1500 -0.1500 -0.1500 -0.1500 -0.1500 -0.1500 -0.1500 -0.1414 -0.1118 -0.1000 -0.1000 -0.1000 -0.1000 -0.1118 -0.1414 -0.1500 -0.1500 -0.1500 -0.1500 -0.1500 -0.1500 -0.1500 -0.1500 -0.1500 -0.1500 -0.1500 -0.1500 -0.1500 -0.1500 -0.1500 -0.1500 -0.1500 -0.1500 -0.1500 -0.1500 -0.1414 -0.1118 -0.1000 -0.1000 -0.1000 -0.1118 -0.1414 -0.1500 -0.1500 -0.1500 -0.1500 -0.1500 -0.1414 -0.1118 -0.1000 -0.1118 -0.1414 -0.1500 -0.1500 -0.1500 -0.1500 -0.1500 -0.1500 -0.1500 -0.1500 -0.1500 -0.1500 -0.1500 -0.1500 -0.1500 -0.1500 -0.1500 -0.1500 -0.1500 -0.1500 -0.1500 -0.1500 -0.1500 -0.1500 -0.1500 -0.1500 -0.1500 -0.1500 -0.1500 -0.1500 -0.1500 -0.1500 -0.1500 -0.1500 -0.1500 -0.1500 -0.1500 -0.1500 -0.1500 -0.1500 -0.1500 -0.1500 -0.1500 -0.1500 -0.1500 -0.1500 -0.1500 -0.1500 -0.1500 -0.1500 -0.1500 -0.1500 -0.1500 -0.1500 -0.1500 -0.1500 -0.1500 -0.1500 -0.1500 -0.1500 -0.1500 -0.1500 -0.1500 -0.1500 -0.1500 -0.1500 -0.1500 -0.1500 -0.1500 -0.1500 -0.1500 -0.1500 -0.1500 -0.1500 -0.1500 -0.1500
0.1500 0.1000 0.0500 -0.0500 -0.1000 -0.1500 -0.2000 -0.2500 -0.3000 -0.3000 -0.3000 -0.3000 -0.3000 -0.2915 -0.2500 -0.2121 -0.1803 -0.1414 -0.1118 -0.1000 -0.1000 -0.0500 0.0500 0.1000 0.1500 0.2000 0.2500 0.3000 0.3500 0.4000 0.4500 0.5000 0.5500 0.6000 0.6500 0.7000 0.7500 0.8000 0.8500 0.9000 0.9500 1.0000 1.0500 1.0000 0.9500 0.9000 0.8500 0.8000 0.7500 0.7000 0.6500 0.6000 0.5500 0.5000 0.4500 0.4000 0.3500 0.3000 0.2500 0.2000 0.1500 0.1000 0.0500 -0.0500 -0.1000 -0.1500 -0.2000 -0.2500 -0.3000 -0.3202 -0.2828 -0.2500 -0.2121 -0.1803 -0.1581 -0.1500 -0.1500 -0.1500 -0.1500 -0.1500 -0.1500 -0.1000 -0.0500 0.0500 0.1000 0.1500 0.2000 0.2500 0.3000 0.3500 0.4000 0.4500 0.5000 0.5500 0.6000 0.6500 0.7000 0.7500 0.8000 0.8500 0.9000 0.9000 0.8500 0.8000 0.7500 0.7000 0.6500 0.6000 0.5500 0.5000 0.4500 0.4000 0.3500 0.3000 0.2500 0.2000 0.1500 0.1000 0.0500 -0.0500 -0.1000 -0.1500 -0.1803 -0.2000 -0.2000 -0.2000 -0.2000 -0.2000 -0.2000 -0.2000 -0.2000 -0.2000 -0.2000 -0.2000 -0.2000 -0.2000 -0.2000 -0.2000 -0.2000 -0.2000 -0.2000 -0.2000 -0.2000 -0.2000 -0.2000 -0.2000 -0.2000 -0.2000 -0.2000 -0.2000 -0.2000 -0.2000 -0.2000 -0.2000 -0.2000 -0.2000 -0.2000 -0.2000 -0.2000 -0.2000 -0.1803 -0.1581 -0.1500 -0.1500 -0.1500 -0.1500 -0.1500 -0.1500 -0.1500 -0.1500 -0.1500 -0.1581 -0.1803 -0.2000 -0.2000 -0.2000 -0.2000 -0.2000 -0.2000 -0.2000 -0.2000 -0.1803 -0.1581 -0.1500 -0.1500 -0.1500 -0.1500 -0.1581 -0.1803 -0.2000 -0.2000 -0.2000 -0.2000 -0.2000 -0.2000 -0.2000 -0.2000 -0.2000 -0.2000 -0.2000 -0.2000 -0.2000 -0.2000 -0.2000 -0.2000 -0.2000 -0.2000 -0.2000 -0.2000 -0.1803 -0.1581 -0.1500 -0.1500 -0.1500 -0.1581 -0.1803 -0.2000 -0.2000 -0.2000 -0.2000 -0.2000 -0.1803 -0.1581 -0.1500 -0.1581 -0.1803 -0.2000 -0.2000 -0.2000 -0.2000 -0.2000 -0.2000 -0.2000 -0.2000 -0.2000 -0.2000 -0.2000 -0.2000 -0.2000 -0.2000 -0.2000 -0.2000 -0.2000 -0.2000 -0.2000 -0.2000 -0.2000 -0.2000 -0.2000 -0.2000 -0.2000 -0.2000 -0.2000 -0.2000 -0.2000 -0.2000 -0.2000 -0.2000 -0.2000 -0.2000 -0.2000 -0.2000 -0.2000 -0.2000 -0.2000 -0.2000 -0.2000 -0.2000 -0.2000 -0.2000 -0.2000 -0.2000 -0.2000 -0.2000 -0.2000 -0.2000 -0.2000 -0.2000 -0.2000 -0.2000 -0.2000 -0.2000 -0.2000 -0.2000 -0.2000 -0.2000 -0.2000 -0.2000 -0.2000 -0.2000 -0.2000 -0.2000 -0.2000 -0.2000 -0.2000 -0.2000 -0.2000 -0.2000 -0.2000 -0.2000
0.1500 0.1000 0.0500 -0.0500 -0.1000 -0.1500 -0.2000 -0.2500 -0.2500 -0.2500 -0.2500 -0.2500 -0.2500 -0.2500 -0.2236 -0.1803 -0.1414 -0.1118 -0.0707 -0.0500 -0.0707 -0.0500 0.0500 0.1000 0.1500 0.2000 0.2500 0.3000 0.3500 0.4000 0.4500 0.5000 0.5500 0.6000 0.6500 0.7000 0.7500 0.8000 0.8500 0.9000 0.9500 1.0000 1.0500 1.0000 0.9500 0.9000 0.8500 0.8000 0.7500 0.7000 0.6500 0.6000 0.5500 0.5000 0.4500 0.4000 0.3500 0.3000 0.2500 0.2000 0.1500 0.1000 0.0500 -0.0500 -0.1000 -0.1500 -0.2000 -0.2500 -0.3000 -0.3354 -0.3202 -0.2828 -0.2500 -0.2236 -0.2062 -0.2000 -0.2000 -0.2000 -0.2000 -0.2000 -0.1500 -0.1000 -0.0500 0.0500 0.1000 0.1500 0.2000 0.2500 0.3000 0.3500 0.4000 0.4500 0.5000 0.5500 0.6000 0.6500 0.7000 0.7500 0.8000 0.8500 0.9000 0.9000 0.8500 0.8000 0.7500 0.7000 0.6500 0.6000 0.5500 0.5000 0.4500 0.4000 0.3500 0.3000 0.2500 0.2000 0.1500 0.1000 0.0500 -0.0500 -0.1000 -0.1414 -0.1803 -0.2236 -0.2500 -0.2500 -0.2500 -0.2500 -0.2500 -0.2500 -0.2500 -0.2500 -0.2500 -0.2500 -0.2500 -0.2500 -0.2500 -0.2500 -0.2500 -0.2500 -0.2500 -0.2500 -0.2500 -0.2500 -0.2500 -0.2500 -0.2500 -0.2500 -0.2500 -0.2500 -0.2500 -0.2500 -0.2500 -0.2500 -0.2500 -0.2500 -0.2500 -0.2500 -0.2500 -0.2500 -0.2236 -0.2062 -0.2000 -0.2000 -0.2000 -0.2000 -0.2000 -0.2000 -0.2000 -0.2000 -0.2000 -0.2062 -0.2236 -0.2500 -0.2500 -0.2500 -0.2500 -0.2500 -0.2500 -0.2500 -0.2500 -0.2236 -0.2062 -0.2000 -0.2000 -0.2000 -0.2000 -0.2062 -0.2236 -0.2500 -0.2500 -0.2500 -0.2500 -0.2500 -0.2500 -0.2500 -0.2500 -0.2500 -0.2500 -0.2500 -0.2500 -0.2500 -0.2500 -0.2500 -0.2500 -0.2500 -0.2500 -0.2500 -0.2500 -0.2236 -0.2062 -0.2000 -0.2000 -0.2000 -0.2062 -0.2236 -0.2500 -0.2500 -0.2500 -0.2500 -0.2500 -0.2236 -0.2062 -0.2000 -0.2062 -0.2236 -0.2500 -0.2500 -0.2500 -0.2500 -0.2500 -0.2500 -0.2500 -0.2500 -0.2500 -0.2500 -0.2500 -0.2500 -0.2500 -0.2500 -0.2500 -0.2500 -0.2500 -0.2500 -0.2500 -0.2500 -0.2500 -0.2500 -0.2500 -0.2500 -0.2500 -0.2500 -0.2500 -0.2500 -0.2500 -0.2500 -0.2500 -0.2500 -0.2500 -0.2500 -0.2500 -0.2500 -0.2500 -0.2500 -0.2500 -0.2500 -0.2500 -0.2500 -0.2500 -0.2500 -0.2500 -0.2500 -0.2500 -0.2500 -0.2500 -0.2500 -0.2500 -0.2500 -0.2500 -0.2500 -0.2500 -0.2500 -0.2500 -0.2500 -0.2500 -0.2500 -0.2500 -0.2500 -0.2500 -0.2500 -0.2500 -0.2500 -0.2500 -0.2500 -0.2500 -0.2500 -0.2500 -0.2500 -0.2500 -0.2500
0.1500 0.1000 0.0500 -0.0500 -0.1000 -0.1500 -0.2000 -0.2000 -0.2000 -0.2000 -0.2000 -0.2000 -0.2000 -0.2000 -0.2000 -0.1581 -0.1118 -0.0707 -0.0500 0.0500 -0.0500 -0.0500 0.0500 0.1000 0.1500 0.2000 0.2500 0.3000 0.3500 0.4000 0.4500 0.5000 0.5500 0.6000 0.6500 0.7000 0.7500 0.8000 0.8500 0.9000 0.9500 1.0000 1.0500 1.0000 0.9500 0.9000 0.8500 0.8000 0.7500 0.7000 0.6500 0.6000 0.5500 0.5000 0.4500 0.4000 0.3500 0.3000 0.2500 0.2000 0.1500 0.1000 0.0500 -0.0500 -0.1000 -0.1500 -0.2000 -0.2500 -0.2693 -0.2915 -0.3202 -0.3202 -0.2915 -0.2693 -0.2550 -0.2500 -0.2500 -0.2500 -0.2500 -0.2000 -0.1500 -0.1000 -0.0500 0.0500 0.1000 0.1500 0.2000 0.2500 0.3000 0.3500 0.4000 0.4500 0.5000 0.5500 0.6000 0.6500 0.7000 0.7500 0.8000 0.8500 0.9000 0.9000 0.8500 0.8000 0.7500 0.7000 0.6500 0.6000 0.5500 0.5000 0.4500 0.4000 0.3500 0.3000 0.2500 0.2000 0.1500 0.1000 0.0500 -0.0500 -0.0707 -0.1118 -0.1581 -0.2062 -0.2550 -0.3000 -0.3000 -0.3000 -0.3000 -0.3000 -0.3000 -0.3000 -0.3000 -0.3000 -0.3000 -0.3000 -0.3000 -0.3000 -0.3000 -0.3000 -0.3000 -0.3000 -0.3000 -0.3000 -0.3000 -0.3000 -0.3000 -0.3000 -0.3000 -0.3000 -0.3000 -0.3000 -0.3000 -0.3000 -0.3000 -0.3000 -0.3000 -0.3000 -0.3000 -0.2915 -0.2693 -0.2550 -0.2500 -0.2500 -0.2500 -0.2500 -0.2500 -0.2500 -0.2500 -0.2500 -0.2500 -0.2550 -0.2693 -0.2915 -0.3000 -0.3000 -0.3000 -0.3000 -0.3000 -0.3000 -0.2915 -0.2693 -0.2550 -0.2500 -0.2500 -0.2500 -0.2500 -0.2550 -0.2693 -0.2915 -0.3000 -0.3000 -0.3000 -0.3000 -0.3000 -0.3000 -0.3000 -0.3000 -0.3000 -0.3000 -0.3000 -0.3000 -0.3000 -0.3000 -0.3000 -0.3000 -0.3000 -0.3000 -0.2915 -0.2693 -0.2550 -0.2500 -0.2500 -0.2500 -0.2550 -0.2693 -0.2915 -0.3000 -0.3000 -0.3000 -0.2915 -0.2693 -0.2550 -0.2500 -0.2550 -0.2693 -0.2915 -0.3000 -0.3000 -0.3000 -0.3000 -0.3000 -0.3000 -0.3000 -0.3000 -0.3000 -0.3000 -0.3000 -0.3000 -0.3000 -0.3000 -0.3000 -0.3000 -0.3000 -0.3000 -0.3000 -0.3000 -0.3000 -0.3000 -0.3000 -0.3000 -0.3000 -0.3000 -0.3000 -0.3000 -0.3000 -0.3000 -0.3000 -0.3000 -0.3000 -0.3000 -0.3000 -0.3000 -0.3000 -0.3000 -0.3000 -0.3000 -0.3000 -0.3000 -0.3000 -0.3000 -0.3000 -0.3000 -0.3000 -0.3000 -0.3000 -0.3000 -0.3000 -0.3000 -0.3000 -0.3000 -0.3000 -0.3000 -0.3000 -0.3000 -0.3000 -0.3000 -0.3000 -0.3000 -0.3000 -0.3000 -0.3000 -0.3000 -0.3000 -0.3000 -0.3000 -0.3000 -0.3000 -0.3000 -0.3000
0.1500 0.1000 0.0500 -0.0500 -0.1000 -0.1500 -0.1500 -0.1500 -0.1500 -0.1500 -0.1500 -0.1500 -0.1500 -0.1500 -0.1500 -0.1500 -0.1000 -0.0500 0.0500 0.0500 -0.0500 -0.0500 0.0500 0.1000 0.1500 0.2000 0.2500 0.3000 0.3500 0.4000 0.4500 0.5000 0.5500 0.6000 0.6500 0.7000 0.7500 0.8000 0.8500 0.9000 0.9500 1.0000 1.0500 1.0000 0.9500 0.9000 0.8500 0.8000 0.7500 0.7000 0.6500 0.6000 0.5500 0.5000 0.4500 0.4000 0.3500 0.3000 0.2500 0.2000 0.1500 0.1000 0.0500 -0.0500 -0.1000 -0.1500 -0.2000 -0.2062 -0.2236 -0.2500 -0.2828 -0.3202 -0.3354 -0.3162 -0.3041 -0.3000 -0.3000 -0.2693 -0.2236 -0.1803 -0.1414 -0.1000 -0.0500 0.0500 0.1000 0.1500 0.2000 0.2500 0.3000 0.3500 0.4000 0.4500 0.5000 0.5500 0.6000 0.6500 0.7000 0.7500 0.8000 0.8500 0.9000 0.9014 0.8515 0.8016 0.7517 0.7018 0.6519 0.6021 0.5523 0.5025 0.4528 0.4031 0.3536 0.3041 0.2550 0.2062 0.1581 0.1118 0.0707 0.0500 -0.0500 -0.1000 -0.1500 -0.2000 -0.2500 -0.3000 -0.3500 -0.3500 -0.3500 -0.3500 -0.3500 -0.3500 -0.3500 -0.3500 -0.3500 -0.3500 -0.3500 -0.3500 -0.3500 -0.3500 -0.3500 -0.3500 -0.3500 -0.3500 -0.3500 -0.3500 -0.3500 -0.3500 -0.3500 -0.3500 -0.3500 -0.3500 -0.3500 -0.3500 -0.3500 -0.3500 -0.3500 -0.3500 -0.3500 -0.3354 -0.3162 -0.3041 -0.3000 -0.3000 -0.3000 -0.3000 -0.3000 -0.3000 -0.3000 -0.3000 -0.3000 -0.3041 -0.3162 -0.3354 -0.3500 -0.3500 -0.3500 -0.3500 -0.3500 -0.3500 -0.3354 -0.3162 -0.3041 -0.3000 -0.3000 -0.3000 -0.3000 -0.3041 -0.3162 -0.3354 -0.3500 -0.3500 -0.3500 -0.3500 -0.3500 -0.3500 -0.3500 -0.3500 -0.3500 -0.3500 -0.3500 -0.3500 -0.3500 -0.3500 -0.3500 -0.3500 -0.3500 -0.3500 -0.3354 -0.3162 -0.3041 -0.3000 -0.3000 -0.3000 -0.3041 -0.3162 -0.3354 -0.3500 -0.3500 -0.3500 -0.3354 -0.3162 -0.3041 -0.3000 -0.3041 -0.3162 -0.3354 -0.3500 -0.3500 -0.3500 -0.3500 -0.3500 -0.3500 -0.3500 -0.3500 -0.3500 -0.3500 -0.3500 -0.3500 -0.3500 -0.3500 -0.3500 -0.3500 -0.3500 -0.3500 -0.3500 -0.3500 -0.3500 -0.3500 -0.3500 -0.3500 -0.3500 -0.3500 -0.3500 -0.3500 -0.3500 -0.3500 -0.3500 -0.3500 -0.3500 -0.3500 -0.3500 -0.3500 -0.3500 -0.3500 -0.3500 -0.3500 -0.3500 -0.3500 -0.3500 -0.3500 -0.3500 -0.3500 -0.3500 -0.3500 -0.3500 -0.3500 -0.3500 -0.3500 -0.3500 -0.3500 -0.3500 -0.3500 -0.3500 -0.3500 -0.3500 -0.3500 -0.3500 -0.3500 -0.3500 -0.3500 -0.3500 -0.3500 -0.3500 -0.3500 -0.3500 -0.3500 -0.3500 -0.3500 -0.3500
0.1500 0.1000 0.0500 -0.0500 -0.1000 -0.1000 -0.1000 -0.1000 -0.1000 -0.1000 -0.1000 -0.1000 -0.1000 -0.1000 -0.1000 -0.1000 -0.1000 -0.0500 0.0500 0.0500 0.0500 0.0500 0.0707 0.1118 0.1581 0.2062 0.2550 0.3041 0.3536 0.4031 0.4528 0.5025 0.5523 0.6021 0.6519 0.7018 0.7517 0.8016 0.8515 0.9014 0.9513 1.0012 1.0500 1.0000 0.9500 0.9000 0.8500 0.8000 0.7500 0.7000 0.6500 0.6000 0.5500 0.5000 0.4500 0.4000 0.3500 0.3000 0.2500 0.2000 0.1500 0.1000 0.0500 -0.0500 -0.1000 -0.1500 -0.1500 -0.1581 -0.1803 -0.2121 -0.2500 -0.2915 -0.3354 -0.3640 -0.3536 -0.3500 -0.3041 -0.2550 -0.2062 -0.1581 -0.1118 -0.0707 -0.0500 0.0500 0.1000 0.1500 0.2000 0.2500 0.3000 0.3500 0.4000 0.4500 0.5000 0.5500 0.6000 0.6500 0.7000 0.7500 0.8000 0.8500 0.9000 0.9055 0.8559 0.8062 0.7566 0.7071 0.6576 0.6083 0.5590 0.5099 0.4610 0.4123 0.3640 0.3162 0.2693 0.2236 0.1803 0.1414 0.1000 0.0500 -0.0500 -0.1000 -0.1500 -0.2000 -0.2500 -0.3000 -0.3500 -0.4000 -0.4000 -0.4000 -0.4000 -0.4000 -0.4000 -0.4000 -0.4000 -0.4000 -0.4000 -0.4000 -0.4000 -0.4000 -0.4000 -0.4000 -0.4000 -0.4000 -0.4000 -0.4000 -0.4000 -0.4000 -0.4000 -0.4000 -0.4000 -0.4000 -0.4000 -0.4000 -0.4000 -0.4000 -0.4000 -0.4000 -0.4000 -0.3808 -0.3640 -0.3536 -0.3500 -0.3500 -0.3500 -0.3500 -0.3500 -0.3500 -0.3500 -0.3500 -0.3500 -0.3536 -0.3640 -0.3808 -0.4000 -0.4000 -0.4000 -0.4000 -0.4000 -0.4000 -0.3808 -0.3640 -0.3536 -0.3500 -0.3500 -0.3500 -0.3500 -0.3536 -0.3640 -0.3808 -0.4000 -0.4000 -0.4000 -0.4000 -0.4000 -0.4000 -0.4000 -0.4000 -0.4000 -0.4000 -0.4000 -0.4000 -0.4000 -0.4000 -0.4000 -0.4000 -0.4000 -0.4000 -0.3808 -0.3640 -0.3536 -0.3500 -0.3500 -0.3500 -0.3536 -0.3640 -0.3808 -0.4000 -0.4000 -0.4000 -0.3808 -0.3640 -0.3536 -0.3500 -0.3536 -0.3640 -0.3808 -0.4000 -0.4000 -0.4000 -0.4000 -0.4000 -0.4000 -0.4000 -0.4000 -0.4000 -0.4000 -0.4000 -0.4000 -0.4000 -0.4000 -0.4000 -0.4000 -0.4000 -0.4000 -0.4000 -0.4000 -0.4000 -0.4000 -0.4000 -0.4000 -0.4000 -0.4000 -0.4000 -0.4000 -0.4000 -0.4000 -0.4000 -0.4000 -0.4000 -0.4000 -0.4000 -0.4000 -0.4000 -0.4000 -0.4000 -0.4000 -0.4000 -0.4000 -0.4000 -0.4000 -0.4000 -0.4000 -0.4000 -0.4000 -0.4000 -0.4000 -0.4000 -0.4000 -0.4000 -0.4000 -0.4000 -0.4000 -0.4000 -0.4000 -0.4000 -0.4000 -0.4000 -0.4000 -0.4000 -0.4000 -0.4000 -0.4000 -0.4000 -0.4000 -0.4000 -0.4000 -0.4000 -0.4000 -0.4000
0.1500 0.1000 0.0500 -0.0500 -0.0500 -0.0500 -0.0500 -0.0500 -0.0500 -0.0500 -0.0500 -0.0500 -0.0500 -0.0500 -0.0500 -0.0500 -0.0707 -0.0707 -0.0500 -0.0500 -0.0500 0.0500 0.0707 0.1118 0.1581 0.2062 0.2550 0.3041 0.3536 0.4031 0.4528 0.5025 0.5523 0.6021 0.6519 0.7018 0.7517 0.8016 0.8515 0.9014 0.9513 1.0012 1.0500 1.0000 0.9500 0.9000 0.8500 0.8000 0.7500 0.7000 0.6500 0.6000 0.5500 0.5000 0.4500 0.4000 0.3500 0.3000 0.2500 0.2000 0.1500 0.1000 0.0500 -0.0500 -0.1000 -0.1000 -0.1000 -0.1118 -0.1414 -0.1803 -0.2236 -0.2693 -0.3162 -0.3640 -0.4000 -0.3500 -0.3000 -0.2500 -0.2000 -0.1500 -0.1000 -0.0500 0.0500 0.0707 0.1118 0.1581 0.2062 0.2550 0.3041 0.3536 0.4031 0.4528 0.5025 0.5523 0.6021 0.6519 0.7018 0.7517 0.8016 0.8515 0.9014 0.9124 0.8631 0.8139 0.7649 0.7159 0.6671 0.6185 0.5701 0.5220 0.4743 0.4272 0.3808 0.3354 0.2915 0.2500 0.2000 0.1500 0.1000 0.0500 -0.0500 -0.1000 -0.1500 -0.2000 -0.2500 -0.3000 -0.3500 -0.4000 -0.4500 -0.4500 -0.4500 -0.4500 -0.4500 -0.4500 -0.4500 -0.4500 -0.4500 -0.4500 -0.4500 -0.4500 -0.4500 -0.4500 -0.4500 -0.4500 -0.4500 -0.4500 -0.4500 -0.4500 -0.4500 -0.4500 -0.4500 -0.4500 -0.4500 -0.4500 -0.4500 -0.4500 -0.4500 -0.4500 -0.4472 -0.4272 -0.4123 -0.4031 -0.4000 -0.4000 -0.4000 -0.4000 -0.4000 -0.4000 -0.4000 -0.4000 -0.4000 -0.4031 -0.4123 -0.4272 -0.4472 -0.4500 -0.4500 -0.4500 -0.4500 -0.4472 -0.4272 -0.4123 -0.4031 -0.4000 -0.4000 -0.4000 -0.4000 -0.4031 -0.4123 -0.4272 -0.4472 -0.4500 -0.4500 -0.4500 -0.4500 -0.4500 -0.4500 -0.4500 -0.4500 -0.4500 -0.4500 -0.4500 -0.4500 -0.4500 -0.4500 -0.4500 -0.4500 -0.4472 -0.4272 -0.4123 -0.4031 -0.4000 -0.4000 -0.4000 -0.4031 -0.4123 -0.4272 -0.4472 -0.4500 -0.4472 -0.4272 -0.4123 -0.4031 -0.4000 -0.4031 -0.4123 -0.4272 -0.4472 -0.4500 -0.4500 -0.4500 -0.4500 -0.4500 -0.4500 -0.4500 -0.4500 -0.4500 -0.4500 -0.4500 -0.4500 -0.4500 -0.4500 -0.4500 -0.4500 -0.4500 -0.4500 -0.4500 -0.4500 -0.4500 -0.4500 -0.4500 -0.4500 -0.4500 -0.4500 -0.4500 -0.4500 -0.4500 -0.4500 -0.4500 -0.4500 -0.4500 -0.4500 -0.4500 -0.4500 -0.4500 -0.4500 -0.4500 -0.4500 -0.4500 -0.4500 -0.4500 -0.4500 -0.4500 -0.4500 -0.4500 -0.4500 -0.4500 -0.4500 -0.4500 -0.4500 -0.4500 -0.4500 -0.4500 -0.4500 -0.4500 -0.4500 -0.4500 -0.4500 -0.4500 -0.4500 -0.4500 -0.4500 -0.4500 -0.4500 -0.4500 -0.4500 -0.4500 -0.4500 -0.4500 -0.4500
0.1581 0.1118 0.0707 0.0500 0.0500 0.0500 0.0500 0.0500 0.0500 0.0500 0.0500 0.0500 0.0500 0.0500 0.0500 0.0500 -0.0500 -0.1000 -0.1000 -0.1000 -0.0707 -0.0500 0.0500 0.1000 0.1500 0.2000 0.2500 0.3000 0.3500 0.4000 0.4500 0.5000 0.5500 0.6000 0.6500 0.7000 0.7500 0.8000 0.8500 0.9000 0.9500 1.0000 1.0500 1.0000 0.9500 0.9000 0.8500 0.8000 0.7500 0.7000 0.6500 0.6000 0.5500 0.5000 0.4500 0.4000 0.3500 0.3000 0.2500 0.2000 0.1500 0.1000 0.0500 -0.0500 -0.0500 -0.0500 -0.0500 -0.0707 -0.1118 -0.1581 -0.2062 -0.2550 -0.3041 -0.3536 -0.4000 -0.3500 -0.3000 -0.2500 -0.2000 -0.1500 -0.1000 -0.0500 0.0500 0.1000 0.1414 0.1803 0.2236 0.2693 0.3162 0.3640 0.4123 0.4610 0.5099 0.5590 0.6083 0.6576 0.7071 0.7566 0.8062 0.8559 0.9055 0.9220 0.8732 0.8246 0.7762 0.7280 0.6801 0.6325 0.5852 0.5385 0.4924 0.4472 0.4000 0.3500 0.3000 0.2500 0.2000 0.1500 0.1000 0.0500 -0.0500 -0.1000 -0.1500 -0.2000 -0.2500 -0.3000 -0.3500 -0.4000 -0.4500 -0.5000 -0.5000 -0.5000 -0.5000 -0.5000 -0.5000 -0.5000 -0.5000 -0.5000 -0.5000 -0.5000 -0.5000 -0.5000 -0.5000 -0.5000 -0.5000 -0.5000 -0.5000 -0.5000 -0.5000 -0.5000 -0.5000 -0.5000 -0.5000 -0.5000 -0.5000 -0.5000 -0.5000 -0.5000 -0.4924 -0.4743 -0.4610 -0.4528 -0.4500 -0.4500 -0.4500 -0.4500 -0.4500 -0.4500 -0.4500 -0.4500 -0.4500 -0.4528 -0.4610 -0.4743 -0.4924 -0.5000 -0.5000 -0.5000 -0.5000 -0.4924 -0.4743 -0.4610 -0.4528 -0.4500 -0.4500 -0.4500 -0.4500 -0.4528 -0.4610 -0.4743 -0.4924 -0.5000 -0.5000 -0.5000 -0.5000 -0.5000 -0.5000 -0.5000 -0.5000 -0.5000 -0.5000 -0.5000 -0.5000 -0.5000 -0.5000 -0.5000 -0.5000 -0.4924 -0.4743 -0.4610 -0.4528 -0.4500 -0.4500 -0.4500 -0.4528 -0.4610 -0.4743 -0.4924 -0.5000 -0.4924 -0.4743 -0.4610 -0.4528 -0.4500 -0.4528 -0.4610 -0.4743 -0.4924 -0.5000 -0.5000 -0.5000 -0.5000 -0.5000 -0.5000 -0.5000 -0.5000 -0.5000 -0.5000 -0.5000 -0.5000 -0.5000 -0.5000 -0.5000 -0.5000 -0.5000 -0.5000 -0.5000 -0.5000 -0.5000 -0.5000 -0.5000 -0.5000 -0.5000 -0.5000 -0.5000 -0.5000 -0.5000 -0.5000 -0.5000 -0.5000 -0.5000 -0.5000 -0.5000 -0.5000 -0.5000 -0.5000 -0.5000 -0.5000 -0.5000 -0.5000 -0.5000 -0.5000 -0.5000 -0.5000 -0.5000 -0.5000 -0.5000 -0.5000 -0.5000 -0.5000 -0.5000 -0.5000 -0.5000 -0.5000 -0.5000 -0.5000 -0.5000 -0.5000 -0.5000 -0.5000 -0.5000 -0.5000 -0.5000 -0.5000 -0.5000 -0.5000 -0.5000 -0.5000 -0.5000 -0.5000
0.1803 0.1414 0.1118 0.1000 0.1000 0.1000 0.1000 0.1000 0.1000 0.1000 0.1000 0.1000 0.1000 0.1000 0.0500 -0.0500 -0.0707 -0.1118 -0.1500 -0.1414 -0.1000 -0.0500 0.0500 0.1000 0.1500 0.2000 0.2500 0.3000 0.3500 0.4000 0.4500 0.5000 0.5500 0.6000 0.6500 0.7000 0.7500 0.8000 0.8500 0.9000 0.9500 1.0000 1.0500 1.0012 0.9513 0.9014 0.8515 0.8016 0.7517 0.7018 0.6519 0.6021 0.5523 0.5025 0.4528 0.4031 0.3536 0.3041 0.2550 0.2062 0.1581 0.1118 0.0707 0.0500 0.0500 0.0500 0.0500 -0.0500 -0.1000 -0.1500 -0.2000 -0.2500 -0.3000 -0.3500 -0.4000 -0.3500 -0.3000 -0.2500 -0.2000 -0.1500 -0.1000 -0.0500 0.0500 0.1000 0.1500 0.2000 0.2500 0.2915 0.3354 0.3808 0.4272 0.4743 0.5220 0.5701 0.6185 0.6671 0.7159 0.7649 0.8139 0.8631 0.9124 0.9341 0.8860 0.8382 0.7906 0.7433 0.6964 0.6500 0.6000 0.5500 0.5000 0.4500 0.4000 0.3500 0.3000 0.2500 0.2000 0.1500 0.1000 0.0500 -0.0500 -0.1000 -0.1500 -0.2000 -0.2500 -0.3000 -0.3500 -0.4000 -0.4500 -0.5000 -0.5500 -0.5500 -0.5500 -0.5500 -0.5500 -0.5500 -0.5500 -0.5500 -0.5500 -0.5500 -0.5500 -0.5500 -0.5500 -0.5500 -0.5500 -0.5500 -0.5500 -0.5500 -0.5500 -0.5500 -0.5500 -0.5500 -0.5500 -0.5500 -0.5500 -0.5500 -0.5500 -0.5500 -0.5385 -0.5220 -0.5099 -0.5025 -0.5000 -0.5000 -0.5000 -0.5000 -0.5000 -0.5000 -0.5000 -0.5000 -0.5000 -0.5025 -0.5099 -0.5220 -0.5385 -0.5500 -0.5500 -0.5500 -0.5500 -0.5385 -0.5220 -0.5099 -0.5025 -0.5000 -0.5000 -0.5000 -0.5000 -0.5025 -0.5099 -0.5220 -0.5385 -0.5500 -0.5500 -0.5500 -0.5500 -0.5500 -0.5500 -0.5500 -0.5500 -0.5500 -0.5500 -0.5500 -0.5500 -0.5500 -0.5500 -0.5500 -0.5500 -0.5385 -0.5220 -0.5099 -0.5025 -0.5000 -0.5000 -0.5000 -0.5025 -0.5099 -0.5220 -0.5385 -0.5500 -0.5385 -0.5220 -0.5099 -0.5025 -0.5000 -0.5025 -0.5099 -0.5220 -0.5385 -0.5500 -0.5500 -0.5500 -0.5500 -0.5500 -0.5500 -0.5500 -0.5500 -0.5500 -0.5500 -0.5500 -0.5500 -0.5500 -0.5500 -0.5500 -0.5500 -0.5500 -0.5500 -0.5500 -0.5500 -0.5500 -0.5500 -0.5500 -0.5500 -0.5500 -0.5500 -0.5500 -0.5500 -0.5500 -0.5500 -0.5500 -0.5500 -0.5500 -0.5500 -0.5500 -0.5500 -0.5500 -0.5500 -0.5500 -0.5500 -0.5500 -0.5500 -0.5500 -0.5500 -0.5500 -0.5500 -0.5500 -0.5500 -0.5500 -0.5500 -0.5500 -0.5500 -0.5500 -0.5500 -0.5500 -0.5500 -0.5500 -0.5500 -0.5500 -0.5500 -0.5500 -0.5500 -0.5500 -0.5500 -0.5500 -0.5500 -0.5500 -0.5500 -0.5500 -0.5500 -0.5500 -0.5500
0.2121 0.1803 0.1581 0.1500 0.1500 0.1500 0.1500 0.1500 0.1500 0.1500 0.1500 0.1500 0.1500 0.1000 0.0500 -0.0500 -0.1000 -0.1414 -0.1803 -0.1500 -0.1000 -0.0500 0.0500 0.1000 0.1500 0.2000 0.2500 0.3000 0.3500 0.4000 0.4500 0.5000 0.5500 0.6000 0.6500 0.7000 0.7500 0.8000 0.8500 0.9000 0.9500 1.0000 1.0500 1.0050 0.9552 0.9055 0.8559 0.8062 0.7566 0.7071 0.6576 0.6083 0.5590 0.5099 0.4610 0.4123 0.3640 0.3162 0.2693 0.2236 0.1803 0.1414 0.1118 0.1000 0.1000 0.0500 -0.0500 -0.0707 -0.1118 -0.1581 -0.2062 -0.2550 -0.3041 -0.3536 -0.4000 -0.3500 -0.3000 -0.2500 -0.2000 -0.1500 -0.1000 -0.0500 0.0500 0.1000 0.1500 0.2000 0.2500 0.3000 0.3500 0.4000 0.4472 0.4924 0.5385 0.5852 0.6325 0.6801 0.7280 0.7762 0.8246 0.8732 0.9220 0.9487 0.9000 0.8500 0.8000 0.7500 0.7000 0.6500 0.6000 0.5500 0.5000 0.4500 0.4000 0.3500 0.3000 0.2500 0.2000 0.1500 0.1000 0.0500 -0.0500 -0.1000 -0.1500 -0.2000 -0.2500 -0.3000 -0.3500 -0.4000 -0.4500 -0.5000 -0.5500 -0.6000 -0.6000 -0.6000 -0.6000 -0.6000 -0.6000 -0.6000 -0.6000 -0.6000 -0.6000 -0.6000 -0.6000 -0.6000 -0.6000 -0.6000 -0.6000 -0.6000 -0.6000 -0.6000 -0.6000 -0.6000 -0.6000 -0.6000 -0.6000 -0.6000 -0.6000 -0.6000 -0.5852 -0.5701 -0.5590 -0.5523 -0.5500 -0.5500 -0.5500 -0.5500 -0.5500 -0.5500 -0.5500 -0.5500 -0.5500 -0.5523 -0.5590 -0.5701 -0.5852 -0.6000 -0.6000 -0.6000 -0.6000 -0.5852 -0.5701 -0.5590 -0.5523 -0.5500 -0.5500 -0.5500 -0.5500 -0.5523 -0.5590 -0.5701 -0.5852 -0.6000 -0.6000 -0.6000 -0.6000 -0.6000 -0.6000 -0.6000 -0.6000 -0.6000 -0.6000 -0.6000 -0.6000 -0.6000 -0.6000 -0.6000 -0.6000 -0.5852 -0.5701 -0.5590 -0.5523 -0.5500 -0.5500 -0.5500 -0.5523 -0.5590 -0.5701 -0.5852 -0.6000 -0.5852 -0.5701 -0.5590 -0.5523 -0.5500 -0.5523 -0.5590 -0.5701 -0.5852 -0.6000 -0.6000 -0.6000 -0.6000 -0.6000 -0.6000 -0.6000 -0.6000 -0.6000 -0.6000 -0.6000 -0.6000 -0.6000 -0.6000 -0.6000 -0.6000 -0.6000 -0.6000 -0.6000 -0.6000 -0.6000 -0.6000 -0.6000 -0.6000 -0.6000 -0.6000 -0.6000 -0.6000 -0.6000 -0.6000 -0.6000 -0.6000 -0.6000 -0.6000 -0.6000 -0.6000 -0.6000 -0.6000 -0.6000 -0.6000 -0.6000 -0.6000 -0.6000 -0.6000 -0.6000 -0.6000 -0.6000 -0.6000 -0.6000 -0.6000 -0.6000 -0.6000 -0.6000 -0.6000 -0.6000 -0.6000 -0.6000 -0.6000 -0.6000 -0.6000 -0.6000 -0.6000 -0.6000 -0.6000 -0.6000 -0.6000 -0.6000 -0.6000 -0.6000 -0.6000 -0.6000 -0.6000
0.2500 0.2236 0.2062 0.2000 0.2000 0.2000 0.2000 0.2000 0.2000 0.2000 0.2000 0.2000 0.1500 0.1000 0.0500 -0.0500 -0.1000 -0.1500 -0.2000 -0.1500 -0.1000 -0.0500 0.0500 0.1000 0.1500 0.2000 0.2500 0.3000 0.3500 0.4000 0.4500 0.5000 0.5500 0.6000 0.6500 0.7000 0.7500 0.8000 0.8500 0.9000 0.9500 1.0000 1.0500 1.0112 0.9618 0.9124 0.8631 0.8139 0.7649 0.7159 0.6671 0.6185 0.5701 0.5220 0.4743 0.4272 0.3808 0.3354 0.2915 0.2500 0.2121 0.1803 0.1581 0.1500 0.1000 0.0500 -0.0500 -0.1000 -0.1414 -0.1803 -0.2236 -0.2693 -0.3162 -0.3640 -0.4000 -0.3500 -0.3000 -0.2500 -0.2000 -0.1500 -0.1000 -0.0500 0.0500 0.1000 0.1500 0.2000 0.2500 0.3000 0.3500 0.4000 0.4500 0.5000 0.5500 0.6000 0.6500 0.6964 0.7433 0.7906 0.8382 0.8860 0.9341 0.9500 0.9000 0.8500 0.8000 0.7500 0.7000 0.6500 0.6000 0.5500 0.5000 0.4500 0.4000 0.3500 0.3000 0.2500 0.2000 0.1500 0.1000 0.0500 -0.0500 -0.1000 -0.1500 -0.2000 -0.2500 -0.3000 -0.3500 -0.4000 -0.4500 -0.5000 -0.5500 -0.6000 -0.6500 -0.6500 -0.6500 -0.6500 -0.6500 -0.6500 -0.6500 -0.6500 -0.6500 -0.6500 -0.6500 -0.6500 -0.6500 -0.6500 -0.6500 -0.6500 -0.6500 -0.6500 -0.6500 -0.6500 -0.6500 -0.6500 -0.6500 -0.6500 -0.6500 -0.6500 -0.6325 -0.6185 -0.6083 -0.6021 -0.6000 -0.6000 -0.6000 -0.6000 -0.6000 -0.6000 -0.6000 -0.6000 -0.6000 -0.6021 -0.6083 -0.6185 -0.6325 -0.6500 -0.6500 -0.6500 -0.6500 -0.6325 -0.6185 -0.6083 -0.6021 -0.6000 -0.6000 -0.6000 -0.6000 -0.6021 -0.6083 -0.6185 -0.6325 -0.6500 -0.6500 -0.6500 -0.6500 -0.6500 -0.6500 -0.6500 -0.6500 -0.6500 -0.6500 -0.6500 -0.6500 -0.6500 -0.6500 -0.6500 -0.6500 -0.6325 -0.6185 -0.6083 -0.6021 -0.6000 -0.6000 -0.6000 -0.6021 -0.6083 -0.6185 -0.6325 -0.6500 -0.6325 -0.6185 -0.6083 -0.6021 -0.6000 -0.6021 -0.6083 -0.6185 -0.6325 -0.6500 -0.6500 -0.6500 -0.6500 -0.6500 -0.6500 -0.6500 -0.6500 -0.6500 -0.6500 -0.6500 -0.6500 -0.6500 -0.6500 -0.6500 -0.6500 -0.6500 -0.6500 -0.6500 -0.6500 -0.6500 -0.6500 -0.6500 -0.6500 -0.6500 -0.6500 -0.6500 -0.6500 -0.6500 -0.6500 -0.6500 -0.6500 -0.6500 -0.6500 -0.6500 -0.6500 -0.6500 -0.6500 -0.6500 -0.6500 -0.6500 -0.6500 -0.6500 -0.6500 -0.6500 -0.6500 -0.6500 -0.6500 -0.6500 -0.6500 -0.6500 -0.6500 -0.6500 -0.6500 -0.6500 -0.6500 -0.6500 -0.6500 -0.6500 -0.6500 -0.6500 -0.6500 -0.6500 -0.6500 -0.6500 -0.6500 -0.6500 -0.6500 -0.6500 -0.6500 -0.6500 -0.6500
0.2915 0.2693 0.2550 0.2500 0.2500 0.2500 0.2500 0.2500 0.2500 0.2500 0.2500 0.2000 0.1500 0.1000 0.0500 -0.0500 -0.1000 -0.1414 -0.1803 -0.1500 -0.1000 -0.0500 0.0500 0.1000 0.1500 0.2000 0.2500 0.3000 0.3500 0.4000 0.4500 0.5000 0.5500 0.6000 0.6500 0.7000 0.7500 0.8000 0.8500 0.9000 0.9500 1.0000 1.0500 1.0198 0.9708 0.9220 0.8732 0.8246 0.7762 0.7280 0.6801 0.6325 0.5852 0.5385 0.4924 0.4472 0.4031 0.3606 0.3202 0.2828 0.2500 0.2236 0.2000 0.1500 0.1000 0.0500 -0.0500 -0.1000 -0.1500 -0.2000 -0.2500 -0.2915 -0.3354 -0.3808 -0.4000 -0.3500 -0.3000 -0.2500 -0.2000 -0.1500 -0.1000 -0.0500 0.0500 0.1000 0.1500 0.2000 0.2500 0.3000 0.3500 0.4000 0.4500 0.5000 0.5500 0.6000 0.6500 0.7000 0.7500 0.8000 0.8500 0.9000 0.9487 0.9500 0.9000 0.8500 0.8000 0.7500 0.7000 0.6500 0.6000 0.5500 0.5000 0.4500 0.4000 0.3500 0.3000 0.2500 0.2000 0.1500 0.1000 0.0500 -0.0500 -0.1000 -0.1500 -0.2000 -0.2500 -0.3000 -0.3500 -0.4000 -0.4500 -0.5000 -0.5500 -0.6000 -0.6500 -0.7000 -0.7000 -0.7000 -0.7000 -0.7000 -0.7000 -0.7000 -0.7000 -0.7000 -0.7000 -0.7000 -0.7000 -0.7000 -0.7000 -0.7000 -0.7000 -0.7000 -0.7000 -0.7000 -0.7000 -0.7000 -0.7000 -0.7000 -0.7000 -0.6964 -0.6801 -0.6671 -0.6576 -0.6519 -0.6500 -0.6500 -0.6500 -0.6500 -0.6500 -0.6500 -0.6500 -0.6500 -0.6500 -0.6519 -0.6576 -0.6671 -0.6801 -0.6964 -0.7000 -0.7000 -0.6964 -0.6801 -0.6671 -0.6576 -0.6519 -0.6500 -0.6500 -0.6500 -0.6500 -0.6519 -0.6576 -0.6671 -0.6801 -0.6964 -0.7000 -0.7000 -0.7000 -0.7000 -0.7000 -0.7000 -0.7000 -0.7000 -0.7000 -0.7000 -0.7000 -0.7000 -0.7000 -0.7000 -0.6964 -0.6801 -0.6671 -0.6576 -0.6519 -0.6500 -0.6500 -0.6500 -0.6519 -0.6576 -0.6671 -0.6801 -0.6964 -0.6801 -0.6671 -0.6576 -0.6519 -0.6500 -0.6519 -0.6576 -0.6671 -0.6801 -0.6964 -0.7000 -0.7000 -0.7000 -0.7000 -0.7000 -0.7000 -0.7000 -0.7000 -0.7000 -0.7000 -0.7000 -0.7000 -0.7000 -0.7000 -0.7000 -0.7000 -0.7000 -0.7000 -0.7000 -0.7000 -0.7000 -0.7000 -0.7000 -0.7000 -0.7000 -0.7000 -0.7000 -0.7000 -0.7000 -0.7000 -0.7000 -0.7000 -0.7000 -0.7000 -0.7000 -0.7000 -0.7000 -0.7000 -0.7000 -0.7000 -0.7000 -0.7000 -0.7000 -0.7000 -0.7000 -0.7000 -0.7000 -0.7000 -0.7000 -0.7000 -0.7000 -0.7000 -0.7000 -0.7000 -0.7000 -0.7000 -0.7000 -0.7000 -0.7000 -0.7000 -0.7000 -0.7000 -0.7000 -0.7000 -0.7000 -0.7000 -0.7000 -0.7000 -0.7000 -0.7000 -0.7000
0.2915 0.2693 0.2550 0.2500 0.2500 0.2500 0.2500 0.2500 0.2500 0.2500 0.2500 0.2000 0.1500 0.1000 0.0500 -0.0500 -0.0707 -0.1118 -0.1581 -0.1500 -0.1000 -0.0500 0.0500 0.1000 0.1500 0.2000 0.2500 0.3000 0.3500 0.4000 0.4500 0.5000 0.5500 0.6000 0.6500 0.7000 0.7500 0.8000 0.8500 0.9000 0.9500 1.0000 1.0500 1.0308 0.9823 0.9341 0.8860 0.8382 0.7906 0.7433 0.6964 0.6500 0.6042 0.5590 0.5148 0.4717 0.4301 0.3905 0.3536 0.3202 0.2915 0.2500 0.2000 0.1500 0.1000 0.0500 -0.0500 -0.1000 -0.1500 -0.2000 -0.2500 -0.3000 -0.3500 -0.4000 -0.4000 -0.3500 -0.3000 -0.2500 -0.2000 -0.1500 -0.1000 -0.0500 0.0500 0.1000 0.1500 0.2000 0.2500 0.3000 0.3500 0.4000 0.4500 0.5000 0.5500 0.6000 0.6500 0.7000 0.7500 0.8000 0.8500 0.9000 0.9500 0.9500 0.9000 0.8500 0.8000 0.7500 0.7000 0.6500 0.6000 0.5500 0.5000 0.4500 0.4000 0.3500 0.3000 0.2500 0.2000 0.1500 0.1000 0.0500 -0.0500 -0.1000 -0.1500 -0.2000 -0.2500 -0.3000 -0.3500 -0.4000 -0.4500 -0.5000 -0.5500 -0.6000 -0.6500 -0.7000 -0.7500 -0.7500 -0.7500 -0.7500 -0.7500 -0.7500 -0.7500 -0.7500 -0.7500 -0.7500 -0.7500 -0.7500 -0.7500 -0.7500 -0.7500 -0.7500 -0.7500 -0.7500 -0.7500 -0.7500 -0.7500 -0.7500 -0.7500 -0.7433 -0.7280 -0.7159 -0.7071 -0.7018 -0.7000 -0.7000 -0.7000 -0.7000 -0.7000 -0.7000 -0.7000 -0.7000 -0.7000 -0.7018 -0.7071 -0.7159 -0.7280 -0.7433 -0.7500 -0.7500 -0.7433 -0.7280 -0.7159 -0.7071 -0.7018 -0.7000 -0.7000 -0.7000 -0.7000 -0.7018 -0.7071 -0.7159 -0.7280 -0.7433 -0.7500 -0.7500 -0.7500 -0.7500 -0.7500 -0.7500 -0.7500 -0.7500 -0.7500 -0.7500 -0.7500 -0.7500 -0.7500 -0.7500 -0.7433 -0.7280 -0.7159 -0.7071 -0.7018 -0.7000 -0.7000 -0.7000 -0.7018 -0.7071 -0.7159 -0.7280 -0.7433 -0.7280 -0.7159 -0.7071 -0.7018 -0.7000 -0.7018 -0.7071 -0.7159 -0.7280 -0.7433 -0.7500 -0.7500 -0.7500 -0.7500 -0.7500 -0.7500 -0.7500 -0.7500 -0.7500 -0.7500 -0.7500 -0.7500 -0.7500 -0.7500 -0.7500 -0.7500 -0.7500 -0.7500 -0.7500 -0.7500 -0.7500 -0.7500 -0.7500 -0.7500 -0.7500 -0.7500 -0.7500 -0.7500 -0.7500 -0.7500 -0.7500 -0.7500 -0.7500 -0.7500 -0.7500 -0.7500 -0.7500 -0.7500 -0.7500 -0.7500 -0.7500 -0.7500 -0.7500 -0.7500 -0.7500 -0.7500 -0.7500 -0.7500 -0.7500 -0.7500 -0.7500 -0.7500 -0.7500 -0.7500 -0.7500 -0.7500 -0.7500 -0.7500 -0.7500 -0.7500 -0.7500 -0.7500 -0.7500 -0.7500 -0.7500 -0.7500 -0.7500 -0.7500 -0.7500 -0.7500 -0.7500
0.2500 0.2236 0.2062 0.2000 0.2000 0.2000 0.2000 0.2000 0.2000 0.2000 0.2000 0.2000 0.1581 0.1118 0.0707 0.0500 -0.0500 -0.1000 -0.1500 -0.1500 -0.1000 -0.0500 0.0500 0.1000 0.1500 0.2000 0.2500 0.3000 0.3500 0.4000 0.4500 0.5000 0.5500 0.6000 0.6500 0.7000 0.7500 0.8000 0.8500 0.9000 0.9500 1.0000 1.0500 1.0440 0.9962 0.9487 0.9014 0.8544 0.8078 0.7616 0.7159 0.6708 0.6265 0.5831 0.5408 0.5000 0.4610 0.4243 0.3905 0.3500 0.3000 0.2500 0.2000 0.1500 0.1000 0.0500 -0.0500 -0.1000 -0.1500 -0.2000 -0.2500 -0.3000 -0.3500 -0.4000 -0.4000 -0.3500 -0.3000 -0.2500 -0.2000 -0.1500 -0.1000 -0.0500 0.0500 0.1000 0.1500 0.2000 0.2500 0.3000 0.3500 0.4000 0.4500 0.5000 0.5500 0.6000 0.6500 0.7000 0.7500 0.8000 0.8500 0.9000 0.9500 0.9500 0.9000 0.8500 0.8000 0.7500 0.7000 0.6500 0.6000 0.5500 0.5000 0.4500 0.4000 0.3500 0.3000 0.2500 0.2000 0.1500 0.1000 0.0500 -0.0500 -0.1000 -0.1500 -0.2000 -0.2500 -0.3000 -0.3500 -0.4000 -0.4500 -0.5000 -0.5500 -0.6000 -0.6500 -0.7000 -0.7500 -0.8000 -0.8000 -0.8000 -0.8000 -0.8000 -0.8000 -0.8000 -0.8000 -0.8000 -0.8000 -0.8000 -0.8000 -0.8000 -0.8000 -0.8000 -0.8000 -0.8000 -0.8000 -0.8000 -0.8000 -0.8000 -0.8000 -0.7906 -0.7762 -0.7649 -0.7566 -0.7517 -0.7500 -0.7500 -0.7500 -0.7500 -0.7500 -0.7500 -0.7500 -0.7500 -0.7500 -0.7517 -0.7566 -0.7649 -0.7762 -0.7906 -0.8000 -0.8000 -0.7906 -0.7762 -0.7649 -0.7566 -0.7517 -0.7500 -0.7500 -0.7500 -0.7500 -0.7517 -0.7566 -0.7649 -0.7762 -0.7906 -0.8000 -0.8000 -0.8000 -0.8000 -0.8000 -0.8000 -0.8000 -0.8000 -0.8000 -0.8000 -0.8000 -0.8000 -0.8000 -0.8000 -0.7906 -0.7762 -0.7649 -0.7566 -0.7517 -0.7500 -0.7500 -0.7500 -0.7517 -0.7566 -0.7649 -0.7762 -0.7906 -0.7762 -0.7649 -0.7566 -0.7517 -0.7500 -0.7517 -0.7566 -0.7649 -0.7762 -0.7906 -0.8000 -0.8000 -0.8000 -0.8000 -0.8000 -0.8000 -0.8000 -0.8000 -0.8000 -0.8000 -0.8000 -0.8000 -0.8000 -0.8000 -0.8000 -0.8000 -0.8000 -0.8000 -0.8000 -0.8000 -0.8000 -0.8000 -0.8000 -0.8000 -0.8000 -0.8000 -0.8000 -0.8000 -0.8000 -0.8000 -0.8000 -0.8000 -0.8000 -0.8000 -0.8000 -0.8000 -0.8000 -0.8000 -0.8000 -0.8000 -0.8000 -0.8000 -0.8000 -0.8000 -0.8000 -0.8000 -0.8000 -0.8000 -0.8000 -0.8000 -0.8000 -0.8000 -0.8000 -0.8000 -0.8000 -0.8000 -0.8000 -0.8000 -0.8000 -0.8000 -0.8000 -0.8000 -0.8000 -0.8000 -0.8000 -0.8000 -0.8000 -0.8000 -0.8000 -0.8000 -0.8000
0.2121 0.1803 0.1581 0.1500 0.1500 0.1500 0.1500 0.1500 0.1500 0.1500 0.1500 0.1500 0.1500 0.1118 0.0707 0.0500 -0.0500 -0.1000 -0.1500 -0.1500 -0.1000 -0.0500 0.0500 0.1000 0.1500 0.2000 0.2500 0.3000 0.3500 0.4000 0.4500 0.5000 0.5500 0.6000 0.6500 0.7000 0.7500 0.8000 0.8500 0.9000 0.9500 1.0000 1.0500 1.0512 1.0124 0.9657 0.9192 0.8732 0.8276 0.7826 0.7382 0.6946 0.6519 0.6103 0.5701 0.5315 0.4950 0.4500 0.4000 0.3500 0.3000 0.2500 0.2000 0.1500 0.1000 0.0500 -0.0500 -0.1000 -0.1500 -0.2000 -0.2500 -0.3000 -0.3500 -0.4000 -0.4000 -0.3500 -0.3000 -0.2500 -0.2000 -0.1500 -0.1000 -0.0500 0.0500 0.1000 0.1500 0.2000 0.2500 0.3000 0.3500 0.4000 0.4500 0.5000 0.5500 0.6000 0.6500 0.7000 0.7500 0.8000 0.8500 0.9000 0.9500 0.9500 0.9000 0.8500 0.8000 0.7500 0.7000 0.6500 0.6000 0.5500 0.5000 0.4500 0.4000 0.3500 0.3000 0.2500 0.2000 0.1500 0.1000 0.0500 -0.0500 -0.1000 -0.1500 -0.2000 -0.2500 -0.3000 -0.3500 -0.4000 -0.4500 -0.5000 -0.5500 -0.6000 -0.6500 -0.7000 -0.7500 -0.8000 -0.8500 -0.8500 -0.8500 -0.8500 -0.8500 -0.8500 -0.8500 -0.8500 -0.8500 -0.8500 -0.8500 -0.8500 -0.8500 -0.8500 -0.8500 -0.8500 -0.8500 -0.8500 -0.8500 -0.8500 -0.8500 -0.8382 -0.8246 -0.8139 -0.8062 -0.8016 -0.8000 -0.8000 -0.8000 -0.8000 -0.8000 -0.8000 -0.8000 -0.8000 -0.8000 -0.8016 -0.8062 -0.8139 -0.8246 -0.8382 -0.8500 -0.8500 -0.8382 -0.8246 -0.8139 -0.8062 -0.8016 -0.8000 -0.8000 -0.8000 -0.8000 -0.8016 -0.8062 -0.8139 -0.8246 -0.8382 -0.8500 -0.8500 -0.8500 -0.8500 -0.8500 -0.8500 -0.8500 -0.8500 -0.8500 -0.8500 -0.8500 -0.8500 -0.8500 -0.8500 -0.8382 -0.8246 -0.8139 -0.8062 -0.8016 -0.8000 -0.8000 -0.8000 -0.8016 -0.8062 -0.8139 -0.8246 -0.8382 -0.8246 -0.8139 -0.8062 -0.8016 -0.8000 -0.8016 -0.8062 -0.8139 -0.8246 -0.8382 -0.8500 -0.8500 -0.8500 -0.8500 -0.8500 -0.8500 -0.8500 -0.8500 -0.8500 -0.8500 -0.8500 -0.8500 -0.8500 -0.8500 -0.8500 -0.8500 -0.8500 -0.8500 -0.8500 -0.8500 -0.8500 -0.8500 -0.8500 -0.8500 -0.8500 -0.8500 -0.8500 -0.8500 -0.8500 -0.8500 -0.8500 -0.8500 -0.8500 -0.8500 -0.8500 -0.8500 -0.8500 -0.8500 -0.8500 -0.8500 -0.8500 -0.8500 -0.8500 -0.8500 -0.8500 -0.8500 -0.8500 -0.8500 -0.8500 -0.8500 -0.8500 -0.8500 -0.8500 -0.8500 -0.8500 -0.8500 -0.8500 -0.8500 -0.8500 -0.8500 -0.8500 -0.8500 -0.8500 -0.8500 -0.8500 -0.8500 -0.8500 -0.8500 -0.8500 -0.8500 -0.8500
0.1803 0.1414 0.1118 0.1000 0.1000 0.1000 0.1000 0.1000 0.1000 0.1000 0.1000 0.1000 0.1000 0.1000 0.0500 -0.0500 -0.0707 -0.1118 -0.1581 -0.1500 -0.1000 -0.0500 0.0500 0.1000 0.1500 0.2000 0.2500 0.3000 0.3500 0.4000 0.4500 0.5000 0.5500 0.6000 0.6500 0.7000 0.7500 0.8000 0.8500 0.9000 0.9500 1.0000 1.0296 1.0062 0.9849 0.9657 0.9394 0.8944 0.8500 0.8062 0.7632 0.7211 0.6801 0.6403 0.6000 0.5500 0.5000 0.4500 0.4000 0.3500 0.3000 0.2500 0.2000 0.1500 0.1000 0.0500 -0.0500 -0.1000 -0.1500 -0.2000 -0.2500 -0.3000 -0.3500 -0.4000 -0.4000 -0.3500 -0.3000 -0.2500 -0.2000 -0.1500 -0.1000 -0.0500 0.0500 0.1000 0.1500 0.2000 0.2500 0.3000 0.3500 0.4000 0.4500 0.5000 0.5500 0.6000 0.6500 0.7000 0.7500 0.8000 0.8500 0.9000 0.9500 0.9500 0.9000 0.8500 0.8000 0.7500 0.7000 0.6500 0.6000 0.5500 0.5000 0.4500 0.4000 0.3500 0.3000 0.2500 0.2000 0.1500 0.1000 0.0500 -0.0500 -0.1000 -0.1500 -0.2000 -0.2500 -0.3000 -0.3500 -0.4000 -0.4500 -0.5000 -0.5500 -0.6000 -0.6500 -0.7000 -0.7500 -0.8000 -0.8500 -0.9000 -0.9000 -0.9000 -0.9000 -0.9000 -0.9000 -0.9000 -0.9000 -0.9000 -0.9000 -0.9000 -0.9000 -0.9000 -0.9000 -0.9000 -0.9000 -0.9000 -0.9000 -0.9000 -0.9000 -0.8860 -0.8732 -0.8631 -0.8559 -0.8515 -0.8500 -0.8500 -0.8500 -0.8500 -0.8500 -0.8500 -0.8500 -0.8500 -0.8500 -0.8515 -0.8559 -0.8631 -0.8732 -0.8860 -0.9000 -0.9000 -0.8860 -0.8732 -0.8631 -0.8559 -0.8515 -0.8500 -0.8500 -0.8500 -0.8500 -0.8515 -0.8559 -0.8631 -0.8732 -0.8860 -0.9000 -0.9000 -0.9000 -0.9000 -0.9000 -0.9000 -0.9000 -0.9000 -0.9000 -0.9000 -0.9000 -0.9000 -0.9000 -0.9000 -0.8860 -0.8732 -0.8631 -0.8559 -0.8515 -0.8500 -0.8500 -0.8500 -0.8515 -0.8559 -0.8631 -0.8732 -0.8860 -0.8732 -0.8631 -0.8559 -0.8515 -0.8500 -0.8515 -0.8559 -0.8631 -0.8732 -0.8860 -0.9000 -0.9000 -0.9000 -0.9000 -0.9000 -0.9000 -0.9000 -0.9000 -0.9000 -0.9000 -0.9000 -0.9000 -0.9000 -0.9000 -0.9000 -0.9000 -0.9000 -0.9000 -0.9000 -0.9000 -0.9000 -0.9000 -0.9000 -0.9000 -0.9000 -0.9000 -0.9000 -0.9000 -0.9000 -0.9000 -0.9000 -0.9000 -0.9000 -0.9000 -0.9000 -0.9000 -0.9000 -0.9000 -0.9000 -0.9000 -0.9000 -0.9000 -0.9000 -0.9000 -0.9000 -0.9000 -0.9000 -0.9000 -0.9000 -0.9000 -0.9000 -0.9000 -0.9000 -0.9000 -0.9000 -0.9000 -0.9000 -0.9000 -0.9000 -0.9000 -0.9000 -0.9000 -0.9000 -0.9000 -0.9000 -0.9000 -0.9000 -0.9000 -0.9000 -0.9000 -0.9000
0.1581 0.1118 0.0707 0.0500 0.0500 0.0500 0.0500 0.0500 0.0500 0.0500 0.0500 0.0500 0.0500 0.0500 0.0500 -0.0500 -0.1000 -0.1414 -0.1803 -0.1500 -0.1000 -0.0500 0.0500 0.1000 0.1500 0.2000 0.2500 0.3000 0.3500 0.4000 0.4500 0.5000 0.5500 0.6000 0.6500 0.7000 0.7500 0.8000 0.8500 0.9000 0.9487 0.9657 0.9849 0.9618 0.9394 0.9192 0.9014 0.8860 0.8732 0.8322 0.7906 0.7500 0.7000 0.6500 0.6000 0.5500 0.5000 0.4500 0.4000 0.3500 0.3000 0.2500 0.2000 0.1500 0.1000 0.0500 -0.0500 -0.1000 -0.1500 -0.2000 -0.2500 -0.3000 -0.3500 -0.4000 -0.4000 -0.3500 -0.3000 -0.2500 -0.2000 -0.1500 -0.1000 -0.0500 0.0500 0.1000 0.1500 0.2000 0.2500 0.3000 0.3500 0.4000 0.4500 0.5000 0.5500 0.6000 0.6500 0.7000 0.7500 0.8000 0.8500 0.9000 0.9500 0.9500 0.9000 0.8500 0.8000 0.7500 0.7000 0.6500 0.6000 0.5500 0.5000 0.4500 0.4000 0.3500 0.3000 0.2500 0.2000 0.1500 0.1000 0.0500 -0.0500 -0.1000 -0.1500 -0.2000 -0.2500 -0.3000 -0.3500 -0.4000 -0.4500 -0.5000 -0.5500 -0.6000 -0.6500 -0.7000 -0.7500 -0.8000 -0.8500 -0.9000 -0.9500 -0.9500 -0.9500 -0.9500 -0.9500 -0.9500 -0.9500 -0.9500 -0.9500 -0.9500 -0.9500 -0.9500 -0.9500 -0.9500 -0.9500 -0.9500 -0.9500 -0.9500 -0.9487 -0.9341 -0.9220 -0.9124 -0.9055 -0.9014 -0.9000 -0.9000 -0.9000 -0.9000 -0.9000 -0.9000 -0.9000 -0.9000 -0.9000 -0.9014 -0.9055 -0.9124 -0.9220 -0.9341 -0.9487 -0.9487 -0.9341 -0.9220 -0.9124 -0.9055 -0.9014 -0.9000 -0.9000 -0.9000 -0.9000 -0.9014 -0.9055 -0.9124 -0.9220 -0.9341 -0.9487 -0.9500 -0.9500 -0.9500 -0.9500 -0.9500 -0.9500 -0.9500 -0.9500 -0.9500 -0.9500 -0.9500 -0.9500 -0.9487 -0.9341 -0.9220 -0.9124 -0.9055 -0.9014 -0.9000 -0.9000 -0.9000 -0.9014 -0.9055 -0.9124 -0.9220 -0.9341 -0.9220 -0.9124 -0.9055 -0.9014 -0.9000 -0.9014 -0.9055 -0.9124 -0.9220 -0.9341 -0.9487 -0.9500 -0.9500 -0.9500 -0.9500 -0.9500 -0.9500 -0.9500 -0.9500 -0.9500 -0.9500 -0.9500 -0.9500 -0.9500 -0.9500 -0.9500 -0.9500 -0.9500 -0.9500 -0.9500 -0.9500 -0.9500 -0.9500 -0.9500 -0.9500 -0.9500 -0.9500 -0.9500 -0.9500 -0.9500 -0.9500 -0.9500 -0.9500 -0.9500 -0.9500 -0.9500 -0.9500 -0.9500 -0.9500 -0.9500 -0.9500 -0.9500 -0.9500 -0.9500 -0.9500 -0.9500 -0.9500 -0.9500 -0.9500 -0.9500 -0.9500 -0.9500 -0.9500 -0.9500 -0.9500 -0.9500 -0.9500 -0.9500 -0.9500 -0.9500 -0.9500 -0.9500 -0.9500 -0.9500 -0.9500 -0.9500 -0.9500 -0.9500 -0.9500 -0.9500 -0.9500
0.1500 0.1000 0.0500 -0.0500 -0.0500 -0.0500 -0.0500 -0.0500 -0.0500 -0.0500 -0.0500 -0.0500 -0.0500 -0.0500 -0.0500 -0.0707 -0.1118 -0.1581 -0.2000 -0.1500 -0.1000 -0.0500 0.0500 0.1000 0.1500 0.2000 0.2500 0.3000 0.3500 0.4000 0.4500 0.5000 0.5500 0.6000 0.6500 0.7000 0.7500 0.8000 0.8500 0.8860 0.9014 0.9192 0.9394 0.9179 0.8944 0.8732 0.8544 0.8382 0.8246 0.8139 0.8000 0.7500 0.7000 0.6500 0.6000 0.5500 0.5000 0.4500 0.4000 0.3500 0.3000 0.2500 0.2000 0.1500 0.1000 0.0500 -0.0500 -0.1000 -0.1500 -0.2000 -0.2500 -0.2915 -0.3354 -0.3808 -0.4000 -0.3500 -0.3000 -0.2500 -0.2000 -0.1500 -0.1000 -0.0500 0.0500 0.1000 0.1500 0.2000 0.2500 0.3000 0.3500 0.4000 0.4500 0.5000 0.5500 0.6000 0.6500 0.7000 0.7500 0.8000 0.8500 0.9000 0.9500 0.9500 0.9000 0.8500 0.8000 0.7500 0.7000 0.6500 0.6000 0.5500 0.5000 0.4500 0.4000 0.3500 0.3000 0.2500 0.2000 0.1500 0.1000 0.0500 -0.0500 -0.1000 -0.1500 -0.2000 -0.2500 -0.3000 -0.3500 -0.4000 -0.4500 -0.5000 -0.5500 -0.6000 -0.6500 -0.7000 -0.7500 -0.8000 -0.8500 -0.9000 -0.9500 -1.0000 -1.0000 -1.0000 -1.0000 -1.0000 -1.0000 -1.0000 -1.0000 -1.0000 -1.0000 -1.0000 -1.0000 -1.0000 -1.0000 -1.0000 -1.0000 -1.0000 -0.9962 -0.9823 -0.9708 -0.9618 -0.9552 -0.9513 -0.9500 -0.9500 -0.9500 -0.9500 -0.9500 -0.9500 -0.9500 -0.9500 -0.9500 -0.9513 -0.9552 -0.9618 -0.9708 -0.9823 -0.9962 -0.9962 -0.9823 -0.9708 -0.9618 -0.9552 -0.9513 -0.9500 -0.9500 -0.9500 -0.9500 -0.9513 -0.9552 -0.9618 -0.9708 -0.9823 -0.9962 -1.0000 -1.0000 -1.0000 -1.0000 -1.0000 -1.0000 -1.0000 -1.0000 -1.0000 -1.0000 -1.0000 -1.0000 -0.9962 -0.9823 -0.9708 -0.9618 -0.9552 -0.9513 -0.9500 -0.9500 -0.9500 -0.9513 -0.9552 -0.9618 -0.9708 -0.9823 -0.9708 -0.9618 -0.9552 -0.9513 -0.9500 -0.9513 -0.9552 -0.9618 -0.9708 -0.9823 -0.9962 -1.0000 -1.0000 -1.0000 -1.0000 -1.0000 -1.0000 -1.0000 -1.0000 -1.0000 -1.0000 -1.0000 -1.0000 -1.0000 -1.0000 -1.0000 -1.0000 -1.0000 -1.0000 -1.0000 -1.0000 -1.0000 -1.0000 -1.0000 -1.0000 -1.0000 -1.0000 -1.0000 -1.0000 -1.0000 -1.0000 -1.0000 -1.0000 -1.0000 -1.0000 -1.0000 -1.0000 -1.0000 -1.0000 -1.0000 -1.0000 -1.0000 -1.0000 -1.0000 -1.0000 -1.0000 -1.0000 -1.0000 -1.0000 -1.0000 -1.0000 -1.0000 -1.0000 -1.0000 -1.0000 -1.0000 -1.0000 -1.0000 -1.0000 -1.0000 -1.0000 -1.0000 -1.0000 -1.0000 -1.0000 -1.0000 -1.0000 -1.0000 -1.0000 -1.0000 -1.0000
0.1500 0.1000 0.0500 -0.0500 -0.1000 -0.1000 -0.1000 -0.1000 -0.1000 -0.1000 -0.1000 -0.1000 -0.1000 -0.1000 -0.1000 -0.1118 -0.1414 -0.1803 -0.2000 -0.1500 -0.1000 -0.0500 0.0500 0.1000 0.1500 0.2000 0.2500 0.3000 0.3500 0.4000 0.4500 0.5000 0.5500 0.6000 0.6500 0.7000 0.7500 0.8000 0.8246 0.8382 0.8544 0.8732 0.8944 0.8746 0.8500 0.8276 0.8078 0.7906 0.7762 0.7649 0.7566 0.7500 0.7000 0.6500 0.6000 0.5500 0.5000 0.4500 0.4000 0.3500 0.3000 0.2500 0.2000 0.1500 0.1000 0.0500 -0.0500 -0.1000 -0.1414 -0.1803 -0.2236 -0.2693 -0.3162 -0.3536 -0.3640 -0.3500 -0.3000 -0.2500 -0.2000 -0.1500 -0.1000 -0.0500 0.0500 0.1000 0.1500 0.2000 0.2500 0.3000 0.3500 0.4000 0.4500 0.5000 0.5500 0.6000 0.6500 0.7000 0.7500 0.8000 0.8500 0.9000 0.9500 0.9500 0.9000 0.8500 0.8000 0.7500 0.7000 0.6500 0.6000 0.5500 0.5000 0.4500 0.4000 0.3500 0.3000 0.2500 0.2000 0.1500 0.1000 0.0500 -0.0500 -0.1000 -0.1500 -0.2000 -0.2500 -0.3000 -0.3500 -0.4000 -0.4500 -0.5000 -0.5500 -0.6000 -0.6500 -0.7000 -0.7500 -0.8000 -0.8500 -0.9000 -0.9500 -1.0000 -1.0500 -1.0500 -1.0500 -1.0500 -1.0500 -1.0500 -1.0500 -1.0500 -1.0500 -1.0500 -1.0500 -1.0500 -1.0500 -1.0500 -1.0500 -1.0500 -1.0440 -1.0308 -1.0198 -1.0112 -1.0050 -1.0012 -1.0000 -1.0000 -1.0000 -1.0000 -1.0000 -1.0000 -1.0000 -1.0000 -1.0000 -1.0012 -1.0050 -1.0112 -1.0198 -1.0308 -1.0440 -1.0440 -1.0308 -1.0198 -1.0112 -1.0050 -1.0012 -1.0000 -1.0000 -1.0000 -1.0000 -1.0012 -1.0050 -1.0112 -1.0198 -1.0308 -1.0440 -1.0500 -1.0500 -1.0500 -1.0500 -1.0500 -1.0500 -1.0500 -1.0500 -1.0500 -1.0500 -1.0500 -1.0500 -1.0440 -1.0308 -1.0198 -1.0112 -1.0050 -1.0012 -1.0000 -1.0000 -1.0000 -1.0012 -1.0050 -1.0112 -1.0198 -1.0308 -1.0198 -1.0112 -1.0050 -1.0012 -1.0000 -1.0012 -1.0050 -1.0112 -1.0198 -1.0308 -1.0440 -1.0500 -1.0500 -1.0500 -1.0500 -1.0500 -1.0500 -1.0500 -1.0500 -1.0500 -1.0500 -1.0500 -1.0500 -1.0500 -1.0500 -1.0500 -1.0500 -1.0500 -1.0500 -1.0500 -1.0500 -1.0500 -1.0500 -1.0500 -1.0500 -1.0500 -1.0500 -1.0500 -1.0500 -1.0500 -1.0500 -1.0500 -1.0500 -1.0500 -1.0500 -1.0500 -1.0500 -1.0500 -1.0500 -1.0500 -1.0500 -1.0500 -1.0500 -1.0500 -1.0500 -1.0500 -1.0500 -1.0500 -1.0500 -1.0500 -1.0500 -1.0500 -1.0500 -1.0500 -1.0500 -1.0500 -1.0500 -1.0500 -1.0500 -1.0500 -1.0500 -1.0500 -1.0500 -1.0500 -1.0500 -1.0500 -1.0500 -1.0500 -1.0500 -1.0500 -1.0500
0.1500 0.1000 0.0500 -0.0500 -0.1000 -0.1500 -0.1500 -0.1500 -0.1500 -0.1500 -0.1500 -0.1500 -0.1500 -0.1500 -0.1500 -0.1581 -0.1803 -0.2121 -0.2000 -0.1500 -0.1000 -0.0500 0.0500 0.1000 0.1500 0.2000 0.2500 0.3000 0.3500 0.4000 0.4500 0.5000 0.5500 0.6000 0.6500 0.7000 0.7500 0.7649 0.7762 0.7906 0.8078 0.8276 0.8500 0.8322 0.8062 0.7826 0.7616 0.7433 0.7280 0.7159 0.7071 0.7018 0.7000 0.6500 0.6000 0.5500 0.5000 0.4500 0.4000 0.3500 0.3000 0.2500 0.2000 0.1500 0.1000 0.0500 -0.0500 -0.0707 -0.1118 -0.1581 -0.2062 -0.2550 -0.3000 -0.3041 -0.3162 -0.3354 -0.3000 -0.2500 -0.2000 -0.1500 -0.1000 -0.0500 0.0500 0.1000 0.1500 0.2000 0.2500 0.3000 0.3500 0.4000 0.4500 0.5000 0.5500 0.6000 0.6500 0.7000 0.7500 0.8000 0.8500 0.9000 0.9500 0.9500 0.9000 0.8500 0.8000 0.7500 0.7000 0.6500 0.6000 0.5500 0.5000 0.4500 0.4000 0.3500 0.3000 0.2500 0.2000 0.1500 0.1000 0.0500 -0.0500 -0.1000 -0.1500 -0.2000 -0.2500 -0.3000 -0.3500 -0.4000 -0.4500 -0.5000 -0.5500 -0.6000 -0.6500 -0.7000 -0.7500 -0.8000 -0.8500 -0.9000 -0.9500 -1.0000 -1.0500 -1.1000 -1.1000 -1.1000 -1.1000 -1.1000 -1.1000 -1.1000 -1.1000 -1.1000 -1.1000 -1.1000 -1.1000 -1.1000 -1.1000 -1.1000 -1.0920 -1.0794 -1.0689 -1.0607 -1.0548 -1.0512 -1.0500 -1.0500 -1.0500 -1.0500 -1.0500 -1.0500 -1.0500 -1.0500 -1.0500 -1.0512 -1.0548 -1.0607 -1.0689 -1.0794 -1.0920 -1.0920 -1.0794 -1.0689 -1.0607 -1.0548 -1.0512 -1.0500 -1.0500 -1.0500 -1.0500 -1.0512 -1.0548 -1.0607 -1.0689 -1.0794 -1.0920 -1.1000 -1.1000 -1.1000 -1.1000 -1.1000 -1.1000 -1.1000 -1.1000 -1.1000 -1.1000 -1.1000 -1.1000 -1.0920 -1.0794 -1.0689 -1.0607 -1.0548 -1.0512 -1.0500 -1.0500 -1.0500 -1.0512 -1.0548 -1.0607 -1.0689 -1.0794 -1.0689 -1.0607 -1.0548 -1.0512 -1.0500 -1.0512 -1.0548 -1.0607 -1.0689 -1.0794 -1.0920 -1.1000 -1.1000 -1.1000 -1.1000 -1.1000 -1.1000 -1.1000 -1.1000 -1.1000 -1.1000 -1.1000 -1.1000 -1.1000 -1.1000 -1.1000 -1.1000 -1.1000 -1.1000 -1.1000 -1.1000 -1.1000 -1.1000 -1.1000 -1.1000 -1.1000 -1.1000 -1.1000 -1.1000 -1.1000 -1.1000 -1.1000 -1.1000 -1.1000 -1.1000 -1.1000 -1.1000 -1.1000 -1.1000 -1.1000 -1.1000 -1.1000 -1.1000 -1.1000 -1.1000 -1.1000 -1.1000 -1.1000 -1.1000 -1.1000 -1.1000 -1.1000 -1.1000 -1.1000 -1.1000 -1.1000 -1.1000 -1.1000 -1.1000 -1.1000 -1.1000 -1.1000 -1.1000 -1.1000 -1.1000 -1.1000 -1.1000 -1.1000 -1.1000 -1.1000 -1.1000
0.1500 0.1000 0.0500 -0.0500 -0.1000 -0.1500 -0.2000 -0.2000 -0.2000 -0.2000 -0.2000 -0.2000 -0.2000 -0.2000 -0.2000 -0.2062 -0.2236 -0.2500 -0.2000 -0.1500 -0.1000 -0.0500 0.0500 0.1000 0.1500 0.2000 0.2500 0.3000 0.3500 0.4000 0.4500 0.5000 0.5500 0.6000 0.6500 0.7000 0.7071 0.7159 0.7280 0.7433 0.7616 0.7826 0.8062 0.7906 0.7632 0.7382 0.7159 0.6964 0.6801 0.6671 0.6576 0.6519 0.6500 0.6500 0.6021 0.5523 0.5025 0.4528 0.4031 0.3536 0.3041 0.2550 0.2062 0.1581 0.1118 0.0707 0.0500 -0.0500 -0.1000 -0.1500 -0.2000 -0.2500 -0.2500 -0.2550 -0.2693 -0.2915 -0.3000 -0.2500 -0.2000 -0.1500 -0.1000 -0.0500 0.0500 0.1000 0.1500 0.2000 0.2500 0.3000 0.3500 0.4000 0.4500 0.5000 0.5500 0.6000 0.6500 0.7000 0.7500 0.8000 0.8500 0.9000 0.9500 0.9500 0.9000 0.8500 0.8000 0.7500 0.7000 0.6500 0.6000 0.5500 0.5000 0.4500 0.4000 0.3500 0.3000 0.2500 0.2000 0.1500 0.1000 0.0500 -0.0500 -0.1000 -0.1500 -0.2000 -0.2500 -0.3000 -0.3500 -0.4000 -0.4500 -0.5000 -0.5500 -0.6000 -0.6500 -0.7000 -0.7500 -0.8000 -0.8500 -0.9000 -0.9500 -1.0000 -1.0500 -1.1000 -1.1500 -1.1500 -1.1500 -1.1500 -1.1500 -1.1500 -1.1500 -1.1500 -1.1500 -1.1500 -1.1500 -1.1500 -1.1500 -1.1500 -1.1402 -1.1281 -1.1180 -1.1102 -1.1045 -1.1011 -1.1000 -1.1000 -1.1000 -1.1000 -1.1000 -1.1000 -1.1000 -1.1000 -1.1000 -1.1011 -1.1045 -1.1102 -1.1180 -1.1281 -1.1402 -1.1402 -1.1281 -1.1180 -1.1102 -1.1045 -1.1011 -1.1000 -1.1000 -1.1000 -1.1000 -1.1011 -1.1045 -1.1102 -1.1180 -1.1281 -1.1402 -1.1500 -1.1500 -1.1500 -1.1500 -1.1500 -1.1500 -1.1500 -1.1500 -1.1500 -1.1500 -1.1500 -1.1500 -1.1402 -1.1281 -1.1180 -1.1102 -1.1045 -1.1011 -1.1000 -1.1000 -1.1000 -1.1011 -1.1045 -1.1102 -1.1180 -1.1281 -1.1180 -1.1102 -1.1045 -1.1011 -1.1000 -1.1011 -1.1045 -1.1102 -1.1180 -1.1281 -1.1402 -1.1500 -1.1500 -1.1500 -1.1500 -1.1500 -1.1500 -1.1500 -1.1500 -1.1500 -1.1500 -1.1500 -1.1500 -1.1500 -1.1500 -1.1500 -1.1500 -1.1500 -1.1500 -1.1500 -1.1500 -1.1500 -1.1500 -1.1500 -1.1500 -1.1500 -1.1500 -1.1500 -1.1500 -1.1500 -1.1500 -1.1500 -1.1500 -1.1500 -1.1500 -1.1500 -1.1500 -1.1500 -1.1500 -1.1500 -1.1500 -1.1500 -1.1500 -1.1500 -1.1500 -1.1500 -1.1500 -1.1500 -1.1500 -1.1500 -1.1500 -1.1500 -1.1500 -1.1500 -1.1500 -1.1500 -1.1500 -1.1500 -1.1500 -1.1500 -1.1500 -1.1500 -1.1500 -1.1500 -1.1500 -1.1500 -1.1500 -1.1500 -1.1500 -1.1500 -1.1500
0.1500 0.1000 0.0500 -0.0500 -0.1000 -0.1500 -0.2000 -0.2500 -0.2500 -0.2500 -0.2500 -0.2500 -0.2500 -0.2500 -0.2500 -0.2550 -0.2693 -0.2500 -0.2000 -0.1500 -0.1000 -0.0500 0.0500 0.1000 0.1500 0.2000 0.2500 0.3000 0.3500 0.4000 0.4500 0.5000 0.5500 0.6000 0.6500 0.6519 0.6576 0.6671 0.6801 0.6964 0.7159 0.7382 0.7616 0.7500 0.7211 0.6946 0.6708 0.6500 0.6325 0.6185 0.6083 0.6021 0.6000 0.6000 0.6000 0.5590 0.5099 0.4610 0.4123 0.3640 0.3162 0.2693 0.2236 0.1803 0.1414 0.1000 0.0500 -0.0500 -0.1000 -0.1500 -0.2000 -0.2000 -0.2000 -0.2062 -0.2236 -0.2500 -0.2828 -0.2500 -0.2000 -0.1500 -0.1000 -0.0500 0.0500 0.1000 0.1500 0.2000 0.2500 0.3000 0.3500 0.4000 0.4500 0.5000 0.5500 0.6000 0.6500 0.7000 0.7500 0.8000 0.8500 0.9000 0.9500 0.9500 0.9000 0.8500 0.8000 0.7500 0.7000 0.6500 0.6000 0.5500 0.5000 0.4500 0.4000 0.3500 0.3000 0.2500 0.2000 0.1500 0.1000 0.0500 -0.0500 -0.1000 -0.1500 -0.2000 -0.2500 -0.3000 -0.3500 -0.4000 -0.4500 -0.5000 -0.5500 -0.6000 -0.6500 -0.7000 -0.7500 -0.8000 -0.8500 -0.9000 -0.9500 -1.0000 -1.0500 -1.1000 -1.1500 -1.2000 -1.2000 -1.2000 -1.2000 -1.2000 -1.2000 -1.2000 -1.2000 -1.2000 -1.2000 -1.2000 -1.2000 -1.2000 -1.1885 -1.1769 -1.1673 -1.1597 -1.1543 -1.1511 -1.1500 -1.1500 -1.1500 -1.1500 -1.1500 -1.1500 -1.1500 -1.1500 -1.1500 -1.1511 -1.1543 -1.1597 -1.1673 -1.1769 -1.1885 -1.1885 -1.1769 -1.1673 -1.1597 -1.1543 -1.1511 -1.1500 -1.1500 -1.1500 -1.1500 -1.1511 -1.1543 -1.1597 -1.1673 -1.1769 -1.1885 -1.2000 -1.2000 -1.2000 -1.2000 -1.2000 -1.2000 -1.2000 -1.2000 -1.2000 -1.2000 -1.2000 -1.2000 -1.1885 -1.1769 -1.1673 -1.1597 -1.1543 -1.1511 -1.1500 -1.1500 -1.1500 -1.1511 -1.1543 -1.1597 -1.1673 -1.1769 -1.1673 -1.1597 -1.1543 -1.1511 -1.1500 -1.1511 -1.1543 -1.1597 -1.1673 -1.1769 -1.1885 -1.2000 -1.2000 -1.2000 -1.2000 -1.2000 -1.2000 -1.2000 -1.2000 -1.2000 -1.2000 -1.2000 -1.2000 -1.2000 -1.2000 -1.2000 -1.2000 -1.2000 -1.2000 -1.2000 -1.2000 -1.2000 -1.2000 -1.2000 -1.2000 -1.2000 -1.2000 -1.2000 -1.2000 -1.2000 -1.2000 -1.2000 -1.2000 -1.2000 -1.2000 -1.2000 -1.2000 -1.2000 -1.2000 -1.2000 -1.2000 -1.2000 -1.2000 -1.2000 -1.2000 -1.2000 -1.2000 -1.2000 -1.2000 -1.2000 -1.2000 -1.2000 -1.2000 -1.2000 -1.2000 -1.2000 -1.2000 -1.2000 -1.2000 -1.2000 -1.2000 -1.2000 -1.2000 -1.2000 -1.2000 -1.2000 -1.2000 -1.2000 -1.2000 -1.2000 -1.2000
0.1500 0.1000 0.0500 -0.0500 -0.1000 -0.1500 -0.2000 -0.2236 -0.2500 -0.2828 -0.3000 -0.3000 -0.3000 -0.3000 -0.3000 -0.3000 -0.3000 -0.2500 -0.2000 -0.1500 -0.1000 -0.0500 0.0500 0.1000 0.1500 0.2000 0.2500 0.3000 0.3500 0.4000 0.4500 0.5000 0.5500 0.6000 0.6000 0.6021 0.6083 0.6185 0.6325 0.6500 0.6708 0.6946 0.7159 0.7106 0.6801 0.6519 0.6265 0.6042 0.5852 0.5701 0.5590 0.5523 0.5500 0.5500 0.5500 0.5500 0.5220 0.4743 0.4272 0.3808 0.3354 0.2915 0.2500 0.2000 0.1500 0.1000 0.0500 -0.0500 -0.1000 -0.1500 -0.1500 -0.1500 -0.1500 -0.1581 -0.1803 -0.2121 -0.2500 -0.2500 -0.2000 -0.1500 -0.1000 -0.0500 0.0500 0.1000 0.1500 0.2000 0.2500 0.3000 0.3500 0.4000 0.4500 0.5000 0.5500 0.6000 0.6500 0.7000 0.7500 0.8000 0.8500 0.9000 0.9500 0.9500 0.9000 0.8500 0.8000 0.7500 0.7000 0.6500 0.6000 0.5500 0.5000 0.4500 0.4000 0.3500 0.3000 0.2500 0.2000 0.1500 0.1000 0.0500 -0.0500 -0.1000 -0.1500 -0.2000 -0.2500 -0.3000 -0.3500 -0.4000 -0.4500 -0.5000 -0.5500 -0.6000 -0.6500 -0.7000 -0.7500 -0.8000 -0.8500 -0.9000 -0.9500 -1.0000 -1.0500 -1.1000 -1.1500 -1.2000 -1.2500 -1.2500 -1.2500 -1.2500 -1.2500 -1.2500 -1.2500 -1.2500 -1.2500 -1.2500 -1.2500 -1.2500 -1.2369 -1.2258 -1.2166 -1.2093 -1.2042 -1.2010 -1.2000 -1.2000 -1.2000 -1.2000 -1.2000 -1.2000 -1.2000 -1.2000 -1.2000 -1.2010 -1.2042 -1.2093 -1.2166 -1.2258 -1.2369 -1.2369 -1.2258 -1.2166 -1.2093 -1.2042 -1.2010 -1.2000 -1.2000 -1.2000 -1.2000 -1.2010 -1.2042 -1.2093 -1.2166 -1.2258 -1.2369 -1.2500 -1.2500 -1.2500 -1.2500 -1.2500 -1.2500 -1.2500 -1.2500 -1.2500 -1.2500 -1.2500 -1.2500 -1.2369 -1.2258 -1.2166 -1.2093 -1.2042 -1.2010 -1.2000 -1.2000 -1.2000 -1.2010 -1.2042 -1.2093 -1.2166 -1.2258 -1.2166 -1.2093 -1.2042 -1.2010 -1.2000 -1.2010 -1.2042 -1.2093 -1.2166 -1.2258 -1.2369 -1.2500 -1.2500 -1.2500 -1.2500 -1.2500 -1.2500 -1.2500 -1.2500 -1.2500 -1.2500 -1.2500 -1.2500 -1.2500 -1.2500 -1.2500 -1.2500 -1.2500 -1.2500 -1.2500 -1.2500 -1.2500 -1.2500 -1.2500 -1.2500 -1.2500 -1.2500 -1.2500 -1.2500 -1.2500 -1.2500 -1.2500 -1.2500 -1.2500 -1.2500 -1.2500 -1.2500 -1.2500 -1.2500 -1.2500 -1.2500 -1.2500 -1.2500 -1.2500 -1.2500 -1.2500 -1.2500 -1.2500 -1.2500 -1.2500 -1.2500 -1.2500 -1.2500 -1.2500 -1.2500 -1.2500 -1.2500 -1.2500 -1.2500 -1.2500 -1.2500 -1.2500 -1.2500 -1.2500 -1.2500 -1.2500 -1.2500 -1.2500 -1.2500 -1.2500 -1.2500
0.1500 0.1000 0.0500 -0.0500 -0.1000 -0.1500 -0.1581 -0.1803 -0.2121 -0.2500 -0.2500 -0.2500 -0.2500 -0.2500 -0.2500 -0.2500 -0.2550 -0.2500 -0.2000 -0.1500 -0.1000 -0.0500 0.0500 0.1000 0.1500 0.2000 0.2500 0.3000 0.3500 0.4000 0.4500 0.5000 0.5500 0.5500 0.5500 0.5523 0.5590 0.5701 0.5852 0.6042 0.6265 0.6500 0.6708 0.6727 0.6403 0.6103 0.5831 0.5590 0.5385 0.5220 0.5099 0.5025 0.5000 0.5000 0.5000 0.5000 0.5000 0.4924 0.4472 0.4000 0.3500 0.3000 0.2500 0.2000 0.1500 0.1000 0.0500 -0.0500 -0.1000 -0.1000 -0.1000 -0.1000 -0.1000 -0.1118 -0.1414 -0.1803 -0.2236 -0.2500 -0.2000 -0.1500 -0.1000 -0.0500 0.0500 0.1000 0.1500 0.2000 0.2500 0.3000 0.3500 0.4000 0.4500 0.5000 0.5500 0.6000 0.6500 0.7000 0.7500 0.8000 0.8500 0.9000 0.9500 0.9500 0.9000 0.8500 0.8000 0.7500 0.7000 0.6500 0.6000 0.5500 0.5000 0.4500 0.4000 0.3500 0.3000 0.2500 0.2000 0.1500 0.1000 0.0500 -0.0500 -0.1000 -0.1500 -0.2000 -0.2500 -0.3000 -0.3500 -0.4000 -0.4500 -0.5000 -0.5500 -0.6000 -0.6500 -0.7000 -0.7500 -0.8000 -0.8500 -0.9000 -0.9500 -1.0000 -1.0500 -1.1000 -1.1500 -1.2000 -1.2500 -1.3000 -1.3000 -1.3000 -1.3000 -1.3000 -1.3000 -1.3000 -1.3000 -1.3000 -1.3000 -1.2981 -1.2855 -1.2748 -1.2659 -1.2590 -1.2540 -1.2510 -1.2500 -1.2500 -1.2500 -1.2500 -1.2500 -1.2500 -1.2500 -1.2500 -1.2500 -1.2510 -1.2540 -1.2590 -1.2659 -1.2748 -1.2855 -1.2855 -1.2748 -1.2659 -1.2590 -1.2540 -1.2510 -1.2500 -1.2500 -1.2500 -1.2500 -1.2510 -1.2540 -1.2590 -1.2659 -1.2748 -1.2855 -1.2981 -1.3000 -1.3000 -1.3000 -1.3000 -1.3000 -1.3000 -1.3000 -1.3000 -1.3000 -1.3000 -1.2981 -1.2855 -1.2748 -1.2659 -1.2590 -1.2540 -1.2510 -1.2500 -1.2500 -1.2500 -1.2510 -1.2540 -1.2590 -1.2659 -1.2748 -1.2659 -1.2590 -1.2540 -1.2510 -1.2500 -1.2510 -1.2540 -1.2590 -1.2659 -1.2748 -1.2855 -1.2981 -1.3000 -1.3000 -1.3000 -1.3000 -1.3000 -1.3000 -1.3000 -1.3000 -1.3000 -1.3000 -1.3000 -1.3000 -1.3000 -1.3000 -1.3000 -1.3000 -1.3000 -1.3000 -1.3000 -1.3000 -1.3000 -1.3000 -1.3000 -1.3000 -1.3000 -1.3000 -1.3000 -1.3000 -1.3000 -1.3000 -1.3000 -1.3000 -1.3000 -1.3000 -1.3000 -1.3000 -1.3000 -1.3000 -1.3000 -1.3000 -1.3000 -1.3000 -1.3000 -1.3000 -1.3000 -1.3000 -1.3000 -1.3000 -1.3000 -1.3000 -1.3000 -1.3000 -1.3000 -1.3000 -1.3000 -1.3000 -1.3000 -1.3000 -1.3000 -1.3000 -1.3000 -1.3000 -1.3000 -1.3000 -1.3000 -1.3000 -1.3000 -1.3000 -1.3000
0.1500 0.1000 0.0500 -0.0500 -0.1000 -0.1000 -0.1118 -0.1414 -0.1803 -0.2000 -0.2000 -0.2000 -0.2000 -0.2000 -0.2000 -0.2000 -0.2062 -0.2236 -0.2000 -0.1500 -0.1000 -0.0500 0.0500 0.1000 0.1500 0.2000 0.2500 0.3000 0.3500 0.4000 0.4500 0.5000 0.5000 0.5000 0.5000 0.5025 0.5099 0.5220 0.5385 0.5590 0.5831 0.6042 0.6265 0.6364 0.6021 0.5701 0.5408 0.5148 0.4924 0.4743 0.4610 0.4528 0.4500 0.4500 0.4500 0.4500 0.4500 0.4500 0.4500 0.4000 0.3500 0.3000 0.2500 0.2000 0.1500 0.1000 0.0500 -0.0500 -0.0707 -0.0500 -0.0500 -0.0500 -0.0500 -0.0707 -0.1118 -0.1581 -0.2062 -0.2500 -0.2000 -0.1500 -0.1000 -0.0500 0.0500 0.1000 0.1500 0.2000 0.2500 0.3000 0.3500 0.4000 0.4500 0.5000 0.5500 0.6000 0.6500 0.7000 0.7500 0.8000 0.8500 0.9000 0.9500 0.9500 0.9000 0.8500 0.8000 0.7500 0.7000 0.6500 0.6000 0.5500 0.5000 0.4500 0.4000 0.3500 0.3000 0.2500 0.2000 0.1500 0.1000 0.0500 -0.0500 -0.1000 -0.1500 -0.2000 -0.2500 -0.3000 -0.3500 -0.4000 -0.4500 -0.5000 -0.5500 -0.6000 -0.6500 -0.7000 -0.7500 -0.8000 -0.8500 -0.9000 -0.9500 -1.0000 -1.0500 -1.1000 -1.1500 -1.2000 -1.2500 -1.3000 -1.3500 -1.3500 -1.3500 -1.3500 -1.3500 -1.3500 -1.3500 -1.3500 -1.3500 -1.3463 -1.3342 -1.3238 -1.3153 -1.3086 -1.3038 -1.3010 -1.3000 -1.3000 -1.3000 -1.3000 -1.3000 -1.3000 -1.3000 -1.3000 -1.3000 -1.3010 -1.3038 -1.3086 -1.3153 -1.3238 -1.3342 -1.3342 -1.3238 -1.3153 -1.3086 -1.3038 -1.3010 -1.3000 -1.3000 -1.3000 -1.3000 -1.3010 -1.3038 -1.3086 -1.3153 -1.3238 -1.3342 -1.3463 -1.3500 -1.3500 -1.3500 -1.3500 -1.3500 -1.3500 -1.3500 -1.3500 -1.3500 -1.3500 -1.3463 -1.3342 -1.3238 -1.3153 -1.3086 -1.3038 -1.3010 -1.3000 -1.3000 -1.3000 -1.3010 -1.3038 -1.3086 -1.3153 -1.3238 -1.3153 -1.3086 -1.3038 -1.3010 -1.3000 -1.3010 -1.3038 -1.3086 -1.3153 -1.3238 -1.3342 -1.3463 -1.3500 -1.3500 -1.3500 -1.3500 -1.3500 -1.3500 -1.3500 -1.3500 -1.3500 -1.3500 -1.3500 -1.3500 -1.3500 -1.3500 -1.3500 -1.3500 -1.3500 -1.3500 -1.3500 -1.3500 -1.3500 -1.3500 -1.3500 -1.3500 -1.3500 -1.3500 -1.3500 -1.3500 -1.3500 -1.3500 -1.3500 -1.3500 -1.3500 -1.3500 -1.3500 -1.3500 -1.3500 -1.3500 -1.3500 -1.3500 -1.3500 -1.3500 -1.3500 -1.3500 -1.3500 -1.3500 -1.3500 -1.3500 -1.3500 -1.3500 -1.3500 -1.3500 -1.3500 -1.3500 -1.3500 -1.3500 -1.3500 -1.3500 -1.3500 -1.3500 -1.3500 -1.3500 -1.3500 -1.3500 -1.3500 -1.3500 -1.3500 -1.3500 -1.3500
0.1500 0.1000 0.0500 -0.0500 -0.0707 -0.0500 -0.0707 -0.1118 -0.1500 -0.1500 -0.1500 -0.1500 -0.1500 -0.1500 -0.1500 -0.1500 -0.1581 -0.1803 -0.2000 -0.1500 -0.1000 -0.0500 0.0500 0.1000 0.1500 0.2000 0.2500 0.3000 0.3500 0.4000 0.4500 0.4500 0.4500 0.4500 0.4500 0.4528 0.4610 0.4743 0.4924 0.5148 0.5385 0.5590 0.5831 0.6021 0.5657 0.5315 0.5000 0.4717 0.4472 0.4272 0.4123 0.4031 0.4000 0.4000 0.4000 0.4000 0.4000 0.4000 0.4000 0.4000 0.3536 0.3041 0.2550 0.2062 0.1581 0.1118 0.0707 0.0500 -0.0500 0.0500 0.0500 0.0500 0.0500 -0.0500 -0.1000 -0.1414 -0.1803 -0.2236 -0.2000 -0.1500 -0.1000 -0.0500 0.0500 0.1000 0.1500 0.2000 0.2500 0.3000 0.3500 0.4000 0.4500 0.5000 0.5500 0.6000 0.6500 0.7000 0.7500 0.8000 0.8500 0.9000 0.9500 0.9500 0.9000 0.8500 0.8000 0.7500 0.7000 0.6500 0.6000 0.5500 0.5000 0.4500 0.4000 0.3500 0.3000 0.2500 0.2000 0.1500 0.1000 0.0500 -0.0500 -0.1000 -0.1500 -0.2000 -0.2500 -0.3000 -0.3500 -0.4000 -0.4500 -0.5000 -0.5500 -0.6000 -0.6500 -0.7000 -0.7500 -0.8000 -0.8500 -0.9000 -0.9500 -1.0000 -1.0500 -1.1000 -1.1500 -1.2000 -1.2500 -1.3000 -1.3500 -1.4000 -1.4000 -1.4000 -1.4000 -1.4000 -1.4000 -1.4000 -1.4000 -1.3946 -1.3829 -1.3730 -1.3647 -1.3583 -1.3537 -1.3509 -1.3500 -1.3500 -1.3500 -1.3500 -1.3500 -1.3500 -1.3500 -1.3500 -1.3500 -1.3509 -1.3537 -1.3583 -1.3647 -1.3730 -1.3829 -1.3829 -1.3730 -1.3647 -1.3583 -1.3537 -1.3509 -1.3500 -1.3500 -1.3500 -1.3500 -1.3509 -1.3537 -1.3583 -1.3647 -1.3730 -1.3829 -1.3946 -1.4000 -1.4000 -1.4000 -1.4000 -1.4000 -1.4000 -1.4000 -1.4000 -1.4000 -1.4000 -1.3946 -1.3829 -1.3730 -1.3647 -1.3583 -1.3537 -1.3509 -1.3500 -1.3500 -1.3500 -1.3509 -1.3537 -1.3583 -1.3647 -1.3730 -1.3647 -1.3583 -1.3537 -1.3509 -1.3500 -1.3509 -1.3537 -1.3583 -1.3647 -1.3730 -1.3829 -1.3946 -1.4000 -1.4000 -1.4000 -1.4000 -1.4000 -1.4000 -1.4000 -1.4000 -1.4000 -1.4000 -1.4000 -1.4000 -1.4000 -1.4000 -1.4000 -1.4000 -1.4000 -1.4000 -1.4000 -1.4000 -1.4000 -1.4000 -1.4000 -1.4000 -1.4000 -1.4000 -1.4000 -1.4000 -1.4000 -1.4000 -1.4000 -1.4000 -1.4000 -1.4000 -1.4000 -1.4000 -1.4000 -1.4000 -1.4000 -1.4000 -1.4000 -1.4000 -1.4000 -1.4000 -1.4000 -1.4000 -1.4000 -1.4000 -1.4000 -1.4000 -1.4000 -1.4000 -1.4000 -1.4000 -1.4000 -1.4000 -1.4000 -1.4000 -1.4000 -1.4000 -1.4000 -1.4000 -1.4000 -1.4000 -1.4000 -1.4000 -1.4000 -1.4000 -1.4000
0.1581 0.1118 0.0707 0.0500 -0.0500 0.0500 -0.0500 -0.1000 -0.1000 -0.1000 -0.1000 -0.1000 -0.1000 -0.1000 -0.1000 -0.1000 -0.1118 -0.1414 -0.1803 -0.1500 -0.1000 -0.0500 0.0500 0.1000 0.1500 0.2000 0.2500 0.3000 0.3500 0.4000 0.4000 0.4000 0.4000 0.4000 0.4000 0.4031 0.4123 0.4272 0.4472 0.4717 0.4924 0.5148 0.5408 0.5657 0.5315 0.4950 0.4610 0.4301 0.4031 0.3808 0.3640 0.3536 0.3500 0.3500 0.3500 0.3500 0.3500 0.3500 0.3500 0.3500 0.3536 0.3162 0.2693 0.2236 0.1803 0.1414 0.1118 0.0707 0.0500 0.0707 0.1000 0.1000 0.0500 -0.0500 -0.0707 -0.1118 -0.1581 -0.2062 -0.2000 -0.1500 -0.1000 -0.0500 0.0500 0.1000 0.1500 0.2000 0.2500 0.3000 0.3500 0.4000 0.4500 0.5000 0.5500 0.6000 0.6500 0.7000 0.7500 0.8000 0.8500 0.9000 0.9500 0.9500 0.9000 0.8500 0.8000 0.7500 0.7000 0.6500 0.6000 0.5500 0.5000 0.4500 0.4000 0.3500 0.3000 0.2500 0.2000 0.1500 0.1000 0.0500 -0.0500 -0.1000 -0.1500 -0.2000 -0.2500 -0.3000 -0.3500 -0.4000 -0.4500 -0.5000 -0.5500 -0.6000 -0.6500 -0.7000 -0.7500 -0.8000 -0.8500 -0.9000 -0.9500 -1.0000 -1.0500 -1.1000 -1.1500 -1.2000 -1.2500 -1.3000 -1.3500 -1.4000 -1.4500 -1.4500 -1.4500 -1.4500 -1.4500 -1.4500 -1.4500 -1.4431 -1.4318 -1.4221 -1.4142 -1.4080 -1.4036 -1.4009 -1.4000 -1.4000 -1.4000 -1.4000 -1.4000 -1.4000 -1.4000 -1.4000 -1.4000 -1.4009 -1.4036 -1.4080 -1.4142 -1.4221 -1.4318 -1.4318 -1.4221 -1.4142 -1.4080 -1.4036 -1.4009 -1.4000 -1.4000 -1.4000 -1.4000 -1.4009 -1.4036 -1.4080 -1.4142 -1.4221 -1.4318 -1.4431 -1.4500 -1.4500 -1.4500 -1.4500 -1.4500 -1.4500 -1.4500 -1.4500 -1.4500 -1.4500 -1.4431 -1.4318 -1.4221 -1.4142 -1.4080 -1.4036 -1.4009 -1.4000 -1.4000 -1.4000 -1.4009 -1.4036 -1.4080 -1.4142 -1.4221 -1.4142 -1.4080 -1.4036 -1.4009 -1.4000 -1.4009 -1.4036 -1.4080 -1.4142 -1.4221 -1.4318 -1.4431 -1.4500 -1.4500 -1.4500 -1.4500 -1.4500 -1.4500 -1.4500 -1.4500 -1.4500 -1.4500 -1.4500 -1.4500 -1.4500 -1.4500 -1.4500 -1.4500 -1.4500 -1.4500 -1.4500 -1.4500 -1.4500 -1.4500 -1.4500 -1.4500 -1.4500 -1.4500 -1.4500 -1.4500 -1.4500 -1.4500 -1.4500 -1.4500 -1.4500 -1.4500 -1.4500 -1.4500 -1.4500 -1.4500 -1.4500 -1.4500 -1.4500 -1.4500 -1.4500 -1.4500 -1.4500 -1.4500 -1.4500 -1.4500 -1.4500 -1.4500 -1.4500 -1.4500 -1.4500 -1.4500 -1.4500 -1.4500 -1.4500 -1.4500 -1.4500 -1.4500 -1.4500 -1.4500 -1.4500 -1.4500 -1.4500 -1.4500 -1.4500 -1.4500 -1.4500
0.1803 0.1414 0.1118 0.0707 0.0500 0.0500 -0.0500 -0.0500 -0.0500 -0.0500 -0.0500 -0.0500 -0.0500 -0.0500 -0.0500 -0.0500 -0.0707 -0.1118 -0.1581 -0.1500 -0.1000 -0.0500 0.0500 0.1000 0.1500 0.2000 0.2500 0.3000 0.3500 0.3500 0.3500 0.3500 0.3500 0.3500 0.3500 0.3536 0.3640 0.3808 0.4031 0.4272 0.4472 0.4717 0.5000 0.5315 0.4950 0.4610 0.4243 0.3905 0.3606 0.3354 0.3162 0.3041 0.3000 0.3000 0.3000 0.3000 0.3000 0.3000 0.3000 0.3000 0.3041 0.3162 0.2915 0.2500 0.2121 0.1803 0.1414 0.1118 0.1000 0.1118 0.1000 0.1000 0.0707 0.0500 -0.0500 -0.1000 -0.1500 -0.2000 -0.2000 -0.1500 -0.1000 -0.0500 0.0500 0.1000 0.1500 0.2000 0.2500 0.3000 0.3500 0.4000 0.4500 0.5000 0.5500 0.6000 0.6500 0.7000 0.7500 0.8000 0.8500 0.9000 0.9500 0.9500 0.9000 0.8500 0.8000 0.7500 0.7000 0.6500 0.6000 0.5500 0.5000 0.4500 0.4000 0.3500 0.3000 0.2500 0.2000 0.1500 0.1000 0.0500 -0.0500 -0.1000 -0.1500 -0.2000 -0.2500 -0.3000 -0.3500 -0.4000 -0.4500 -0.5000 -0.5500 -0.6000 -0.6500 -0.7000 -0.7500 -0.8000 -0.8500 -0.9000 -0.9500 -1.0000 -1.0500 -1.1000 -1.1500 -1.2000 -1.2500 -1.3000 -1.3500 -1.4000 -1.4500 -1.5000 -1.5000 -1.5000 -1.5000 -1.5000 -1.5000 -1.4916 -1.4807 -1.4714 -1.4637 -1.4577 -1.4534 -1.4509 -1.4500 -1.4500 -1.4500 -1.4500 -1.4500 -1.4500 -1.4500 -1.4500 -1.4500 -1.4509 -1.4534 -1.4577 -1.4637 -1.4714 -1.4807 -1.4807 -1.4714 -1.4637 -1.4577 -1.4534 -1.4509 -1.4500 -1.4500 -1.4500 -1.4500 -1.4509 -1.4534 -1.4577 -1.4637 -1.4714 -1.4807 -1.4916 -1.5000 -1.5000 -1.5000 -1.5000 -1.5000 -1.5000 -1.5000 -1.5000 -1.5000 -1.5000 -1.4916 -1.4807 -1.4714 -1.4637 -1.4577 -1.4534 -1.4509 -1.4500 -1.4500 -1.4500 -1.4509 -1.4534 -1.4577 -1.4637 -1.4714 -1.4637 -1.4577 -1.4534 -1.4509 -1.4500 -1.4509 -1.4534 -1.4577 -1.4637 -1.4714 -1.4807 -1.4916 -1.5000 -1.5000 -1.5000 -1.5000 -1.5000 -1.5000 -1.5000 -1.5000 -1.5000 -1.5000 -1.5000 -1.5000 -1.5000 -1.5000 -1.5000 -1.5000 -1.5000 -1.5000 -1.5000 -1.5000 -1.5000 -1.5000 -1.5000 -1.5000 -1.5000 -1.5000 -1.5000 -1.5000 -1.5000 -1.5000 -1.5000 -1.5000 -1.5000 -1.5000 -1.5000 -1.5000 -1.5000 -1.5000 -1.5000 -1.5000 -1.5000 -1.5000 -1.5000 -1.5000 -1.5000 -1.5000 -1.5000 -1.5000 -1.5000 -1.5000 -1.5000 -1.5000 -1.5000 -1.5000 -1.5000 -1.5000 -1.5000 -1.5000 -1.5000 -1.5000 -1.5000 -1.5000 -1.5000 -1.5000 -1.5000 -1.5000 -1.5000 -1.5000 -1.5000
0.2000 0.1803 0.1414 0.1118 0.1000 0.0707 0.0500 0.0500 0.0500 0.0500 0.0500 0.0500 0.0500 0.0500 0.0500 0.0500 -0.0500 -0.1000 -0.1500 -0.1414 -0.1000 -0.0500 0.0500 0.1000 0.1500 0.2000 0.2500 0.3000 0.3000 0.3000 0.3000 0.3000 0.3000 0.3000 0.3000 0.3041 0.3162 0.3354 0.3606 0.3808 0.4031 0.4301 0.4610 0.4950 0.4610 0.4243 0.3905 0.3536 0.3202 0.2915 0.2693 0.2550 0.2500 0.2500 0.2500 0.2500 0.2500 0.2500 0.2500 0.2500 0.2550 0.2693 0.2915 0.2693 0.2236 0.1803 0.1414 0.1118 0.1000 0.0707 0.0500 0.0500 0.0500 0.0500 -0.0500 -0.1000 -0.1500 -0.2000 -0.2000 -0.1500 -0.1000 -0.0500 0.0500 0.1000 0.1500 0.2000 0.2500 0.3000 0.3500 0.4000 0.4500 0.5000 0.5500 0.6000 0.6500 0.7000 0.7500 0.8000 0.8500 0.9000 0.9500 0.9500 0.9000 0.8500 0.8000 0.7500 0.7000 0.6500 0.6000 0.5500 0.5000 0.4500 0.4000 0.3500 0.3000 0.2500 0.2000 0.1500 0.1000 0.0500 -0.0500 -0.1000 -0.1500 -0.2000 -0.2500 -0.3000 -0.3500 -0.4000 -0.4500 -0.5000 -0.5500 -0.6000 -0.6500 -0.7000 -0.7500 -0.8000 -0.8500 -0.9000 -0.9500 -1.0000 -1.0500 -1.1000 -1.1500 -1.2000 -1.2500 -1.3000 -1.3500 -1.4000 -1.4500 -1.5000 -1.5500 -1.5500 -1.5500 -1.5500 -1.5500 -1.5403 -1.5297 -1.5207 -1.5133 -1.5075 -1.5033 -1.5008 -1.5000 -1.5000 -1.5000 -1.5000 -1.5000 -1.5000 -1.5000 -1.5000 -1.5000 -1.5008 -1.5033 -1.5075 -1.5133 -1.5207 -1.5297 -1.5297 -1.5207 -1.5133 -1.5075 -1.5033 -1.5008 -1.5000 -1.5000 -1.5000 -1.5000 -1.5008 -1.5033 -1.5075 -1.5133 -1.5207 -1.5297 -1.5403 -1.5500 -1.5500 -1.5500 -1.5500 -1.5500 -1.5500 -1.5500 -1.5500 -1.5500 -1.5500 -1.5403 -1.5297 -1.5207 -1.5133 -1.5075 -1.5033 -1.5008 -1.5000 -1.5000 -1.5000 -1.5008 -1.5033 -1.5075 -1.5133 -1.5207 -1.5133 -1.5075 -1.5033 -1.5008 -1.5000 -1.5008 -1.5033 -1.5075 -1.5133 -1.5207 -1.5297 -1.5403 -1.5500 -1.5500 -1.5500 -1.5500 -1.5500 -1.5500 -1.5500 -1.5500 -1.5500 -1.5500 -1.5500 -1.5500 -1.5500 -1.5500 -1.5500 -1.5500 -1.5500 -1.5500 -1.5500 -1.5500 -1.5500 -1.5500 -1.5500 -1.5500 -1.5500 -1.5500 -1.5500 -1.5500 -1.5500 -1.5500 -1.5500 -1.5500 -1.5500 -1.5500 -1.5500 -1.5500 -1.5500 -1.5500 -1.5500 -1.5500 -1.5500 -1.5500 -1.5500 -1.5500 -1.5500 -1.5500 -1.5500 -1.5500 -1.5500 -1.5500 -1.5500 -1.5500 -1.5500 -1.5500 -1.5500 -1.5500 -1.5500 -1.5500 -1.5500 -1.5500 -1.5500 -1.5500 -1.5500 -1.5500 -1.5500 -1.5500 -1.5500 -1.5500 -1.5500
0.1500 0.1500 0.1500 0.1500 0.1414 0.1118 0.1000 0.1000 0.1000 0.1000 0.1000 0.1000 0.1000 0.1000 0.1000 0.0500 -0.0500 -0.1000 -0.1500 -0.1118 -0.0707 -0.0500 0.0500 0.1000 0.1500 0.2000 0.2500 0.2550 0.2500 0.2500 0.2500 0.2500 0.2500 0.2500 0.2500 0.2550 0.2693 0.2915 0.3162 0.3354 0.3606 0.3905 0.4243 0.4610 0.4301 0.3905 0.3536 0.3202 0.2828 0.2500 0.2236 0.2062 0.2000 0.2000 0.2000 0.2000 0.2000 0.2000 0.2000 0.2000 0.2062 0.2236 0.2500 0.2500 0.2062 0.1581 0.1118 0.0707 0.0500 0.0500 -0.0500 -0.0500 -0.0500 -0.0500 -0.0707 -0.1118 -0.1581 -0.2062 -0.2000 -0.1500 -0.1000 -0.0500 0.0500 0.1000 0.1500 0.2000 0.2500 0.3000 0.3500 0.4000 0.4500 0.5000 0.5500 0.6000 0.6500 0.7000 0.7500 0.8000 0.8500 0.9000 0.9500 0.9500 0.9000 0.8500 0.8000 0.7500 0.7000 0.6500 0.6000 0.5500 0.5000 0.4500 0.4000 0.3500 0.3000 0.2500 0.2000 0.1500 0.1000 0.0500 -0.0500 -0.1000 -0.1500 -0.2000 -0.2500 -0.3000 -0.3500 -0.4000 -0.4500 -0.5000 -0.5500 -0.6000 -0.6500 -0.7000 -0.7500 -0.8000 -0.8500 -0.9000 -0.9500 -1.0000 -1.0500 -1.1000 -1.1500 -1.2000 -1.2500 -1.3000 -1.3500 -1.4000 -1.4500 -1.5000 -1.5500 -1.6000 -1.6000 -1.6000 -1.6000 -1.5890 -1.5788 -1.5700 -1.5628 -1.5572 -1.5532 -1.5508 -1.5500 -1.5500 -1.5500 -1.5500 -1.5500 -1.5500 -1.5500 -1.5500 -1.5500 -1.5508 -1.5532 -1.5572 -1.5628 -1.5700 -1.5788 -1.5788 -1.5700 -1.5628 -1.5572 -1.5532 -1.5508 -1.5500 -1.5500 -1.5500 -1.5500 -1.5508 -1.5532 -1.5572 -1.5628 -1.5700 -1.5788 -1.5890 -1.6000 -1.6000 -1.6000 -1.6000 -1.6000 -1.6000 -1.6000 -1.6000 -1.6000 -1.6000 -1.5890 -1.5788 -1.5700 -1.5628 -1.5572 -1.5532 -1.5508 -1.5500 -1.5500 -1.5500 -1.5508 -1.5532 -1.5572 -1.5628 -1.5700 -1.5628 -1.5572 -1.5532 -1.5508 -1.5500 -1.5508 -1.5532 -1.5572 -1.5628 -1.5700 -1.5788 -1.5890 -1.6000 -1.6000 -1.6000 -1.6000 -1.6000 -1.6000 -1.6000 -1.6000 -1.6000 -1.6000 -1.6000 -1.6000 -1.6000 -1.6000 -1.6000 -1.6000 -1.6000 -1.6000 -1.6000 -1.6000 -1.6000 -1.6000 -1.6000 -1.6000 -1.6000 -1.6000 -1.6000 -1.6000 -1.6000 -1.6000 -1.6000 -1.6000 -1.6000 -1.6000 -1.6000 -1.6000 -1.6000 -1.6000 -1.6000 -1.6000 -1.6000 -1.6000 -1.6000 -1.6000 -1.6000 -1.6000 -1.6000 -1.6000 -1.6000 -1.6000 -1.6000 -1.6000 -1.6000 -1.6000 -1.6000 -1.6000 -1.6000 -1.6000 -1.6000 -1.6000 -1.6000 -1.6000 -1.6000 -1.6000 -1.6000 -1.6000 -1.6000 -1.6000 -1.6000
0.1000 0.1000 0.1000 0.1000 0.1000 0.1000 0.1000 0.1000 0.1000 0.0707 0.0500 0.0500 0.0500 0.0500 0.0500 0.0500 -0.0500 -0.1000 -0.1500 -0.1000 -0.0500 0.0500 0.0707 0.1118 0.1581 0.2062 0.2236 0.2062 0.2000 0.2000 0.2000 0.2000 0.2000 0.2000 0.2000 0.2062 0.2236 0.2500 0.2693 0.2915 0.3202 0.3536 0.3905 0.4301 0.4031 0.3606 0.3202 0.2828 0.2500 0.2121 0.1803 0.1581 0.1500 0.1500 0.1500 0.1500 0.1500 0.1500 0.1500 0.1500 0.1581 0.1803 0.2000 0.2000 0.2000 0.1500 0.1000 0.0500 -0.0500 -0.0500 -0.0707 -0.0707 -0.0500 -0.0500 -0.0707 -0.1118 -0.1581 -0.2062 -0.2000 -0.1500 -0.1000 -0.0500 0.0500 0.1000 0.1500 0.2000 0.2500 0.3000 0.3500 0.4000 0.4500 0.5000 0.5500 0.6000 0.6500 0.7000 0.7500 0.8000 0.8500 0.9000 0.9500 0.9500 0.9000 0.8500 0.8000 0.7500 0.7000 0.6500 0.6000 0.5500 0.5000 0.4500 0.4000 0.3500 0.3000 0.2500 0.2000 0.1500 0.1000 0.0500 -0.0500 -0.1000 -0.1500 -0.2000 -0.2500 -0.3000 -0.3500 -0.4000 -0.4500 -0.5000 -0.5500 -0.6000 -0.6500 -0.7000 -0.7500 -0.8000 -0.8500 -0.9000 -0.9500 -1.0000 -1.0500 -1.1000 -1.1500 -1.2000 -1.2500 -1.3000 -1.3500 -1.4000 -1.4500 -1.5000 -1.5500 -1.6000 -1.6500 -1.6500 -1.6492 -1.6378 -1.6279 -1.6194 -1.6125 -1.6070 -1.6031 -1.6008 -1.6000 -1.6000 -1.6000 -1.6000 -1.6000 -1.6000 -1.6000 -1.6000 -1.6000 -1.6008 -1.6031 -1.6070 -1.6125 -1.6194 -1.6279 -1.6279 -1.6194 -1.6125 -1.6070 -1.6031 -1.6008 -1.6000 -1.6000 -1.6000 -1.6000 -1.6008 -1.6031 -1.6070 -1.6125 -1.6194 -1.6279 -1.6378 -1.6492 -1.6500 -1.6500 -1.6500 -1.6500 -1.6500 -1.6500 -1.6500 -1.6500 -1.6492 -1.6378 -1.6279 -1.6194 -1.6125 -1.6070 -1.6031 -1.6008 -1.6000 -1.6000 -1.6000 -1.6008 -1.6031 -1.6070 -1.6125 -1.6194 -1.6125 -1.6070 -1.6031 -1.6008 -1.6000 -1.6008 -1.6031 -1.6070 -1.6125 -1.6194 -1.6279 -1.6378 -1.6492 -1.6500 -1.6500 -1.6500 -1.6500 -1.6500 -1.6500 -1.6500 -1.6500 -1.6500 -1.6500 -1.6500 -1.6500 -1.6500 -1.6500 -1.6500 -1.6500 -1.6500 -1.6500 -1.6500 -1.6500 -1.6500 -1.6500 -1.6500 -1.6500 -1.6500 -1.6500 -1.6500 -1.6500 -1.6500 -1.6500 -1.6500 -1.6500 -1.6500 -1.6500 -1.6500 -1.6500 -1.6500 -1.6500 -1.6500 -1.6500 -1.6500 -1.6500 -1.6500 -1.6500 -1.6500 -1.6500 -1.6500 -1.6500 -1.6500 -1.6500 -1.6500 -1.6500 -1.6500 -1.6500 -1.6500 -1.6500 -1.6500 -1.6500 -1.6500 -1.6500 -1.6500 -1.6500 -1.6500 -1.6500 -1.6500 -1.6500 -1.6500 -1.6500
0.0500 0.0500 0.0500 0.0500 0.0500 0.0500 0.0500 0.0500 0.0500 0.0500 -0.0500 -0.0500 -0.0500 -0.0500 -0.0500 -0.0500 -0.0707 -0.1118 -0.1500 -0.1000 -0.0500 0.0500 0.1000 0.1414 0.1803 0.2000 0.1803 0.1581 0.1500 0.1500 0.1500 0.1500 0.1500 0.1500 0.1500 0.1581 0.1803 0.2062 0.2236 0.2500 0.2828 0.3202 0.3606 0.4031 0.3808 0.3354 0.2915 0.2500 0.2121 0.1803 0.1414 0.1118 0.1000 0.1000 0.1000 0.1000 0.1000 0.1000 0.1000 0.1000 0.1118 0.1414 0.1500 0.1500 0.1500 0.1500 0.1000 0.0500 -0.0500 -0.1000 -0.1000 -0.0500 0.0500 0.0500 -0.0500 -0.1000 -0.1500 -0.2000 -0.2000 -0.1500 -0.1000 -0.0500 0.0500 0.1000 0.1500 0.2000 0.2500 0.3000 0.3500 0.4000 0.4500 0.5000 0.5500 0.6000 0.6500 0.7000 0.7500 0.8000 0.8500 0.9000 0.9500 0.9500 0.9000 0.8500 0.8000 0.7500 0.7000 0.6500 0.6000 0.5500 0.5000 0.4500 0.4000 0.3500 0.3000 0.2500 0.2000 0.1500 0.1000 0.0500 -0.0500 -0.1000 -0.1500 -0.2000 -0.2500 -0.3000 -0.3500 -0.4000 -0.4500 -0.5000 -0.5500 -0.6000 -0.6500 -0.7000 -0.7500 -0.8000 -0.8500 -0.9000 -0.9500 -1.0000 -1.0500 -1.1000 -1.1500 -1.2000 -1.2500 -1.3000 -1.3500 -1.4000 -1.4500 -1.5000 -1.5500 -1.6000 -1.6500 -1.7000 -1.6978 -1.6867 -1.6771 -1.6688 -1.6621 -1.6568 -1.6530 -1.6508 -1.6500 -1.6500 -1.6500 -1.6500 -1.6500 -1.6500 -1.6500 -1.6500 -1.6500 -1.6508 -1.6530 -1.6568 -1.6621 -1.6688 -1.6771 -1.6771 -1.6688 -1.6621 -1.6568 -1.6530 -1.6508 -1.6500 -1.6500 -1.6500 -1.6500 -1.6508 -1.6530 -1.6568 -1.6621 -1.6688 -1.6771 -1.6867 -1.6978 -1.7000 -1.7000 -1.7000 -1.7000 -1.7000 -1.7000 -1.7000 -1.7000 -1.6978 -1.6867 -1.6771 -1.6688 -1.6621 -1.6568 -1.6530 -1.6508 -1.6500 -1.6500 -1.6500 -1.6508 -1.6530 -1.6568 -1.6621 -1.6688 -1.6621 -1.6568 -1.6530 -1.6508 -1.6500 -1.6508 -1.6530 -1.6568 -1.6621 -1.6688 -1.6771 -1.6867 -1.6978 -1.7000 -1.7000 -1.7000 -1.7000 -1.7000 -1.7000 -1.7000 -1.7000 -1.7000 -1.7000 -1.7000 -1.7000 -1.7000 -1.7000 -1.7000 -1.7000 -1.7000 -1.7000 -1.7000 -1.7000 -1.7000 -1.7000 -1.7000 -1.7000 -1.7000 -1.7000 -1.7000 -1.7000 -1.7000 -1.7000 -1.7000 -1.7000 -1.7000 -1.7000 -1.7000 -1.7000 -1.7000 -1.7000 -1.7000 -1.7000 -1.7000 -1.7000 -1.7000 -1.7000 -1.7000 -1.7000 -1.7000 -1.7000 -1.7000 -1.7000 -1.7000 -1.7000 -1.7000 -1.7000 -1.7000 -1.7000 -1.7000 -1.7000 -1.7000 -1.7000 -1.7000 -1.7000 -1.7000 -1.7000 -1.7000 -1.7000 -1.7000 -1.7000
-0.0500 -0.0500 -0.0500 -0.0500 -0.0500 -0.0500 -0.0500 -0.0500 -0.0500 -0.0500 -0.0707 -0.1000 -0.1000 -0.1000 -0.1000 -0.1000 -0.1118 -0.1414 -0.1500 -0.1000 -0.0500 0.0500 0.0707 0.1118 0.1414 0.1500 0.1414 0.1118 0.1000 0.1000 0.1000 0.1000 0.1000 0.1000 0.1000 0.1118 0.1414 0.1581 0.1803 0.2121 0.2500 0.2915 0.3354 0.3808 0.3640 0.3162 0.2693 0.2236 0.1803 0.1414 0.1118 0.0707 0.0500 0.0500 0.0500 0.0500 0.0500 0.0500 0.0500 0.0500 0.0707 0.1000 0.1000 0.1000 0.1000 0.1000 0.1000 0.0500 -0.0500 -0.1000 -0.1000 -0.0500 0.0500 0.0500 -0.0500 -0.1000 -0.1500 -0.2000 -0.2000 -0.1500 -0.1000 -0.0500 0.0500 0.1000 0.1500 0.2000 0.2500 0.3000 0.3500 0.4000 0.4500 0.5000 0.5500 0.6000 0.6500 0.7000 0.7500 0.8000 0.8500 0.9000 0.9500 0.9500 0.9000 0.8500 0.8000 0.7500 0.7000 0.6500 0.6000 0.5500 0.5000 0.4500 0.4000 0.3500 0.3000 0.2500 0.2000 0.1500 0.1000 0.0500 -0.0500 -0.1000 -0.1500 -0.2000 -0.2500 -0.3000 -0.3500 -0.4000 -0.4500 -0.5000 -0.5500 -0.6000 -0.6500 -0.7000 -0.7500 -0.8000 -0.8500 -0.9000 -0.9500 -1.0000 -1.0500 -1.1000 -1.1500 -1.2000 -1.2500 -1.3000 -1.3500 -1.4000 -1.4500 -1.5000 -1.5500 -1.6000 -1.6500 -1.7000 -1.7464 -1.7357 -1.7263 -1.7183 -1.7117 -1.7066 -1.7029 -1.7007 -1.7000 -1.7000 -1.7000 -1.7000 -1.7000 -1.7000 -1.7000 -1.7000 -1.7000 -1.7007 -1.7029 -1.7066 -1.7117 -1.7183 -1.7263 -1.7263 -1.7183 -1.7117 -1.7066 -1.7029 -1.7007 -1.7000 -1.7000 -1.7000 -1.7000 -1.7007 -1.7029 -1.7066 -1.7117 -1.7183 -1.7263 -1.7357 -1.7464 -1.7500 -1.7500 -1.7500 -1.7500 -1.7500 -1.7500 -1.7500 -1.7500 -1.7464 -1.7357 -1.7263 -1.7183 -1.7117 -1.7066 -1.7029 -1.7007 -1.7000 -1.7000 -1.7000 -1.7007 -1.7029 -1.7066 -1.7117 -1.7183 -1.7117 -1.7066 -1.7029 -1.7007 -1.7000 -1.7007 -1.7029 -1.7066 -1.7117 -1.7183 -1.7263 -1.7357 -1.7464 -1.7500 -1.7500 -1.7500 -1.7500 -1.7500 -1.7500 -1.7500 -1.7500 -1.7500 -1.7500 -1.7500 -1.7500 -1.7500 -1.7500 -1.7500 -1.7500 -1.7500 -1.7500 -1.7500 -1.7500 -1.7500 -1.7500 -1.7500 -1.7500 -1.7500 -1.7500 -1.7500 -1.7500 -1.7500 -1.7500 -1.7500 -1.7500 -1.7500 -1.7500 -1.7500 -1.7500 -1.7500 -1.7500 -1.7500 -1.7500 -1.7500 -1.7500 -1.7500 -1.7500 -1.7500 -1.7500 -1.7500 -1.7500 -1.7500 -1.7500 -1.7500 -1.7500 -1.7500 -1.7500 -1.7500 -1.7500 -1.7500 -1.7500 -1.7500 -1.7500 -1.7500 -1.7500 -1.7500 -1.7500 -1.7500 -1.7500 -1.7500 -1.7500
-0.1000 -0.1000 -0.1000 -0.1000 -0.1000 -0.1000 -0.1000 -0.1000 -0.1000 -0.1000 -0.1118 -0.1414 -0.1500 -0.1500 -0.1500 -0.1500 -0.1581 -0.1803 -0.1581 -0.1118 -0.0707 -0.0500 0.0500 0.0707 0.1000 0.1000 0.1000 0.0707 0.0500 0.0500 0.0500 0.0500 0.0500 0.0500 0.0500 0.0707 0.1000 0.1118 0.1414 0.1803 0.2236 0.2693 0.3162 0.3640 0.3536 0.3041 0.2550 0.2062 0.1581 0.1118 0.0707 0.0500 -0.0500 -0.0500 -0.0500 -0.0500 -0.0500 -0.0500 -0.0500 -0.0500 0.0500 0.0500 0.0500 0.0500 0.0500 0.0500 0.0500 0.0500 -0.0500 -0.1000 -0.1118 -0.0707 -0.0500 -0.0500 -0.0707 -0.1118 -0.1581 -0.2062 -0.2000 -0.1500 -0.1000 -0.0500 0.0500 0.1000 0.1500 0.2000 0.2500 0.3000 0.3500 0.4000 0.4500 0.5000 0.5500 0.6000 0.6500 0.7000 0.7500 0.8000 0.8500 0.9000 0.9500 0.9500 0.9000 0.8500 0.8000 0.7500 0.7000 0.6500 0.6000 0.5500 0.5000 0.4500 0.4000 0.3500 0.3000 0.2500 0.2000 0.1500 0.1000 0.0500 -0.0500 -0.1000 -0.1500 -0.2000 -0.2500 -0.3000 -0.3500 -0.4000 -0.4500 -0.5000 -0.5500 -0.6000 -0.6500 -0.7000 -0.7500 -0.8000 -0.8500 -0.9000 -0.9500 -1.0000 -1.0500 -1.1000 -1.1500 -1.2000 -1.2500 -1.3000 -1.3500 -1.4000 -1.4500 -1.5000 -1.5500 -1.6000 -1.6500 -1.7000 -1.7500 -1.7847 -1.7755 -1.7678 -1.7614 -1.7564 -1.7529 -1.7507 -1.7500 -1.7500 -1.7500 -1.7500 -1.7500 -1.7500 -1.7500 -1.7500 -1.7500 -1.7507 -1.7529 -1.7564 -1.7614 -1.7678 -1.7755 -1.7755 -1.7678 -1.7614 -1.7564 -1.7529 -1.7507 -1.7500 -1.7500 -1.7500 -1.7500 -1.7507 -1.7529 -1.7564 -1.7614 -1.7678 -1.7755 -1.7847 -1.7951 -1.8000 -1.8000 -1.8000 -1.8000 -1.8000 -1.8000 -1.8000 -1.8000 -1.7951 -1.7847 -1.7755 -1.7678 -1.7614 -1.7564 -1.7529 -1.7507 -1.7500 -1.7500 -1.7500 -1.7507 -1.7529 -1.7564 -1.7614 -1.7678 -1.7614 -1.7564 -1.7529 -1.7507 -1.7500 -1.7507 -1.7529 -1.7564 -1.7614 -1.7678 -1.7755 -1.7847 -1.7951 -1.8000 -1.8000 -1.8000 -1.8000 -1.8000 -1.8000 -1.8000 -1.8000 -1.8000 -1.8000 -1.8000 -1.8000 -1.8000 -1.8000 -1.8000 -1.8000 -1.8000 -1.8000 -1.8000 -1.8000 -1.8000 -1.8000 -1.8000 -1.8000 -1.8000 -1.8000 -1.8000 -1.8000 -1.8000 -1.8000 -1.8000 -1.8000 -1.8000 -1.8000 -1.8000 -1.8000 -1.8000 -1.8000 -1.8000 -1.8000 -1.8000 -1.8000 -1.8000 -1.8000 -1.8000 -1.8000 -1.8000 -1.8000 -1.8000 -1.8000 -1.8000 -1.8000 -1.8000 -1.8000 -1.8000 -1.8000 -1.8000 -1.8000 -1.8000 -1.8000 -1.8000 -1.8000 -1.8000 -1.8000 -1.8000 -1.8000 -1.8000 -1.8000
-0.1500 -0.1500 -0.1500 -0.1500 -0.1500 -0.1500 -0.1500 -0.1500 -0.1500 -0.1500 -0.1581 -0.1803 -0.2000 -0.2000 -0.2000 -0.2000 -0.2062 -0.2236 -0.1803 -0.1414 -0.1118 -0.0707 -0.0500 0.0500 0.0500 0.0500 0.0500 0.0500 -0.0500 -0.0500 -0.0500 -0.0500 -0.0500 -0.0500 -0.0500 0.0500 0.0500 0.0707 0.1118 0.1581 0.2062 0.2550 0.3041 0.3536 0.3500 0.3000 0.2500 0.2000 0.1500 0.1000 0.0500 -0.0500 -0.0707 -0.1000 -0.1000 -0.1000 -0.1000 -0.1000 -0.1000 -0.0707 -0.0500 -0.0500 -0.0500 -0.0500 -0.0500 -0.0500 -0.0500 -0.0500 -0.0707 -0.1118 -0.1414 -0.1118 -0.1000 -0.1000 -0.1118 -0.1414 -0.1803 -0.2236 -0.2000 -0.1500 -0.1000 -0.0500 0.0500 0.1000 0.1500 0.2000 0.2500 0.3000 0.3500 0.4000 0.4500 0.5000 0.5500 0.6000 0.6500 0.7000 0.7500 0.8000 0.8500 0.9000 0.9500 0.9500 0.9000 0.8500 0.8000 0.7500 0.7000 0.6500 0.6000 0.5500 0.5000 0.4500 0.4000 0.3500 0.3000 0.2500 0.2000 0.1500 0.1000 0.0500 -0.0500 -0.1000 -0.1500 -0.2000 -0.2500 -0.3000 -0.3500 -0.4000 -0.4500 -0.5000 -0.5500 -0.6000 -0.6500 -0.7000 -0.7500 -0.8000 -0.8500 -0.9000 -0.9500 -1.0000 -1.0500 -1.1000 -1.1500 -1.2000 -1.2500 -1.3000 -1.3500 -1.4000 -1.4500 -1.5000 -1.5500 -1.6000 -1.6500 -1.7000 -1.7500 -1.8000 -1.8248 -1.8173 -1.8111 -1.8062 -1.8028 -1.8007 -1.8000 -1.8000 -1.8000 -1.8000 -1.8000 -1.8000 -1.8000 -1.8000 -1.8000 -1.8007 -1.8028 -1.8062 -1.8111 -1.8173 -1.8248 -1.8248 -1.8173 -1.8111 -1.8062 -1.8028 -1.8007 -1.8000 -1.8000 -1.8000 -1.8000 -1.8007 -1.8028 -1.8062 -1.8111 -1.8173 -1.8248 -1.8337 -1.8439 -1.8500 -1.8500 -1.8500 -1.8500 -1.8500 -1.8500 -1.8500 -1.8500 -1.8439 -1.8337 -1.8248 -1.8173 -1.8111 -1.8062 -1.8028 -1.8007 -1.8000 -1.8000 -1.8000 -1.8007 -1.8028 -1.8062 -1.8111 -1.8173 -1.8111 -1.8062 -1.8028 -1.8007 -1.8000 -1.8007 -1.8028 -1.8062 -1.8111 -1.8173 -1.8248 -1.8337 -1.8439 -1.8500 -1.8500 -1.8500 -1.8500 -1.8500 -1.8500 -1.8500 -1.8500 -1.8500 -1.8500 -1.8500 -1.8500 -1.8500 -1.8500 -1.8500 -1.8500 -1.8500 -1.8500 -1.8500 -1.8500 -1.8500 -1.8500 -1.8500 -1.8500 -1.8500 -1.8500 -1.8500 -1.8500 -1.8500 -1.8500 -1.8500 -1.8500 -1.8500 -1.8500 -1.8500 -1.8500 -1.8500 -1.8500 -1.8500 -1.8500 -1.8500 -1.8500 -1.8500 -1.8500 -1.8500 -1.8500 -1.8500 -1.8500 -1.8500 -1.8500 -1.8500 -1.8500 -1.8500 -1.8500 -1.8500 -1.8500 -1.8500 -1.8500 -1.8500 -1.8500 -1.8500 -1.8500 -1.8500 -1.8500 -1.8500 -1.8500 -1.8500 -1.8500
-0.2000 -0.2000 -0.2000 -0.2000 -0.2000 -0.2000 -0.2000 -0.2000 -0.2000 -0.2000 -0.2062 -0.2236 -0.2500 -0.2500 -0.2500 -0.2500 -0.2550 -0.2500 -0.2121 -0.1803 -0.1414 -0.1118 -0.0707 -0.0500 -0.0500 -0.0500 -0.0500 -0.0500 -0.0707 -0.1000 -0.1000 -0.1000 -0.1000 -0.1000 -0.0707 -0.0500 -0.0500 0.0500 0.1000 0.1500 0.2000 0.2500 0.3000 0.3500 0.3500 0.3000 0.2500 0.2000 0.1500 0.1000 0.0500 -0.0500 -0.0707 -0.1118 -0.1500 -0.1500 -0.1500 -0.1500 -0.1414 -0.1118 -0.1000 -0.1000 -0.1000 -0.1000 -0.1000 -0.1000 -0.1000 -0.1000 -0.1118 -0.1414 -0.1803 -0.1581 -0.1500 -0.1500 -0.1581 -0.1803 -0.2121 -0.2500 -0.2000 -0.1500 -0.1000 -0.0500 0.0500 0.1000 0.1500 0.2000 0.2500 0.3000 0.3500 0.4000 0.4500 0.5000 0.5500 0.6000 0.6500 0.7000 0.7500 0.8000 0.8500 0.9000 0.9500 0.9500 0.9000 0.8500 0.8000 0.7500 0.7000 0.6500 0.6000 0.5500 0.5000 0.4500 0.4000 0.3500 0.3000 0.2500 0.2000 0.1500 0.1000 0.0500 -0.0500 -0.1000 -0.1500 -0.2000 -0.2500 -0.3000 -0.3500 -0.4000 -0.4500 -0.5000 -0.5500 -0.6000 -0.6500 -0.7000 -0.7500 -0.8000 -0.8500 -0.9000 -0.9500 -1.0000 -1.0500 -1.1000 -1.1500 -1.2000 -1.2500 -1.3000 -1.3500 -1.4000 -1.4500 -1.5000 -1.5500 -1.6000 -1.6500 -1.7000 -1.7500 -1.8000 -1.8500 -1.8668 -1.8608 -1.8561 -1.8527 -1.8507 -1.8500 -1.8500 -1.8500 -1.8500 -1.8500 -1.8500 -1.8500 -1.8500 -1.8500 -1.8507 -1.8527 -1.8561 -1.8608 -1.8668 -1.8742 -1.8742 -1.8668 -1.8608 -1.8561 -1.8527 -1.8507 -1.8500 -1.8500 -1.8500 -1.8500 -1.8507 -1.8527 -1.8561 -1.8608 -1.8668 -1.8742 -1.8828 -1.8927 -1.9000 -1.9000 -1.9000 -1.9000 -1.9000 -1.9000 -1.9000 -1.9000 -1.8927 -1.8828 -1.8742 -1.8668 -1.8608 -1.8561 -1.8527 -1.8507 -1.8500 -1.8500 -1.8500 -1.8507 -1.8527 -1.8561 -1.8608 -1.8668 -1.8608 -1.8561 -1.8527 -1.8507 -1.8500 -1.8507 -1.8527 -1.8561 -1.8608 -1.8668 -1.8742 -1.8828 -1.8927 -1.9000 -1.9000 -1.9000 -1.9000 -1.9000 -1.9000 -1.9000 -1.9000 -1.9000 -1.9000 -1.9000 -1.9000 -1.9000 -1.9000 -1.9000 -1.9000 -1.9000 -1.9000 -1.9000 -1.9000 -1.9000 -1.9000 -1.9000 -1.9000 -1.9000 -1.9000 -1.9000 -1.9000 -1.9000 -1.9000 -1.9000 -1.9000 -1.9000 -1.9000 -1.9000 -1.9000 -1.9000 -1.9000 -1.9000 -1.9000 -1.9000 -1.9000 -1.9000 -1.9000 -1.9000 -1.9000 -1.9000 -1.9000 -1.9000 -1.9000 -1.9000 -1.9000 -1.9000 -1.9000 -1.9000 -1.9000 -1.9000 -1.9000 -1.9000 -1.9000 -1.9000 -1.9000 -1.9000 -1.9000 -1.9000 -1.9000 -1.9000 -1.9000
-0.2500 -0.2500 -0.2500 -0.2500 -0.2500 -0.2500 -0.2500 -0.2500 -0.2500 -0.2500 -0.2550 -0.2693 -0.2915 -0.3000 -0.3000 -0.3000 -0.3041 -0.2828 -0.2500 -0.2121 -0.1803 -0.1414 -0.1118 -0.1000 -0.1000 -0.1000 -0.1000 -0.1000 -0.1118 -0.1414 -0.1500 -0.1500 -0.1500 -0.1000 -0.0500 0.0500 0.0500 0.0707 0.1118 0.1581 0.2062 0.2550 0.3041 0.3536 0.3536 0.3041 0.2550 0.2062 0.1581 0.1118 0.0707 0.0500 -0.0500 -0.1000 -0.1500 -0.2000 -0.2000 -0.2000 -0.1803 -0.1581 -0.1500 -0.1500 -0.1500 -0.1500 -0.1500 -0.1500 -0.1500 -0.1500 -0.1581 -0.1803 -0.2121 -0.2062 -0.2000 -0.2000 -0.2062 -0.2236 -0.2500 -0.2500 -0.2000 -0.1500 -0.1000 -0.0500 0.0500 0.1000 0.1500 0.2000 0.2500 0.3000 0.3500 0.4000 0.4500 0.5000 0.5500 0.6000 0.6500 0.7000 0.7500 0.8000 0.8500 0.9000 0.9500 0.9500 0.9000 0.8500 0.8000 0.7500 0.7000 0.6500 0.6000 0.5500 0.5000 0.4500 0.4000 0.3500 0.3000 0.2500 0.2000 0.1500 0.1000 0.0500 -0.0500 -0.1000 -0.1500 -0.2000 -0.2500 -0.3000 -0.3500 -0.4000 -0.4500 -0.5000 -0.5500 -0.6000 -0.6500 -0.7000 -0.7500 -0.8000 -0.8500 -0.9000 -0.9500 -1.0000 -1.0500 -1.1000 -1.1500 -1.2000 -1.2500 -1.3000 -1.3500 -1.4000 -1.4500 -1.5000 -1.5500 -1.6000 -1.6500 -1.7000 -1.7500 -1.8000 -1.8500 -1.9000 -1.9105 -1.9059 -1.9026 -1.9007 -1.9000 -1.9000 -1.9000 -1.9000 -1.9000 -1.9000 -1.9000 -1.9000 -1.9000 -1.9007 -1.9026 -1.9059 -1.9105 -1.9164 -1.9235 -1.9235 -1.9164 -1.9105 -1.9059 -1.9026 -1.9007 -1.9000 -1.9000 -1.9000 -1.9000 -1.9007 -1.9026 -1.9059 -1.9105 -1.9164 -1.9235 -1.9320 -1.9416 -1.9500 -1.9500 -1.9500 -1.9500 -1.9500 -1.9500 -1.9500 -1.9500 -1.9416 -1.9320 -1.9235 -1.9164 -1.9105 -1.9059 -1.9026 -1.9007 -1.9000 -1.9000 -1.9000 -1.9007 -1.9026 -1.9059 -1.9105 -1.9164 -1.9105 -1.9059 -1.9026 -1.9007 -1.9000 -1.9007 -1.9026 -1.9059 -1.9105 -1.9164 -1.9235 -1.9320 -1.9416 -1.9500 -1.9500 -1.9500 -1.9500 -1.9500 -1.9500 -1.9500 -1.9500 -1.9500 -1.9500 -1.9500 -1.9500 -1.9500 -1.9500 -1.9500 -1.9500 -1.9500 -1.9500 -1.9500 -1.9500 -1.9500 -1.9500 -1.9500 -1.9500 -1.9500 -1.9500 -1.9500 -1.9500 -1.9500 -1.9500 -1.9500 -1.9500 -1.9500 -1.9500 -1.9500 -1.9500 -1.9500 -1.9500 -1.9500 -1.9500 -1.9500 -1.9500 -1.9500 -1.9500 -1.9500 -1.9500 -1.9500 -1.9500 -1.9500 -1.9500 -1.9500 -1.9500 -1.9500 -1.9500 -1.9500 -1.9500 -1.9500 -1.9500 -1.9500 -1.9500 -1.9500 -1.9500 -1.9500 -1.9500 -1.9500 -1.9500 -1.9500 -1.9500
-0.3000 -0.3000 -0.3000 -0.3000 -0.3000 -0.3000 -0.3000 -0.3000 -0.3000 -0.3000 -0.3041 -0.3162 -0.3354 -0.3500 -0.3500 -0.3500 -0.3536 -0.3202 -0.2828 -0.2500 -0.2121 -0.1803 -0.1581 -0.1500 -0.1500 -0.1500 -0.1500 -0.1500 -0.1581 -0.1803 -0.2000 -0.2000 -0.1581 -0.1118 -0.0707 -0.0500 0.0500 0.1000 0.1414 0.1803 0.2236 0.2693 0.3162 0.3640 0.3640 0.3162 0.2693 0.2236 0.1803 0.1414 0.1000 0.0500 -0.0500 -0.1000 -0.1500 -0.2000 -0.2500 -0.2500 -0.2236 -0.2062 -0.2000 -0.2000 -0.2000 -0.2000 -0.2000 -0.2000 -0.2000 -0.2000 -0.2062 -0.2236 -0.2500 -0.2550 -0.2500 -0.2500 -0.2550 -0.2693 -0.2915 -0.2500 -0.2000 -0.1500 -0.1000 -0.0500 0.0500 0.1000 0.1500 0.2000 0.2500 0.3000 0.3500 0.4000 0.4500 0.5000 0.5500 0.6000 0.6500 0.7000 0.7500 0.8000 0.8500 0.9000 0.9500 0.9500 0.9000 0.8500 0.8000 0.7500 0.7000 0.6500 0.6000 0.5500 0.5000 0.4500 0.4000 0.3500 0.3000 0.2500 0.2000 0.1500 0.1000 0.0500 -0.0500 -0.1000 -0.1500 -0.2000 -0.2500 -0.3000 -0.3500 -0.4000 -0.4500 -0.5000 -0.5500 -0.6000 -0.6500 -0.7000 -0.7500 -0.8000 -0.8500 -0.9000 -0.9500 -1.0000 -1.0500 -1.1000 -1.1500 -1.2000 -1.2500 -1.3000 -1.3500 -1.4000 -1.4500 -1.5000 -1.5500 -1.6000 -1.6500 -1.7000 -1.7500 -1.8000 -1.8500 -1.9000 -1.9500 -1.9558 -1.9526 -1.9506 -1.9500 -1.9500 -1.9500 -1.9500 -1.9500 -1.9500 -1.9500 -1.9500 -1.9500 -1.9506 -1.9526 -1.9558 -1.9602 -1.9660 -1.9729 -1.9729 -1.9660 -1.9602 -1.9558 -1.9526 -1.9506 -1.9500 -1.9500 -1.9500 -1.9500 -1.9506 -1.9526 -1.9558 -1.9602 -1.9660 -1.9729 -1.9812 -1.9906 -2.0000 -2.0000 -2.0000 -2.0000 -2.0000 -2.0000 -2.0000 -2.0000 -1.9906 -1.9812 -1.9729 -1.9660 -1.9602 -1.9558 -1.9526 -1.9506 -1.9500 -1.9500 -1.9500 -1.9506 -1.9526 -1.9558 -1.9602 -1.9660 -1.9602 -1.9558 -1.9526 -1.9506 -1.9500 -1.9506 -1.9526 -1.9558 -1.9602 -1.9660 -1.9729 -1.9812 -1.9906 -2.0000 -2.0000 -2.0000 -2.0000 -2.0000 -2.0000 -2.0000 -2.0000 -2.0000 -2.0000 -2.0000 -2.0000 -2.0000 -2.0000 -2.0000 -2.0000 -2.0000 -2.0000 -2.0000 -2.0000 -2.0000 -2.0000 -2.0000 -2.0000 -2.0000 -2.0000 -2.0000 -2.0000 -2.0000 -2.0000 -2.0000 -2.0000 -2.0000 -2.0000 -2.0000 -2.0000 -2.0000 -2.0000 -2.0000 -2.0000 -2.0000 -2.0000 -2.0000 -2.0000 -2.0000 -2.0000 -2.0000 -2.0000 -2.0000 -2.0000 -2.0000 -2.0000 -2.0000 -2.0000 -2.0000 -2.0000 -2.0000 -2.0000 -2.0000 -2.0000 -2.0000 -2.0000 -2.0000 -2.0000 -2.0000 -2.0000 -2.0000 -2.0000
-0.3500 -0.3500 -0.3500 -0.3500 -0.3500 -0.3500 -0.3500 -0.3500 -0.3500 -0.3500 -0.3536 -0.3640 -0.3808 -0.4000 -0.4000 -0.4000 -0.3905 -0.3536 -0.3202 -0.2828 -0.2500 -0.2236 -0.2062 -0.2000 -0.2000 -0.2000 -0.2000 -0.2000 -0.2062 -0.2236 -0.2500 -0.2236 -0.1803 -0.1414 -0.1000 -0.0500 0.0500 0.1000 0.1500 0.2000 0.2500 0.2915 0.3354 0.3808 0.3808 0.3354 0.2915 0.2500 0.2000 0.1500 0.1000 0.0500 -0.0500 -0.1000 -0.1500 -0.2000 -0.2500 -0.2915 -0.2693 -0.2550 -0.2500 -0.2500 -0.2500 -0.2500 -0.2500 -0.2500 -0.2500 -0.2500 -0.2550 -0.2693 -0.2915 -0.3041 -0.3000 -0.3000 -0.3041 -0.3162 -0.3000 -0.2500 -0.2000 -0.1500 -0.1000 -0.0500 0.0500 0.1000 0.1500 0.2000 0.2500 0.3000 0.3500 0.4000 0.4500 0.5000 0.5500 0.6000 0.6500 0.7000 0.7500 0.8000 0.8500 0.9000 0.9500 0.9500 0.9000 0.8500 0.8000 0.7500 0.7000 0.6500 0.6000 0.5500 0.5000 0.4500 0.4000 0.3500 0.3000 0.2500 0.2000 0.1500 0.1000 0.0500 -0.0500 -0.1000 -0.1500 -0.2000 -0.2500 -0.3000 -0.3500 -0.4000 -0.4500 -0.5000 -0.5500 -0.6000 -0.6500 -0.7000 -0.7500 -0.8000 -0.8500 -0.9000 -0.9500 -1.0000 -1.0500 -1.1000 -1.1500 -1.2000 -1.2500 -1.3000 -1.3500 -1.4000 -1.4500 -1.5000 -1.5500 -1.6000 -1.6500 -1.7000 -1.7500 -1.8000 -1.8500 -1.9000 -1.9500 -2.0000 -2.0025 -2.0006 -2.0000 -2.0000 -2.0000 -2.0000 -2.0000 -2.0000 -2.0000 -2.0000 -2.0000 -2.0006 -2.0025 -2.0056 -2.0100 -2.0156 -2.0224 -2.0224 -2.0156 -2.0100 -2.0056 -2.0025 -2.0006 -2.0000 -2.0000 -2.0000 -2.0000 -2.0006 -2.0025 -2.0056 -2.0100 -2.0156 -2.0224 -2.0304 -2.0396 -2.0500 -2.0500 -2.0500 -2.0500 -2.0500 -2.0500 -2.0500 -2.0500 -2.0396 -2.0304 -2.0224 -2.0156 -2.0100 -2.0056 -2.0025 -2.0006 -2.0000 -2.0000 -2.0000 -2.0006 -2.0025 -2.0056 -2.0100 -2.0156 -2.0100 -2.0056 -2.0025 -2.0006 -2.0000 -2.0006 -2.0025 -2.0056 -2.0100 -2.0156 -2.0224 -2.0304 -2.0396 -2.0500 -2.0500 -2.0500 -2.0500 -2.0500 -2.0500 -2.0500 -2.0500 -2.0500 -2.0500 -2.0500 -2.0500 -2.0500 -2.0500 -2.0500 -2.0500 -2.0500 -2.0500 -2.0500 -2.0500 -2.0500 -2.0500 -2.0500 -2.0500 -2.0500 -2.0500 -2.0500 -2.0500 -2.0500 -2.0500 -2.0500 -2.0500 -2.0500 -2.0500 -2.0500 -2.0500 -2.0500 -2.0500 -2.0500 -2.0500 -2.0500 -2.0500 -2.0500 -2.0500 -2.0500 -2.0500 -2.0500 -2.0500 -2.0500 -2.0500 -2.0500 -2.0500 -2.0500 -2.0500 -2.0500 -2.0500 -2.0500 -2.0500 -2.0500 -2.0500 -2.0500 -2.0500 -2.0500 -2.0500 -2.0500 -2.0500 -2.0500 -2.0500
-0.4000 -0.4000 -0.4000 -0.4000 -0.4000 -0.4000 -0.4000 -0.4000 -0.4000 -0.4000 -0.4031 -0.4123 -0.4272 -0.4472 -0.4500 -0.4500 -0.4243 -0.3905 -0.3536 -0.3202 -0.2915 -0.2693 -0.2550 -0.2500 -0.2500 -0.2500 -0.2500 -0.2500 -0.2550 -0.2693 -0.2915 -0.2500 -0.2000 -0.1500 -0.1000 -0.0500 0.0500 0.1000 0.1500 0.2000 0.2500 0.3000 0.3500 0.3536 0.3500 0.3500 0.3000 0.2500 0.2000 0.1500 0.1000 0.0500 -0.0500 -0.1000 -0.1500 -0.2000 -0.2500 -0.3000 -0.3162 -0.3041 -0.3000 -0.3000 -0.3000 -0.3000 -0.3000 -0.3000 -0.3000 -0.3000 -0.3041 -0.3162 -0.3354 -0.3536 -0.3500 -0.3500 -0.3536 -0.3500 -0.3000 -0.2500 -0.2000 -0.1500 -0.1000 -0.0500 0.0500 0.1000 0.1500 0.2000 0.2500 0.3000 0.3500 0.4000 0.4500 0.5000 0.5500 0.6000 0.6500 0.7000 0.7500 0.8000 0.8500 0.9000 0.9500 0.9500 0.9000 0.8500 0.8000 0.7500 0.7000 0.6500 0.6000 0.5500 0.5000 0.4500 0.4000 0.3500 0.3000 0.2500 0.2000 0.1500 0.1000 0.0500 -0.0500 -0.1000 -0.1500 -0.2000 -0.2500 -0.3000 -0.3500 -0.4000 -0.4500 -0.5000 -0.5500 -0.6000 -0.6500 -0.7000 -0.7500 -0.8000 -0.8500 -0.9000 -0.9500 -1.0000 -1.0500 -1.1000 -1.1500 -1.2000 -1.2500 -1.3000 -1.3500 -1.4000 -1.4500 -1.5000 -1.5500 -1.6000 -1.6500 -1.7000 -1.7500 -1.8000 -1.8500 -1.9000 -1.9500 -2.0000 -2.0500 -2.0506 -2.0500 -2.0500 -2.0500 -2.0500 -2.0500 -2.0500 -2.0500 -2.0500 -2.0500 -2.0506 -2.0524 -2.0555 -2.0597 -2.0652 -2.0718 -2.0718 -2.0652 -2.0597 -2.0555 -2.0524 -2.0506 -2.0500 -2.0500 -2.0500 -2.0500 -2.0506 -2.0524 -2.0555 -2.0597 -2.0652 -2.0718 -2.0797 -2.0887 -2.0988 -2.1000 -2.1000 -2.1000 -2.1000 -2.1000 -2.1000 -2.0988 -2.0887 -2.0797 -2.0718 -2.0652 -2.0597 -2.0555 -2.0524 -2.0506 -2.0500 -2.0500 -2.0500 -2.0506 -2.0524 -2.0555 -2.0597 -2.0652 -2.0597 -2.0555 -2.0524 -2.0506 -2.0500 -2.0506 -2.0524 -2.0555 -2.0597 -2.0652 -2.0718 -2.0797 -2.0887 -2.0988 -2.1000 -2.1000 -2.1000 -2.1000 -2.1000 -2.1000 -2.1000 -2.1000 -2.1000 -2.1000 -2.1000 -2.1000 -2.1000 -2.1000 -2.1000 -2.1000 -2.1000 -2.1000 -2.1000 -2.1000 -2.1000 -2.1000 -2.1000 -2.1000 -2.1000 -2.1000 -2.1000 -2.1000 -2.1000 -2.1000 -2.1000 -2.1000 -2.1000 -2.1000 -2.1000 -2.1000 -2.1000 -2.1000 -2.1000 -2.1000 -2.1000 -2.1000 -2.1000 -2.1000 -2.1000 -2.1000 -2.1000 -2.1000 -2.1000 -2.1000 -2.1000 -2.1000 -2.1000 -2.1000 -2.1000 -2.1000 -2.1000 -2.1000 -2.1000 -2.1000 -2.1000 -2.1000 -2.1000 -2.1000 -2.1000 -2.1000 -2.1000
-0.4500 -0.4500 -0.4500 -0.4500 -0.4500 -0.4500 -0.4500 -0.4500 -0.4500 -0.4500 -0.4528 -0.4610 -0.4743 -0.4924 -0.5000 -0.4950 -0.4610 -0.4243 -0.3905 -0.3606 -0.3354 -0.3162 -0.3041 -0.3000 -0.3000 -0.3000 -0.3000 -0.3000 -0.3041 -0.3162 -0.3000 -0.2500 -0.2000 -0.1500 -0.1000 -0.0500 0.0500 0.1000 0.1500 0.2000 0.2500 0.3000 0.3162 0.3041 0.3000 0.3041 0.3000 0.2500 0.2000 0.1500 0.1000 0.0500 -0.0500 -0.1000 -0.1500 -0.2000 -0.2500 -0.3000 -0.3500 -0.3536 -0.3500 -0.3500 -0.3500 -0.3500 -0.3500 -0.3500 -0.3500 -0.3500 -0.3536 -0.3640 -0.3808 -0.4031 -0.4000 -0.4000 -0.4000 -0.3500 -0.3000 -0.2500 -0.2000 -0.1500 -0.1000 -0.0500 0.0500 0.1000 0.1500 0.2000 0.2500 0.3000 0.3500 0.4000 0.4500 0.5000 0.5500 0.6000 0.6500 0.7000 0.7500 0.8000 0.8500 0.9000 0.9500 0.9500 0.9000 0.8500 0.8000 0.7500 0.7000 0.6500 0.6000 0.5500 0.5000 0.4500 0.4000 0.3500 0.3000 0.2500 0.2000 0.1500 0.1000 0.0500 -0.0500 -0.1000 -0.1500 -0.2000 -0.2500 -0.3000 -0.3500 -0.4000 -0.4500 -0.5000 -0.5500 -0.6000 -0.6500 -0.7000 -0.7500 -0.8000 -0.8500 -0.9000 -0.9500 -1.0000 -1.0500 -1.1000 -1.1500 -1.2000 -1.2500 -1.3000 -1.3500 -1.4000 -1.4500 -1.5000 -1.5500 -1.6000 -1.6500 -1.7000 -1.7500 -1.8000 -1.8500 -1.9000 -1.9500 -2.0000 -2.0500 -2.1000 -2.1000 -2.1000 -2.1000 -2.1000 -2.1000 -2.1000 -2.1000 -2.1000 -2.1000 -2.1006 -2.1024 -2.1054 -2.1095 -2.1148 -2.1213 -2.1213 -2.1148 -2.1095 -2.1054 -2.1024 -2.1006 -2.1000 -2.1000 -2.1000 -2.1000 -2.1006 -2.1024 -2.1054 -2.1095 -2.1148 -2.1213 -2.1290 -2.1378 -2.1477 -2.1500 -2.1500 -2.1500 -2.1500 -2.1500 -2.1500 -2.1477 -2.1378 -2.1290 -2.1213 -2.1148 -2.1095 -2.1054 -2.1024 -2.1006 -2.1000 -2.1000 -2.1000 -2.1006 -2.1024 -2.1054 -2.1095 -2.1148 -2.1095 -2.1054 -2.1024 -2.1006 -2.1000 -2.1006 -2.1024 -2.1054 -2.1095 -2.1148 -2.1213 -2.1290 -2.1378 -2.1477 -2.1500 -2.1500 -2.1500 -2.1500 -2.1500 -2.1500 -2.1500 -2.1500 -2.1500 -2.1500 -2.1500 -2.1500 -2.1500 -2.1500 -2.1500 -2.1500 -2.1500 -2.1500 -2.1500 -2.1500 -2.1500 -2.1500 -2.1500 -2.1500 -2.1500 -2.1500 -2.1500 -2.1500 -2.1500 -2.1500 -2.1500 -2.1500 -2.1500 -2.1500 -2.1500 -2.1500 -2.1500 -2.1500 -2.1500 -2.1500 -2.1500 -2.1500 -2.1500 -2.1500 -2.1500 -2.1500 -2.1500 -2.1500 -2.1500 -2.1500 -2.1500 -2.1500 -2.1500 -2.1500 -2.1500 -2.1500 -2.1500 -2.1500 -2.1500 -2.1500 -2.1500 -2.1500 -2.1500 -2.1500 -2.1500 -2.1500 -2.1500
-0.5000 -0.5000 -0.5000 -0.5000 -0.5000 -0.5000 -0.5000 -0.5000 -0.5000 -0.5000 -0.5025 -0.5099 -0.5220 -0.5385 -0.5500 -0.5315 -0.4950 -0.4610 -0.4301 -0.4031 -0.3808 -0.3640 -0.3536 -0.3500 -0.3500 -0.3500 -0.3500 -0.3500 -0.3536 -0.3500 -0.3000 -0.2500 -0.2000 -0.1500 -0.1000 -0.0500 0.0500 0.1000 0.1500 0.2000 0.2500 0.2915 0.2693 0.2550 0.2500 0.2550 0.2693 0.2500 0.2000 0.1500 0.1000 0.0500 -0.0500 -0.1000 -0.1500 -0.2000 -0.2500 -0.3000 -0.3500 -0.4000 -0.4000 -0.4000 -0.4000 -0.4000 -0.4000 -0.4000 -0.4000 -0.4000 -0.4031 -0.4123 -0.4272 -0.4472 -0.4500 -0.4500 -0.4000 -0.3500 -0.3000 -0.2500 -0.2000 -0.1500 -0.1000 -0.0500 0.0500 0.1000 0.1500 0.2000 0.2500 0.3000 0.3500 0.4000 0.4500 0.5000 0.5500 0.6000 0.6500 0.7000 0.7500 0.8000 0.8500 0.9000 0.9500 0.9500 0.9000 0.8500 0.8000 0.7500 0.7000 0.6500 0.6000 0.5500 0.5000 0.4500 0.4000 0.3500 0.3000 0.2500 0.2000 0.1500 0.1000 0.0500 -0.0500 -0.1000 -0.1500 -0.2000 -0.2500 -0.3000 -0.3500 -0.4000 -0.4500 -0.5000 -0.5500 -0.6000 -0.6500 -0.7000 -0.7500 -0.8000 -0.8500 -0.9000 -0.9500 -1.0000 -1.0500 -1.1000 -1.1500 -1.2000 -1.2500 -1.3000 -1.3500 -1.4000 -1.4500 -1.5000 -1.5500 -1.6000 -1.6500 -1.7000 -1.7500 -1.8000 -1.8500 -1.9000 -1.9500 -2.0000 -2.0500 -2.1000 -2.1500 -2.1500 -2.1500 -2.1500 -2.1500 -2.1500 -2.1500 -2.1500 -2.1500 -2.1506 -2.1523 -2.1552 -2.1593 -2.1645 -2.1708 -2.1708 -2.1645 -2.1593 -2.1552 -2.1523 -2.1506 -2.1500 -2.1500 -2.1500 -2.1500 -2.1506 -2.1523 -2.1552 -2.1593 -2.1645 -2.1708 -2.1783 -2.1869 -2.1966 -2.2000 -2.2000 -2.2000 -2.2000 -2.2000 -2.2000 -2.1966 -2.1869 -2.1783 -2.1708 -2.1645 -2.1593 -2.1552 -2.1523 -2.1506 -2.1500 -2.1500 -2.1500 -2.1506 -2.1523 -2.1552 -2.1593 -2.1645 -2.1593 -2.1552 -2.1523 -2.1506 -2.1500 -2.1506 -2.1523 -2.1552 -2.1593 -2.1645 -2.1708 -2.1783 -2.1869 -2.1966 -2.2000 -2.2000 -2.2000 -2.2000 -2.2000 -2.2000 -2.2000 -2.2000 -2.2000 -2.2000 -2.2000 -2.2000 -2.2000 -2.2000 -2.2000 -2.2000 -2.2000 -2.2000 -2.2000 -2.2000 -2.2000 -2.2000 -2.2000 -2.2000 -2.2000 -2.2000 -2.2000 -2.2000 -2.2000 -2.2000 -2.2000 -2.2000 -2.2000 -2.2000 -2.2000 -2.2000 -2.2000 -2.2000 -2.2000 -2.2000 -2.2000 -2.2000 -2.2000 -2.2000 -2.2000 -2.2000 -2.2000 -2.2000 -2.2000 -2.2000 -2.2000 -2.2000 -2.2000 -2.2000 -2.2000 -2.2000 -2.2000 -2.2000 -2.2000 -2.2000 -2.2000 -2.2000 -2.2000 -2.2000 -2.2000 -2.2000 -2.2000
-0.5500 -0.5500 -0.5500 -0.5500 -0.5500 -0.5500 -0.5500 -0.5500 -0.5500 -0.5500 -0.5523 -0.5590 -0.5701 -0.5852 -0.6000 -0.5657 -0.5315 -0.5000 -0.4717 -0.4472 -0.4272 -0.4123 -0.4031 -0.4000 -0.4000 -0.4000 -0.4000 -0.4000 -0.4000 -0.3500 -0.3000 -0.2500 -0.2000 -0.1500 -0.1000 -0.0500 0.0500 0.1000 0.1500 0.2000 0.2500 0.2500 0.2236 0.2062 0.2000 0.2062 0.2236 0.2500 0.2000 0.1500 0.1000 0.0500 -0.0500 -0.1000 -0.1500 -0.2000 -0.2500 -0.3000 -0.3500 -0.4000 -0.4500 -0.4500 -0.4500 -0.4500 -0.4500 -0.4500 -0.4500 -0.4500 -0.4528 -0.4610 -0.4743 -0.4924 -0.5000 -0.4500 -0.4000 -0.3500 -0.3000 -0.2500 -0.2000 -0.1500 -0.1000 -0.0500 0.0500 0.1000 0.1500 0.2000 0.2500 0.3000 0.3500 0.4000 0.4500 0.5000 0.5500 0.6000 0.6500 0.7000 0.7500 0.8000 0.8500 0.9000 0.9500 0.9500 0.9000 0.8500 0.8000 0.7500 0.7000 0.6500 0.6000 0.5500 0.5000 0.4500 0.4000 0.3500 0.3000 0.2500 0.2000 0.1500 0.1000 0.0500 -0.0500 -0.1000 -0.1500 -0.2000 -0.2500 -0.3000 -0.3500 -0.4000 -0.4500 -0.5000 -0.5500 -0.6000 -0.6500 -0.7000 -0.7500 -0.8000 -0.8500 -0.9000 -0.9500 -1.0000 -1.0500 -1.1000 -1.1500 -1.2000 -1.2500 -1.3000 -1.3500 -1.4000 -1.4500 -1.5000 -1.5500 -1.6000 -1.6500 -1.7000 -1.7500 -1.8000 -1.8500 -1.9000 -1.9500 -2.0000 -2.0500 -2.1000 -2.1500 -2.2000 -2.2000 -2.2000 -2.2000 -2.2000 -2.2000 -2.2000 -2.2000 -2.2006 -2.2023 -2.2051 -2.2091 -2.2142 -2.2204 -2.2204 -2.2142 -2.2091 -2.2051 -2.2023 -2.2006 -2.2000 -2.2000 -2.2000 -2.2000 -2.2006 -2.2023 -2.2051 -2.2091 -2.2142 -2.2204 -2.2277 -2.2361 -2.2456 -2.2500 -2.2500 -2.2500 -2.2500 -2.2500 -2.2500 -2.2456 -2.2361 -2.2277 -2.2204 -2.2142 -2.2091 -2.2051 -2.2023 -2.2006 -2.2000 -2.2000 -2.2000 -2.2006 -2.2023 -2.2051 -2.2091 -2.2142 -2.2091 -2.2051 -2.2023 -2.2006 -2.2000 -2.2006 -2.2023 -2.2051 -2.2091 -2.2142 -2.2204 -2.2277 -2.2361 -2.2456 -2.2500 -2.2500 -2.2500 -2.2500 -2.2500 -2.2500 -2.2500 -2.2500 -2.2500 -2.2500 -2.2500 -2.2500 -2.2500 -2.2500 -2.2500 -2.2500 -2.2500 -2.2500 -2.2500 -2.2500 -2.2500 -2.2500 -2.2500 -2.2500 -2.2500 -2.2500 -2.2500 -2.2500 -2.2500 -2.2500 -2.2500 -2.2500 -2.2500 -2.2500 -2.2500 -2.2500 -2.2500 -2.2500 -2.2500 -2.2500 -2.2500 -2.2500 -2.2500 -2.2500 -2.2500 -2.2500 -2.2500 -2.2500 -2.2500 -2.2500 -2.2500 -2.2500 -2.2500 -2.2500 -2.2500 -2.2500 -2.2500 -2.2500 -2.2500 -2.2500 -2.2500 -2.2500 -2.2500 -2.2500 -2.2500 -2.2500 -2.2500
-0.6000 -0.6000 -0.6000 -0.6000 -0.6000 -0.6000 -0.6000 -0.6000 -0.6000 -0.6000 -0.6021 -0.6083 -0.6185 -0.6325 -0.6364 -0.6021 -0.5701 -0.5408 -0.5148 -0.4924 -0.4743 -0.4610 -0.4528 -0.4500 -0.4500 -0.4500 -0.4500 -0.4500 -0.4000 -0.3500 -0.3000 -0.2500 -0.2000 -0.1500 -0.1000 -0.0500 0.0500 0.1000 0.1500 0.2000 0.2000 0.2000 0.1803 0.1581 0.1500 0.1581 0.1803 0.2000 0.2000 0.1500 0.1000 0.0500 -0.0500 -0.1000 -0.1500 -0.2000 -0.2500 -0.3000 -0.3500 -0.4000 -0.4500 -0.5000 -0.5000 -0.5000 -0.5000 -0.5000 -0.5000 -0.5000 -0.5025 -0.5099 -0.5220 -0.5385 -0.5000 -0.4500 -0.4000 -0.3500 -0.3000 -0.2500 -0.2000 -0.1500 -0.1000 -0.0500 0.0500 0.1000 0.1500 0.2000 0.2500 0.3000 0.3500 0.4000 0.4500 0.5000 0.5500 0.6000 0.6500 0.7000 0.7500 0.8000 0.8500 0.9000 0.9500 0.9500 0.9000 0.8500 0.8000 0.7500 0.7000 0.6500 0.6000 0.5500 0.5000 0.4500 0.4000 0.3500 0.3000 0.2500 0.2000 0.1500 0.1000 0.0500 -0.0500 -0.1000 -0.1500 -0.2000 -0.2500 -0.3000 -0.3500 -0.4000 -0.4500 -0.5000 -0.5500 -0.6000 -0.6500 -0.7000 -0.7500 -0.8000 -0.8500 -0.9000 -0.9500 -1.0000 -1.0500 -1.1000 -1.1500 -1.2000 -1.2500 -1.3000 -1.3500 -1.4000 -1.4500 -1.5000 -1.5500 -1.6000 -1.6500 -1.7000 -1.7500 -1.8000 -1.8500 -1.9000 -1.9500 -2.0000 -2.0500 -2.1000 -2.1500 -2.2000 -2.2500 -2.2500 -2.2500 -2.2500 -2.2500 -2.2500 -2.2500 -2.2506 -2.2522 -2.2550 -2.2589 -2.2638 -2.2699 -2.2699 -2.2638 -2.2589 -2.2550 -2.2522 -2.2506 -2.2500 -2.2500 -2.2500 -2.2500 -2.2506 -2.2522 -2.2550 -2.2589 -2.2638 -2.2699 -2.2771 -2.2853 -2.2946 -2.3000 -2.3000 -2.3000 -2.3000 -2.3000 -2.3000 -2.2946 -2.2853 -2.2771 -2.2699 -2.2638 -2.2589 -2.2550 -2.2522 -2.2506 -2.2500 -2.2500 -2.2500 -2.2506 -2.2522 -2.2550 -2.2589 -2.2638 -2.2589 -2.2550 -2.2522 -2.2506 -2.2500 -2.2506 -2.2522 -2.2550 -2.2589 -2.2638 -2.2699 -2.2771 -2.2853 -2.2946 -2.3000 -2.3000 -2.3000 -2.3000 -2.3000 -2.3000 -2.3000 -2.3000 -2.3000 -2.3000 -2.3000 -2.3000 -2.3000 -2.3000 -2.3000 -2.3000 -2.3000 -2.3000 -2.3000 -2.3000 -2.3000 -2.3000 -2.3000 -2.3000 -2.3000 -2.3000 -2.3000 -2.3000 -2.3000 -2.3000 -2.3000 -2.3000 -2.3000 -2.3000 -2.3000 -2.3000 -2.3000 -2.3000 -2.3000 -2.3000 -2.3000 -2.3000 -2.3000 -2.3000 -2.3000 -2.3000 -2.3000 -2.3000 -2.3000 -2.3000 -2.3000 -2.3000 -2.3000 -2.3000 -2.3000 -2.3000 -2.3000 -2.3000 -2.3000 -2.3000 -2.3000 -2.3000 -2.3000 -2.3000 -2.3000 -2.3000 -2.3000
-0.6500 -0.6500 -0.6500 -0.6500 -0.6500 -0.6500 -0.6500 -0.6500 -0.6500 -0.6500 -0.6519 -0.6576 -0.6671 -0.6801 -0.6727 -0.6403 -0.6103 -0.5831 -0.5590 -0.5385 -0.5220 -0.5099 -0.5025 -0.5000 -0.5000 -0.5000 -0.5000 -0.4500 -0.4000 -0.3500 -0.3000 -0.2500 -0.2000 -0.1500 -0.1000 -0.0500 0.0500 0.1000 0.1414 0.1500 0.1500 0.1500 0.1414 0.1118 0.1000 0.1118 0.1414 0.1500 0.1500 0.1500 0.1000 0.0500 -0.0500 -0.1000 -0.1500 -0.2000 -0.2500 -0.3000 -0.3500 -0.4000 -0.4500 -0.5000 -0.5500 -0.5500 -0.5500 -0.5500 -0.5500 -0.5500 -0.5523 -0.5590 -0.5701 -0.5500 -0.5000 -0.4500 -0.4000 -0.3500 -0.3000 -0.2500 -0.2000 -0.1500 -0.1000 -0.0500 0.0500 0.1000 0.1500 0.2000 0.2500 0.3000 0.3500 0.4000 0.4500 0.5000 0.5500 0.6000 0.6500 0.7000 0.7500 0.8000 0.8500 0.9000 0.9500 0.9500 0.9000 0.8500 0.8000 0.7500 0.7000 0.6500 0.6000 0.5500 0.5000 0.4500 0.4000 0.3500 0.3000 0.2500 0.2000 0.1500 0.1000 0.0500 -0.0500 -0.1000 -0.1500 -0.2000 -0.2500 -0.3000 -0.3500 -0.4000 -0.4500 -0.5000 -0.5500 -0.6000 -0.6500 -0.7000 -0.7500 -0.8000 -0.8500 -0.9000 -0.9500 -1.0000 -1.0500 -1.1000 -1.1500 -1.2000 -1.2500 -1.3000 -1.3500 -1.4000 -1.4500 -1.5000 -1.5500 -1.6000 -1.6500 -1.7000 -1.7500 -1.8000 -1.8500 -1.9000 -1.9500 -2.0000 -2.0500 -2.1000 -2.1500 -2.2000 -2.2500 -2.3000 -2.3000 -2.3000 -2.3000 -2.3000 -2.3000 -2.3005 -2.3022 -2.3049 -2.3087 -2.3135 -2.3195 -2.3195 -2.3135 -2.3087 -2.3049 -2.3022 -2.3005 -2.3000 -2.3000 -2.3000 -2.3000 -2.3005 -2.3022 -2.3049 -2.3087 -2.3135 -2.3195 -2.3265 -2.3345 -2.3436 -2.3500 -2.3500 -2.3500 -2.3500 -2.3500 -2.3500 -2.3436 -2.3345 -2.3265 -2.3195 -2.3135 -2.3087 -2.3049 -2.3022 -2.3005 -2.3000 -2.3000 -2.3000 -2.3005 -2.3022 -2.3049 -2.3087 -2.3135 -2.3087 -2.3049 -2.3022 -2.3005 -2.3000 -2.3005 -2.3022 -2.3049 -2.3087 -2.3135 -2.3195 -2.3265 -2.3345 -2.3436 -2.3500 -2.3500 -2.3500 -2.3500 -2.3500 -2.3500 -2.3500 -2.3500 -2.3500 -2.3500 -2.3500 -2.3500 -2.3500 -2.3500 -2.3500 -2.3500 -2.3500 -2.3500 -2.3500 -2.3500 -2.3500 -2.3500 -2.3500 -2.3500 -2.3500 -2.3500 -2.3500 -2.3500 -2.3500 -2.3500 -2.3500 -2.3500 -2.3500 -2.3500 -2.3500 -2.3500 -2.3500 -2.3500 -2.3500 -2.3500 -2.3500 -2.3500 -2.3500 -2.3500 -2.3500 -2.3500 -2.3500 -2.3500 -2.3500 -2.3500 -2.3500 -2.3500 -2.3500 -2.3500 -2.3500 -2.3500 -2.3500 -2.3500 -2.3500 -2.3500 -2.3500 -2.3500 -2.3500 -2.3500 -2.3500 -2.3500 -2.3500
-0.7000 -0.7000 -0.7000 -0.7000 -0.7000 -0.7000 -0.7000 -0.7000 -0.7000 -0.7000 -0.7018 -0.7071 -0.7159 -0.7280 -0.7106 -0.6801 -0.6519 -0.6265 -0.6042 -0.5852 -0.5701 -0.5590 -0.5523 -0.5500 -0.5500 -0.5500 -0.5000 -0.4500 -0.4000 -0.3500 -0.3000 -0.2500 -0.2000 -0.1500 -0.1000 -0.0500 0.0500 0.0707 0.1000 0.1000 0.1000 0.1000 0.1000 0.0707 0.0500 0.0707 0.1000 0.1000 0.1000 0.1000 0.1000 0.0500 -0.0500 -0.1000 -0.1500 -0.2000 -0.2500 -0.3000 -0.3500 -0.4000 -0.4500 -0.5000 -0.5500 -0.6000 -0.6000 -0.6000 -0.6000 -0.6000 -0.6021 -0.6083 -0.6000 -0.5500 -0.5000 -0.4500 -0.4000 -0.3500 -0.3000 -0.2500 -0.2000 -0.1500 -0.1000 -0.0500 0.0500 0.1000 0.1500 0.2000 0.2500 0.3000 0.3500 0.4000 0.4500 0.5000 0.5500 0.6000 0.6500 0.7000 0.7500 0.8000 0.8500 0.9000 0.9500 0.9500 0.9000 0.8500 0.8000 0.7500 0.7000 0.6500 0.6000 0.5500 0.5000 0.4500 0.4000 0.3500 0.3000 0.2500 0.2000 0.1500 0.1000 0.0500 -0.0500 -0.1000 -0.1500 -0.2000 -0.2500 -0.3000 -0.3500 -0.4000 -0.4500 -0.5000 -0.5500 -0.6000 -0.6500 -0.7000 -0.7500 -0.8000 -0.8500 -0.9000 -0.9500 -1.0000 -1.0500 -1.1000 -1.1500 -1.2000 -1.2500 -1.3000 -1.3500 -1.4000 -1.4500 -1.5000 -1.5500 -1.6000 -1.6500 -1.7000 -1.7500 -1.8000 -1.8500 -1.9000 -1.9500 -2.0000 -2.0500 -2.1000 -2.1500 -2.2000 -2.2500 -2.3000 -2.3500 -2.3500 -2.3500 -2.3500 -2.3500 -2.3505 -2.3521 -2.3548 -2.3585 -2.3633 -2.3691 -2.3691 -2.3633 -2.3585 -2.3548 -2.3521 -2.3505 -2.3500 -2.3500 -2.3500 -2.3500 -2.3505 -2.3521 -2.3548 -2.3585 -2.3633 -2.3691 -2.3759 -2.3838 -2.3927 -2.4000 -2.4000 -2.4000 -2.4000 -2.4000 -2.4000 -2.3927 -2.3838 -2.3759 -2.3691 -2.3633 -2.3585 -2.3548 -2.3521 -2.3505 -2.3500 -2.3500 -2.3500 -2.3505 -2.3521 -2.3548 -2.3585 -2.3633 -2.3585 -2.3548 -2.3521 -2.3505 -2.3500 -2.3505 -2.3521 -2.3548 -2.3585 -2.3633 -2.3691 -2.3759 -2.3838 -2.3927 -2.4000 -2.4000 -2.4000 -2.4000 -2.4000 -2.4000 -2.4000 -2.4000 -2.4000 -2.4000 -2.4000 -2.4000 -2.4000 -2.4000 -2.4000 -2.4000 -2.4000 -2.4000 -2.4000 -2.4000 -2.4000 -2.4000 -2.4000 -2.4000 -2.4000 -2.4000 -2.4000 -2.4000 -2.4000 -2.4000 -2.4000 -2.4000 -2.4000 -2.4000 -2.4000 -2.4000 -2.4000 -2.4000 -2.4000 -2.4000 -2.4000 -2.4000 -2.4000 -2.4000 -2.4000 -2.4000 -2.4000 -2.4000 -2.4000 -2.4000 -2.4000 -2.4000 -2.4000 -2.4000 -2.4000 -2.4000 -2.4000 -2.4000 -2.4000 -2.4000 -2.4000 -2.4000 -2.4000 -2.4000 -2.4000 -2.4000 -2.4000
-0.7500 -0.7500 -0.7500 -0.7500 -0.7500 -0.7500 -0.7500 -0.7500 -0.7500 -0.7500 -0.7517 -0.7566 -0.7649 -0.7762 -0.7500 -0.7211 -0.6946 -0.6708 -0.6500 -0.6325 -0.6185 -0.6083 -0.6021 -0.6000 -0.6000 -0.5523 -0.5025 -0.4528 -0.4031 -0.3536 -0.3041 -0.2550 -0.2062 -0.1581 -0.1118 -0.0707 -0.0500 0.0500 0.0500 0.0500 0.0500 0.0500 0.0500 0.0500 -0.0500 0.0500 0.0500 0.0500 0.0500 0.0500 0.0500 0.0500 -0.0500 -0.1000 -0.1500 -0.2000 -0.2500 -0.3000 -0.3500 -0.4000 -0.4500 -0.5000 -0.5500 -0.6000 -0.6500 -0.6500 -0.6500 -0.6500 -0.6519 -0.6500 -0.6000 -0.5500 -0.5000 -0.4500 -0.4000 -0.3500 -0.3000 -0.2500 -0.2000 -0.1500 -0.1000 -0.0500 0.0500 0.1000 0.1500 0.2000 0.2500 0.3000 0.3500 0.4000 0.4500 0.5000 0.5500 0.6000 0.6500 0.7000 0.7500 0.8000 0.8500 0.9000 0.9500 0.9500 0.9000 0.8500 0.8000 0.7500 0.7000 0.6500 0.6000 0.5500 0.5000 0.4500 0.4000 0.3500 0.3000 0.2500 0.2000 0.1500 0.1000 0.0500 -0.0500 -0.1000 -0.1500 -0.2000 -0.2500 -0.3000 -0.3500 -0.4000 -0.4500 -0.5000 -0.5500 -0.6000 -0.6500 -0.7000 -0.7500 -0.8000 -0.8500 -0.9000 -0.9500 -1.0000 -1.0500 -1.1000 -1.1500 -1.2000 -1.2500 -1.3000 -1.3500 -1.4000 -1.4500 -1.5000 -1.5500 -1.6000 -1.6500 -1.7000 -1.7500 -1.8000 -1.8500 -1.9000 -1.9500 -2.0000 -2.0500 -2.1000 -2.1500 -2.2000 -2.2500 -2.3000 -2.3500 -2.4000 -2.4000 -2.4000 -2.4000 -2.4005 -2.4021 -2.4047 -2.4083 -2.4130 -2.4187 -2.4187 -2.4130 -2.4083 -2.4047 -2.4021 -2.4005 -2.4000 -2.4000 -2.4000 -2.4000 -2.4005 -2.4021 -2.4047 -2.4083 -2.4130 -2.4187 -2.4254 -2.4331 -2.4418 -2.4500 -2.4500 -2.4500 -2.4500 -2.4500 -2.4500 -2.4418 -2.4331 -2.4254 -2.4187 -2.4130 -2.4083 -2.4047 -2.4021 -2.4005 -2.4000 -2.4000 -2.4000 -2.4005 -2.4021 -2.4047 -2.4083 -2.4130 -2.4083 -2.4047 -2.4021 -2.4005 -2.4000 -2.4005 -2.4021 -2.4047 -2.4083 -2.4130 -2.4187 -2.4254 -2.4331 -2.4418 -2.4500 -2.4500 -2.4500 -2.4500 -2.4500 -2.4500 -2.4500 -2.4500 -2.4500 -2.4500 -2.4500 -2.4500 -2.4500 -2.4500 -2.4500 -2.4500 -2.4500 -2.4500 -2.4500 -2.4500 -2.4500 -2.4500 -2.4500 -2.4500 -2.4500 -2.4500 -2.4500 -2.4500 -2.4500 -2.4500 -2.4500 -2.4500 -2.4500 -2.4500 -2.4500 -2.4500 -2.4500 -2.4500 -2.4500 -2.4500 -2.4500 -2.4500 -2.4500 -2.4500 -2.4500 -2.4500 -2.4500 -2.4500 -2.4500 -2.4500 -2.4500 -2.4500 -2.4500 -2.4500 -2.4500 -2.4500 -2.4500 -2.4500 -2.4500 -2.4500 -2.4500 -2.4500 -2.4500 -2.4500 -2.4500 -2.4500 -2.4500
-0.8000 -0.8000 -0.8000 -0.8000 -0.8000 -0.8000 -0.8000 -0.8000 -0.8000 -0.8000 -0.8016 -0.8062 -0.8139 -0.8201 -0.7906 -0.7632 -0.7382 -0.7159 -0.6964 -0.6801 -0.6671 -0.6576 -0.6519 -0.6500 -0.6083 -0.5590 -0.5099 -0.4610 -0.4123 -0.3640 -0.3162 -0.2693 -0.2236 -0.1803 -0.1414 -0.1118 -0.0707 -0.0500 -0.0500 -0.0500 -0.0500 -0.0500 -0.0500 -0.0500 -0.0707 -0.0500 -0.0500 -0.0500 -0.0500 -0.0500 -0.0500 -0.0500 -0.0707 -0.1118 -0.1581 -0.2062 -0.2550 -0.3041 -0.3536 -0.4031 -0.4528 -0.5025 -0.5523 -0.6021 -0.6519 -0.7000 -0.7000 -0.7000 -0.7000 -0.6500 -0.6000 -0.5500 -0.5000 -0.4500 -0.4000 -0.3500 -0.3000 -0.2500 -0.2000 -0.1500 -0.1000 -0.0500 0.0500 0.1000 0.1500 0.2000 0.2500 0.3000 0.3500 0.4000 0.4500 0.5000 0.5500 0.6000 0.6500 0.7000 0.7500 0.8000 0.8500 0.9000 0.9500 0.9500 0.9000 0.8500 0.8000 0.7500 0.7000 0.6500 0.6000 0.5500 0.5000 0.4500 0.4000 0.3500 0.3000 0.2500 0.2000 0.1500 0.1000 0.0500 -0.0500 -0.1000 -0.1500 -0.2000 -0.2500 -0.3000 -0.3500 -0.4000 -0.4500 -0.5000 -0.5500 -0.6000 -0.6500 -0.7000 -0.7500 -0.8000 -0.8500 -0.9000 -0.9500 -1.0000 -1.0500 -1.1000 -1.1500 -1.2000 -1.2500 -1.3000 -1.3500 -1.4000 -1.4500 -1.5000 -1.5500 -1.6000 -1.6500 -1.7000 -1.7500 -1.8000 -1.8500 -1.9000 -1.9500 -2.0000 -2.0500 -2.1000 -2.1500 -2.2000 -2.2500 -2.3000 -2.3500 -2.4000 -2.4500 -2.4500 -2.4500 -2.4505 -2.4520 -2.4546 -2.4581 -2.4627 -2.4683 -2.4683 -2.4627 -2.4581 -2.4546 -2.4520 -2.4505 -2.4500 -2.4500 -2.4500 -2.4500 -2.4505 -2.4520 -2.4546 -2.4581 -2.4627 -2.4683 -2.4749 -2.4824 -2.4910 -2.5000 -2.5000 -2.5000 -2.5000 -2.5000 -2.5000 -2.4910 -2.4824 -2.4749 -2.4683 -2.4627 -2.4581 -2.4546 -2.4520 -2.4505 -2.4500 -2.4500 -2.4500 -2.4505 -2.4520 -2.4546 -2.4581 -2.4627 -2.4581 -2.4546 -2.4520 -2.4505 -2.4500 -2.4505 -2.4520 -2.4546 -2.4581 -2.4627 -2.4683 -2.4749 -2.4824 -2.4910 -2.5000 -2.5000 -2.5000 -2.5000 -2.5000 -2.5000 -2.5000 -2.5000 -2.5000 -2.5000 -2.5000 -2.5000 -2.5000 -2.5000 -2.5000 -2.5000 -2.5000 -2.5000 -2.5000 -2.5000 -2.5000 -2.5000 -2.5000 -2.5000 -2.5000 -2.5000 -2.5000 -2.5000 -2.5000 -2.5000 -2.5000 -2.5000 -2.5000 -2.5000 -2.5000 -2.5000 -2.5000 -2.5000 -2.5000 -2.5000 -2.5000 -2.5000 -2.5000 -2.5000 -2.5000 -2.5000 -2.5000 -2.5000 -2.5000 -2.5000 -2.5000 -2.5000 -2.5000 -2.5000 -2.5000 -2.5000 -2.5000 -2.5000 -2.5000 -2.5000 -2.5000 -2.5000 -2.5000 -2.5000 -2.5000 -2.5000 -2.5000
-0.8500 -0.8500 -0.8500 -0.8500 -0.8500 -0.8500 -0.8500 -0.8500 -0.8500 -0.8500 -0.8515 -0.8559 -0.8631 -0.8602 -0.8322 -0.8062 -0.7826 -0.7616 -0.7433 -0.7280 -0.7159 -0.7071 -0.7018 -0.6671 -0.6185 -0.5701 -0.5220 -0.4743 -0.4272 -0.3808 -0.3354 -0.2915 -0.2500 -0.2121 -0.1803 -0.1414 -0.1118 -0.1000 -0.1000 -0.1000 -0.1000 -0.1000 -0.1000 -0.1000 -0.1118 -0.1000 -0.1000 -0.1000 -0.1000 -0.1000 -0.1000 -0.1000 -0.1118 -0.1414 -0.1803 -0.2236 -0.2693 -0.3162 -0.3640 -0.4123 -0.4610 -0.5099 -0.5590 -0.6083 -0.6576 -0.7071 -0.7500 -0.7500 -0.7000 -0.6500 -0.6000 -0.5500 -0.5000 -0.4500 -0.4000 -0.3500 -0.3000 -0.2500 -0.2000 -0.1500 -0.1000 -0.0500 0.0500 0.1000 0.1500 0.2000 0.2500 0.3000 0.3500 0.4000 0.4500 0.5000 0.5500 0.6000 0.6500 0.7000 0.7500 0.8000 0.8500 0.9000 0.9500 0.9500 0.9000 0.8500 0.8000 0.7500 0.7000 0.6500 0.6000 0.5500 0.5000 0.4500 0.4000 0.3500 0.3000 0.2500 0.2000 0.1500 0.1000 0.0500 -0.0500 -0.1000 -0.1500 -0.2000 -0.2500 -0.3000 -0.3500 -0.4000 -0.4500 -0.5000 -0.5500 -0.6000 -0.6500 -0.7000 -0.7500 -0.8000 -0.8500 -0.9000 -0.9500 -1.0000 -1.0500 -1.1000 -1.1500 -1.2000 -1.2500 -1.3000 -1.3500 -1.4000 -1.4500 -1.5000 -1.5500 -1.6000 -1.6500 -1.7000 -1.7500 -1.8000 -1.8500 -1.9000 -1.9500 -2.0000 -2.0500 -2.1000 -2.1500 -2.2000 -2.2500 -2.3000 -2.3500 -2.4000 -2.4500 -2.5000 -2.5000 -2.5005 -2.5020 -2.5045 -2.5080 -2.5125 -2.5179 -2.5179 -2.5125 -2.5080 -2.5045 -2.5020 -2.5005 -2.5000 -2.5000 -2.5000 -2.5000 -2.5005 -2.5020 -2.5045 -2.5080 -2.5125 -2.5179 -2.5244 -2.5318 -2.5402 -2.5495 -2.5500 -2.5500 -2.5500 -2.5500 -2.5495 -2.5402 -2.5318 -2.5244 -2.5179 -2.5125 -2.5080 -2.5045 -2.5020 -2.5005 -2.5000 -2.5000 -2.5000 -2.5005 -2.5020 -2.5045 -2.5080 -2.5125 -2.5080 -2.5045 -2.5020 -2.5005 -2.5000 -2.5005 -2.5020 -2.5045 -2.5080 -2.5125 -2.5179 -2.5244 -2.5318 -2.5402 -2.5495 -2.5500 -2.5500 -2.5500 -2.5500 -2.5500 -2.5500 -2.5500 -2.5500 -2.5500 -2.5500 -2.5500 -2.5500 -2.5500 -2.5500 -2.5500 -2.5500 -2.5500 -2.5500 -2.5500 -2.5500 -2.5500 -2.5500 -2.5500 -2.5500 -2.5500 -2.5500 -2.5500 -2.5500 -2.5500 -2.5500 -2.5500 -2.5500 -2.5500 -2.5500 -2.5500 -2.5500 -2.5500 -2.5500 -2.5500 -2.5500 -2.5500 -2.5500 -2.5500 -2.5500 -2.5500 -2.5500 -2.5500 -2.5500 -2.5500 -2.5500 -2.5500 -2.5500 -2.5500 -2.5500 -2.5500 -2.5500 -2.5500 -2.5500 -2.5500 -2.5500 -2.5500 -2.5500 -2.5500 -2.5500 -2.5500 -2.5500
-0.9000 -0.9000 -0.9000 -0.9000 -0.9000 -0.9000 -0.9000 -0.9000 -0.9000 -0.9000 -0.9014 -0.9055 -0.9124 -0.9014 -0.8746 -0.8500 -0.8276 -0.8078 -0.7906 -0.7762 -0.7649 -0.7566 -0.7280 -0.6801 -0.6325 -0.5852 -0.5385 -0.4924 -0.4472 -0.4031 -0.3606 -0.3202 -0.2828 -0.2500 -0.2121 -0.1803 -0.1581 -0.1500 -0.1500 -0.1500 -0.1500 -0.1500 -0.1500 -0.1500 -0.1581 -0.1500 -0.1500 -0.1500 -0.1500 -0.1500 -0.1500 -0.1500 -0.1581 -0.1803 -0.2121 -0.2500 -0.2915 -0.3354 -0.3808 -0.4272 -0.4743 -0.5220 -0.5701 -0.6185 -0.6671 -0.7159 -0.7649 -0.7500 -0.7000 -0.6500 -0.6000 -0.5500 -0.5000 -0.4500 -0.4000 -0.3500 -0.3000 -0.2500 -0.2000 -0.1500 -0.1000 -0.0500 0.0500 0.1000 0.1500 0.2000 0.2500 0.3000 0.3500 0.4000 0.4500 0.5000 0.5500 0.6000 0.6500 0.7000 0.7500 0.8000 0.8500 0.9000 0.9500 0.9500 0.9000 0.8500 0.8000 0.7500 0.7000 0.6500 0.6000 0.5500 0.5000 0.4500 0.4000 0.3500 0.3000 0.2500 0.2000 0.1500 0.1000 0.0500 -0.0500 -0.1000 -0.1500 -0.2000 -0.2500 -0.3000 -0.3500 -0.4000 -0.4500 -0.5000 -0.5500 -0.6000 -0.6500 -0.7000 -0.7500 -0.8000 -0.8500 -0.9000 -0.9500 -1.0000 -1.0500 -1.1000 -1.1500 -1.2000 -1.2500 -1.3000 -1.3500 -1.4000 -1.4500 -1.5000 -1.5500 -1.6000 -1.6500 -1.7000 -1.7500 -1.8000 -1.8500 -1.9000 -1.9500 -2.0000 -2.0500 -2.1000 -2.1500 -2.2000 -2.2500 -2.3000 -2.3500 -2.4000 -2.4500 -2.5000 -2.5500 -2.5505 -2.5520 -2.5544 -2.5578 -2.5622 -2.5676 -2.5676 -2.5622 -2.5578 -2.5544 -2.5520 -2.5505 -2.5500 -2.5500 -2.5500 -2.5500 -2.5505 -2.5520 -2.5544 -2.5578 -2.5622 -2.5676 -2.5739 -2.5812 -2.5894 -2.5986 -2.6000 -2.6000 -2.6000 -2.6000 -2.5986 -2.5894 -2.5812 -2.5739 -2.5676 -2.5622 -2.5578 -2.5544 -2.5520 -2.5505 -2.5500 -2.5500 -2.5500 -2.5505 -2.5520 -2.5544 -2.5578 -2.5622 -2.5578 -2.5544 -2.5520 -2.5505 -2.5500 -2.5505 -2.5520 -2.5544 -2.5578 -2.5622 -2.5676 -2.5739 -2.5812 -2.5894 -2.5986 -2.6000 -2.6000 -2.6000 -2.6000 -2.6000 -2.6000 -2.6000 -2.6000 -2.6000 -2.6000 -2.6000 -2.6000 -2.6000 -2.6000 -2.6000 -2.6000 -2.6000 -2.6000 -2.6000 -2.6000 -2.6000 -2.6000 -2.6000 -2.6000 -2.6000 -2.6000 -2.6000 -2.6000 -2.6000 -2.6000 -2.6000 -2.6000 -2.6000 -2.6000 -2.6000 -2.6000 -2.6000 -2.6000 -2.6000 -2.6000 -2.6000 -2.6000 -2.6000 -2.6000 -2.6000 -2.6000 -2.6000 -2.6000 -2.6000 -2.6000 -2.6000 -2.6000 -2.6000 -2.6000 -2.6000 -2.6000 -2.6000 -2.6000 -2.6000 -2.6000 -2.6000 -2.6000 -2.6000 -2.6000 -2.6000 -2.6000
-0.9500 -0.9500 -0.9500 -0.9500 -0.9500 -0.9500 -0.9500 -0.9500 -0.9500 -0.9500 -0.9513 -0.9552 -0.9618 -0.9434 -0.9179 -0.8944 -0.8732 -0.8544 -0.8382 -0.8246 -0.8139 -0.7906 -0.7433 -0.6964 -0.6500 -0.6042 -0.5590 -0.5148 -0.4717 -0.4301 -0.3905 -0.3536 -0.3202 -0.2828 -0.2500 -0.2236 -0.2062 -0.2000 -0.2000 -0.2000 -0.2000 -0.2000 -0.2000 -0.2000 -0.2062 -0.2000 -0.2000 -0.2000 -0.2000 -0.2000 -0.2000 -0.2000 -0.2062 -0.2236 -0.2500 -0.2828 -0.3202 -0.3606 -0.4031 -0.4472 -0.4924 -0.5385 -0.5852 -0.6325 -0.6801 -0.7280 -0.7762 -0.7500 -0.7000 -0.6500 -0.6000 -0.5500 -0.5000 -0.4500 -0.4000 -0.3500 -0.3000 -0.2500 -0.2000 -0.1500 -0.1000 -0.0500 0.0500 0.1000 0.1500 0.2000 0.2500 0.3000 0.3500 0.4000 0.4500 0.5000 0.5500 0.6000 0.6500 0.7000 0.7500 0.8000 0.8500 0.9000 0.9500 0.9500 0.9000 0.8500 0.8000 0.7500 0.7000 0.6500 0.6000 0.5500 0.5000 0.4500 0.4000 0.3500 0.3000 0.2500 0.2000 0.1500 0.1000 0.0500 -0.0500 -0.1000 -0.1500 -0.2000 -0.2500 -0.3000 -0.3500 -0.4000 -0.4500 -0.5000 -0.5500 -0.6000 -0.6500 -0.7000 -0.7500 -0.8000 -0.8500 -0.9000 -0.9500 -1.0000 -1.0500 -1.1000 -1.1500 -1.2000 -1.2500 -1.3000 -1.3500 -1.4000 -1.4500 -1.5000 -1.5500 -1.6000 -1.6500 -1.7000 -1.7500 -1.8000 -1.8500 -1.9000 -1.9500 -2.0000 -2.0500 -2.1000 -2.1500 -2.2000 -2.2500 -2.3000 -2.3500 -2.4000 -2.4500 -2.5000 -2.5500 -2.6000 -2.6019 -2.6043 -2.6077 -2.6120 -2.6173 -2.6173 -2.6120 -2.6077 -2.6043 -2.6019 -2.6005 -2.6000 -2.6000 -2.6000 -2.6000 -2.6005 -2.6019 -2.6043 -2.6077 -2.6120 -2.6173 -2.6235 -2.6306 -2.6387 -2.6476 -2.6500 -2.6500 -2.6500 -2.6500 -2.6476 -2.6387 -2.6306 -2.6235 -2.6173 -2.6120 -2.6077 -2.6043 -2.6019 -2.6005 -2.6000 -2.6000 -2.6000 -2.6005 -2.6019 -2.6043 -2.6077 -2.6120 -2.6077 -2.6043 -2.6019 -2.6005 -2.6000 -2.6005 -2.6019 -2.6043 -2.6077 -2.6120 -2.6173 -2.6235 -2.6306 -2.6387 -2.6476 -2.6500 -2.6500 -2.6500 -2.6500 -2.6500 -2.6500 -2.6500 -2.6500 -2.6500 -2.6500 -2.6500 -2.6500 -2.6500 -2.6500 -2.6500 -2.6500 -2.6500 -2.6500 -2.6500 -2.6500 -2.6500 -2.6500 -2.6500 -2.6500 -2.6500 -2.6500 -2.6500 -2.6500 -2.6500 -2.6500 -2.6500 -2.6500 -2.6500 -2.6500 -2.6500 -2.6500 -2.6500 -2.6500 -2.6500 -2.6500 -2.6500 -2.6500 -2.6500 -2.6500 -2.6500 -2.6500 -2.6500 -2.6500 -2.6500 -2.6500 -2.6500 -2.6500 -2.6500 -2.6500 -2.6500 -2.6500 -2.6500 -2.6500 -2.6500 -2.6500 -2.6500 -2.6500 -2.6500 -2.6500 -2.6500 -2.6500
